source_hpf,target_hpf,matrix,path,shape,nnz
12.0,14.0,M0_raw,/net/dali/home/mscbio/jis322/dynamo/blood_growth_graphvelo_moscot_v2/results/couplings_no_topk/12_to_14_hpf_M0_raw.npz,"(19, 77)",973
12.0,14.0,M0_cond,/net/dali/home/mscbio/jis322/dynamo/blood_growth_graphvelo_moscot_v2/results/couplings_no_topk/12_to_14_hpf_M0_cond.npz,"(19, 77)",973
12.0,14.0,M1_raw,/net/dali/home/mscbio/jis322/dynamo/blood_growth_graphvelo_moscot_v2/results/couplings_no_topk/12_to_14_hpf_M1_raw.npz,"(19, 77)",973
12.0,14.0,M1_cond,/net/dali/home/mscbio/jis322/dynamo/blood_growth_graphvelo_moscot_v2/results/couplings_no_topk/12_to_14_hpf_M1_cond.npz,"(19, 77)",973
14.0,16.0,M0_raw,/net/dali/home/mscbio/jis322/dynamo/blood_growth_graphvelo_moscot_v2/results/couplings_no_topk/14_to_16_hpf_M0_raw.npz,"(77, 186)",10411
14.0,16.0,M0_cond,/net/dali/home/mscbio/jis322/dynamo/blood_growth_graphvelo_moscot_v2/results/couplings_no_topk/14_to_16_hpf_M0_cond.npz,"(77, 186)",10411
14.0,16.0,M1_raw,/net/dali/home/mscbio/jis322/dynamo/blood_growth_graphvelo_moscot_v2/results/couplings_no_topk/14_to_16_hpf_M1_raw.npz,"(77, 186)",10411
14.0,16.0,M1_cond,/net/dali/home/mscbio/jis322/dynamo/blood_growth_graphvelo_moscot_v2/results/couplings_no_topk/14_to_16_hpf_M1_cond.npz,"(77, 186)",10411
16.0,19.0,M0_raw,/net/dali/home/mscbio/jis322/dynamo/blood_growth_graphvelo_moscot_v2/results/couplings_no_topk/16_to_19_hpf_M0_raw.npz,"(186, 79)",10376
16.0,19.0,M0_cond,/net/dali/home/mscbio/jis322/dynamo/blood_growth_graphvelo_moscot_v2/results/couplings_no_topk/16_to_19_hpf_M0_cond.npz,"(186, 79)",10376
16.0,19.0,M1_raw,/net/dali/home/mscbio/jis322/dynamo/blood_growth_graphvelo_moscot_v2/results/couplings_no_topk/16_to_19_hpf_M1_raw.npz,"(186, 79)",10376
16.0,19.0,M1_cond,/net/dali/home/mscbio/jis322/dynamo/blood_growth_graphvelo_moscot_v2/results/couplings_no_topk/16_to_19_hpf_M1_cond.npz,"(186, 79)",10376
19.0,24.0,M0_raw,/net/dali/home/mscbio/jis322/dynamo/blood_growth_graphvelo_moscot_v2/results/couplings_no_topk/19_to_24_hpf_M0_raw.npz,"(79, 1177)",55575
19.0,24.0,M0_cond,/net/dali/home/mscbio/jis322/dynamo/blood_growth_graphvelo_moscot_v2/results/couplings_no_topk/19_to_24_hpf_M0_cond.npz,"(79, 1177)",55575
19.0,24.0,M1_raw,/net/dali/home/mscbio/jis322/dynamo/blood_growth_graphvelo_moscot_v2/results/couplings_no_topk/19_to_24_hpf_M1_raw.npz,"(79, 1177)",55564
19.0,24.0,M1_cond,/net/dali/home/mscbio/jis322/dynamo/blood_growth_graphvelo_moscot_v2/results/couplings_no_topk/19_to_24_hpf_M1_cond.npz,"(79, 1177)",55564
24.0,48.0,M0_raw,/net/dali/home/mscbio/jis322/dynamo/blood_growth_graphvelo_moscot_v2/results/couplings_no_topk/24_to_48_hpf_M0_raw.npz,"(1177, 466)",411803
24.0,48.0,M0_cond,/net/dali/home/mscbio/jis322/dynamo/blood_growth_graphvelo_moscot_v2/results/couplings_no_topk/24_to_48_hpf_M0_cond.npz,"(1177, 466)",411803
24.0,48.0,M1_raw,/net/dali/home/mscbio/jis322/dynamo/blood_growth_graphvelo_moscot_v2/results/couplings_no_topk/24_to_48_hpf_M1_raw.npz,"(1177, 466)",411996
24.0,48.0,M1_cond,/net/dali/home/mscbio/jis322/dynamo/blood_growth_graphvelo_moscot_v2/results/couplings_no_topk/24_to_48_hpf_M1_cond.npz,"(1177, 466)",411996
48.0,72.0,M0_raw,/net/dali/home/mscbio/jis322/dynamo/blood_growth_graphvelo_moscot_v2/results/couplings_no_topk/48_to_72_hpf_M0_raw.npz,"(466, 528)",150450
48.0,72.0,M0_cond,/net/dali/home/mscbio/jis322/dynamo/blood_growth_graphvelo_moscot_v2/results/couplings_no_topk/48_to_72_hpf_M0_cond.npz,"(466, 528)",150450
48.0,72.0,M1_raw,/net/dali/home/mscbio/jis322/dynamo/blood_growth_graphvelo_moscot_v2/results/couplings_no_topk/48_to_72_hpf_M1_raw.npz,"(466, 528)",150429
48.0,72.0,M1_cond,/net/dali/home/mscbio/jis322/dynamo/blood_growth_graphvelo_moscot_v2/results/couplings_no_topk/48_to_72_hpf_M1_cond.npz,"(466, 528)",150429
72.0,120.0,M0_raw,/net/dali/home/mscbio/jis322/dynamo/blood_growth_graphvelo_moscot_v2/results/couplings_no_topk/72_to_120_hpf_M0_raw.npz,"(528, 1456)",466180
72.0,120.0,M0_cond,/net/dali/home/mscbio/jis322/dynamo/blood_growth_graphvelo_moscot_v2/results/couplings_no_topk/72_to_120_hpf_M0_cond.npz,"(528, 1456)",466180
72.0,120.0,M1_raw,/net/dali/home/mscbio/jis322/dynamo/blood_growth_graphvelo_moscot_v2/results/couplings_no_topk/72_to_120_hpf_M1_raw.npz,"(528, 1456)",466122
72.0,120.0,M1_cond,/net/dali/home/mscbio/jis322/dynamo/blood_growth_graphvelo_moscot_v2/results/couplings_no_topk/72_to_120_hpf_M1_cond.npz,"(528, 1456)",466122
120.0,240.0,M0_raw,/net/dali/home/mscbio/jis322/dynamo/blood_growth_graphvelo_moscot_v2/results/couplings_no_topk/120_to_240_hpf_M0_raw.npz,"(1456, 1438)",1315571
120.0,240.0,M0_cond,/net/dali/home/mscbio/jis322/dynamo/blood_growth_graphvelo_moscot_v2/results/couplings_no_topk/120_to_240_hpf_M0_cond.npz,"(1456, 1438)",1315571
120.0,240.0,M1_raw,/net/dali/home/mscbio/jis322/dynamo/blood_growth_graphvelo_moscot_v2/results/couplings_no_topk/120_to_240_hpf_M1_raw.npz,"(1456, 1438)",1315781
120.0,240.0,M1_cond,/net/dali/home/mscbio/jis322/dynamo/blood_growth_graphvelo_moscot_v2/results/couplings_no_topk/120_to_240_hpf_M1_cond.npz,"(1456, 1438)",1315781
