official_fine_cell_type,gene,n_independent_fish,mean_within_fish_log2cpm_difference,sd_within_fish_log2cpm_difference,t_statistic,p_value,fdr_bh
erythroblast,hbae1.3-1,21,6.592868706438141,3.0724574788489964,9.833275188393008,4.194345250437342e-09,3.15096435636984e-07
erythroblast,hbae3,21,6.512327625496864,3.1824091651435067,9.377560441020682,9.218035622663602e-09,5.308562780013408e-07
erythroblast,hbbe1.1,21,6.440722472371364,3.1892087080785796,9.25467755844271,1.1447476946801123e-08,6.21904019872255e-07
erythroblast,hbbe1.3,21,6.390756592539043,3.1570913550583932,9.276299777142986,1.1017905477152111e-08,6.030809621061639e-07
erythroblast,hbbe1.2,21,6.243561465435123,3.3485594224019444,8.544448346967835,4.153612261758157e-08,1.7228045281456026e-06
erythroblast,hbae1.3,21,6.219216395489626,3.0239571730962025,9.424746537154395,8.486485264620243e-09,4.996281614481896e-07
erythroblast,epb41b,21,6.214795323228158,2.7534518001074946,10.343297092122233,1.788168923749744e-09,1.8102735949473882e-07
erythroblast,hemgn,21,6.112027784593893,2.78350010150893,10.06244977587435,2.8490264235998667e-09,2.4274236003559735e-07
erythroblast,hbbe2,21,6.052770711000816,3.262236026435666,8.502536212157157,4.4908359393454625e-08,1.8334238689872434e-06
erythroblast,alas2,21,5.949703142116923,2.919285506578632,9.339602087505863,9.85397540296815e-09,5.574099282070745e-07
erythroblast,hbae1.1,21,5.848194629445742,3.0780536794471702,8.706733981677237,3.0767068913442225e-08,1.372511440065508e-06
erythroblast,cahz,21,5.703945220120904,2.911129062448828,8.978908241566517,1.8739726206119422e-08,9.347716153907025e-07
erythroblast,si:ch211-250g4.3,21,5.703577224139784,3.308708743407378,7.8994787358436875,1.416355517967866e-07,4.356245923256547e-06
erythroblast,slc4a1a,21,5.701611748013578,2.249885868292432,11.61306348323873,2.420795881903793e-10,5.676455984617996e-08
erythroblast,si:ch211-207c6.2,21,5.636467497982573,2.7304429129628653,9.459834827176547,7.981787427573857e-09,4.785113576305845e-07
erythroblast,nmt1b,21,5.4601231996228865,2.4806799636208594,10.086519919133172,2.73657425864806e-09,2.3834258662225244e-07
erythroblast,nt5c2l1,21,5.225950351223407,2.27626826457077,10.520865855447925,1.338089734336125e-09,1.521183801488217e-07
erythroblast,zgc:163057,21,5.206253354243896,2.284928120786285,10.441488231468048,1.5226118126780613e-09,1.610928290183045e-07
erythroblast,si:ch211-227m13.1,21,5.158116490744796,1.9585347227831431,12.06895082699805,1.2285661498416804e-10,4.012584800107917e-08
erythroblast,add2,21,5.131877316170259,1.9962429515338354,11.780738532104683,1.8819642036678159e-10,5.2076571912036204e-08
hematopoietic_stem_and_progenitor_HSPC,ccl38.6,17,3.610137084498897,2.956203240445142,5.035166837888649,0.00012191566458952633,0.003275961075429633
hematopoietic_stem_and_progenitor_HSPC,mef2b,17,3.2622188557913243,2.891840941281029,4.651180057763108,0.00026621963786214726,0.005235652877955563
hematopoietic_stem_and_progenitor_HSPC,si:ch211-214p16.1,17,3.2181618341910174,2.0023038890218685,6.626776902072987,5.819113153994588e-06,0.0006163991095746777
hematopoietic_stem_and_progenitor_HSPC,BX005105.1,17,3.1978181533491274,3.0257054684298343,4.357642260738051,0.0004883910229121842,0.007905204465766296
hematopoietic_stem_and_progenitor_HSPC,CT573231.1,17,3.085037255111456,2.5964843125138652,4.898906725715943,0.0001605578719960562,0.0038471604969821183
hematopoietic_stem_and_progenitor_HSPC,si:dkey-183i3.6,17,2.980437715098403,2.5135698472274672,4.888927006933975,0.0001638416444089811,0.0038985216950220268
hematopoietic_stem_and_progenitor_HSPC,si:ch211-167j9.5,17,2.9235757940736025,2.292533352086477,5.258031161245148,7.807325825543553e-05,0.0025992218263409597
hematopoietic_stem_and_progenitor_HSPC,tox2,17,2.8891110709428496,1.6744186020738525,7.114176881984572,2.454497487082573e-06,0.00039612597464650385
hematopoietic_stem_and_progenitor_HSPC,cd226,17,2.8379916447042794,2.4565263030543516,4.76336821681377,0.00021156539825849239,0.004520480296901666
hematopoietic_stem_and_progenitor_HSPC,zgc:136858,17,2.823903972853762,1.059305476178649,10.991403913703365,7.260282319822321e-09,4.411627943519815e-05
hematopoietic_stem_and_progenitor_HSPC,si:ch211-196f2.6,17,2.7231763457081386,2.489361336658103,4.510371212566258,0.0003558286215111512,0.006355571765077105
hematopoietic_stem_and_progenitor_HSPC,CR936442.1,17,2.71561563049972,2.07079069708275,5.407002310229722,5.8154204497930883e-05,0.0022189407542077427
hematopoietic_stem_and_progenitor_HSPC,si:ch211-119e14.1,17,2.642851993884661,2.1372605192600753,5.098469665005172,0.0001073549082374179,0.003086976448240948
hematopoietic_stem_and_progenitor_HSPC,nkl.4,17,2.631918901989916,3.4675086140990863,3.129532133486427,0.00646697318394208,0.04368909364724229
hematopoietic_stem_and_progenitor_HSPC,si:ch211-214p16.2,17,2.6145136547295387,2.908128401306975,3.706822557499465,0.0019145818416426222,0.019570250680128666
hematopoietic_stem_and_progenitor_HSPC,il2rb,17,2.593177365516705,2.2247676770084817,4.805869976663432,0.00019399168769358997,0.004294775355264838
hematopoietic_stem_and_progenitor_HSPC,si:ch211-93g21.1,17,2.5543687755426294,1.9615580994915522,5.369166618654758,6.265515649091459e-05,0.002313518463429666
hematopoietic_stem_and_progenitor_HSPC,nkl.1,17,2.5292311300571373,2.9601251438819425,3.522921023247726,0.0028234887603940145,0.02538699601682784
hematopoietic_stem_and_progenitor_HSPC,si:dkey-19b23.10,17,2.4754275482871297,1.98471335509532,5.142530645016702,9.82866844424602e-05,0.002953007156897814
hematopoietic_stem_and_progenitor_HSPC,si:cabz01036006.1,17,2.4555265497142007,1.7958074392276364,5.637795628764391,3.7051833632855225e-05,0.0017417989457675193
innate-lymphoid-cell,si:dkey-21e2.16,7,12.642302809190108,1.1266399156775153,29.688624348246872,9.683415168565208e-08,0.0002508494656673265
innate-lymphoid-cell,si:dkey-21e2.15,7,12.47703523446902,1.3413995986458842,24.6094693655191,2.9610800134424274e-07,0.0002878162185493345
innate-lymphoid-cell,si:dkey-21e2.10,7,12.1875356479259,1.748459033317195,18.44206115482756,1.6387263280695936e-06,0.0006158692713779356
innate-lymphoid-cell,si:dkey-21e2.13,7,11.483189244875108,0.40079242947225313,75.8039842215494,3.5478219496364655e-10,9.733449518827643e-06
innate-lymphoid-cell,si:dkey-21e2.8,7,11.424142860838845,2.8883446667166695,10.464624011168437,4.467968945322604e-05,0.0035841733337697557
innate-lymphoid-cell,si:dkey-21e2.12-1,7,9.213374789549013,1.4207396766471991,17.15747003441498,2.509436749593091e-06,0.000782345423012346
innate-lymphoid-cell,si:ch1073-110a20.3,7,9.120936989733835,0.9577274028343329,25.196868051712315,2.5733559436049167e-07,0.0002878162185493345
innate-lymphoid-cell,si:dkey-78l4.5,7,8.913244042243488,1.590509361599874,14.826839552131455,5.919759748063055e-06,0.0012120045424485815
innate-lymphoid-cell,si:ch211-212d10.1,7,8.625700305260814,1.4999531494467018,15.214780474918399,5.087780354930574e-06,0.0011198786675706506
innate-lymphoid-cell,si:dkey-78l4.2,7,8.578019833559809,2.263717980462661,10.025677852477205,5.707887983210538e-05,0.0040425539838618
innate-lymphoid-cell,zmp:0000001323,7,8.574378832826607,1.5698574613035106,14.450785881973461,6.88097420173837e-06,0.0013201365540188267
innate-lymphoid-cell,CR847844.1,7,8.435544325352492,0.8217016889944347,27.161137377795974,1.6458138808135147e-07,0.0002508494656673265
innate-lymphoid-cell,si:zfos-2330d3.7-1,7,8.387936046166105,0.8407939027410231,26.39456913153365,1.9518166297217786e-07,0.00027852536584858597
innate-lymphoid-cell,si:ch1073-110a20.1,7,7.471483549248475,0.5974905164709149,33.08452075989384,5.0736704609733303e-08,0.0002508494656673265
innate-lymphoid-cell,si:ch73-359m17.2,7,7.424316004127655,2.8441494280811472,6.9064211632969545,0.0004555206557092562,0.012409651971919162
innate-lymphoid-cell,FO203432.1,7,7.129475185080568,1.2109506024825616,15.576868519210317,4.431661910446388e-06,0.0010391679018213389
innate-lymphoid-cell,il13,7,7.0154979765871905,2.168675843502521,8.558800073757986,0.00013963302082567998,0.006438372985466437
innate-lymphoid-cell,si:ch1073-110a20.2,7,6.986074842977783,1.0875478959067775,16.99549669910647,2.6537275068533164e-06,0.000791358849462182
innate-lymphoid-cell,si:dkey-8e10.2,7,6.880034544050824,1.3133103898437213,13.860288135890107,8.782044947163367e-06,0.0014749364541770914
innate-lymphoid-cell,gata2a,7,6.867897572787959,0.9158082154948715,19.841216425037434,1.0632776395956058e-06,0.0005099932237554476
macrophage,si:ch211-194m7.3,21,3.908564777369926,2.1214192379059984,8.443071332102988,5.0187530454881364e-08,3.179895838405705e-06
macrophage,zgc:174904,21,3.780418293389757,1.909570569174862,9.07222454498771,1.584424003705589e-08,1.384352628715377e-06
macrophage,ccl34a.4,21,3.75213779831578,2.007415081658547,8.565470906236678,3.9944655747678144e-08,2.6925838585689185e-06
macrophage,si:ch211-147m6.1,21,3.7486073183228603,2.0945911310732983,8.20125538203608,7.924014987369009e-08,4.418604698749365e-06
macrophage,ctsl.1,21,3.733611611905665,2.302001972052207,7.432468796658255,3.563821464615066e-07,1.4008823779745207e-05
macrophage,ctss2.2,21,3.7319478492777307,1.4788336407455496,11.564474216532536,2.6053612410802366e-10,7.167519303787931e-08
macrophage,lygl1,21,3.691435861550814,1.4143141959013934,11.96076819963599,1.4405162491588929e-10,4.542593482261405e-08
macrophage,mpeg1.1,21,3.6547115796334553,1.573507487012582,10.64373229561126,1.0970678604031244e-09,1.8452367706490076e-07
macrophage,sftpbb,21,3.473982908044342,1.964944426623648,8.101903251508688,9.580888515741054e-08,5.054839931333765e-06
macrophage,grna,21,3.4427488395171135,1.0660281603230912,14.799475044849629,3.083641826327671e-12,3.845441522968166e-09
macrophage,MFAP4-3,21,3.366918038641366,1.718207846035473,8.979796481774283,1.8709715487263398e-08,1.542085838134861e-06
macrophage,marco,21,3.3558409376795715,1.889899425575386,8.137150003348044,8.955437822821703e-08,4.8460046680298506e-06
macrophage,slc2a6,21,3.3542820226581105,1.5410163174676732,9.974749194297758,3.301134403834154e-09,4.2128867618844593e-07
macrophage,tnfb,21,3.317953294965769,1.5832237883798785,9.603678417482536,6.217458917777933e-09,6.823039416369504e-07
macrophage,mfap4,21,3.241956751153738,1.670544797022234,8.893213901487124,2.188360964953489e-08,1.740222697782579e-06
macrophage,dnase2,21,3.2360019009052015,1.6569443944095932,8.949741288815584,1.9753471730033738e-08,1.6050636072012573e-06
macrophage,ctsk,21,3.1774630287221686,1.3226057917513636,11.0093006834347,6.134339525225318e-10,1.265380487778621e-07
macrophage,slc43a2b,21,3.150804147892351,1.6670146417554776,8.661470718992915,3.344195345952677e-08,2.3345546899799416e-06
macrophage,calhm6,21,3.142040746178996,1.2269914359899543,11.73491446937749,2.0154732596868355e-10,5.945646116076165e-08
macrophage,abcg2a,21,3.1396123648386145,1.6832147787661311,8.547638421544116,4.129045364036605e-08,2.7562131280375733e-06
macrophage_immature,hist1h4l-14,15,3.565196436426965,2.2190463851835247,6.2224685867022504,2.2279051164578e-05,0.0059924094970607595
macrophage_immature,si:dkey-108k21.10,15,3.51154840865753,2.362389614586428,5.756954069793728,4.9633946828662997e-05,0.007913024804337261
macrophage_immature,hist1h2a6,15,3.3227551382767144,2.460933532193777,5.229306336688788,0.00012757061657635974,0.011697482647166113
macrophage_immature,CR762436.1,15,3.2664781648255357,1.6439954919561393,7.695286024213129,2.145765366993979e-06,0.0029963554800210845
macrophage_immature,si:dkey-261m9.12,15,3.188757534689424,2.6605949185084183,4.641820797684306,0.0003809508641945516,0.02005472084300481
macrophage_immature,FQ312024.1,15,3.18174724902555,2.1761117950955127,5.662785402427521,5.8578189665348376e-05,0.008526482756620057
macrophage_immature,hist2h3c,15,3.1582742241465183,2.1270159736706638,5.7507529911806605,5.017656228182163e-05,0.007913024804337261
macrophage_immature,top2a,15,3.1303511524710945,1.9785357826453513,6.127661671648883,2.6163053055933118e-05,0.00625029954229864
macrophage_immature,si:ch1073-153i20.5,15,3.1295455242681673,1.9605651491730698,6.182236638145307,2.3847739738335732e-05,0.0060374459532777066
macrophage_immature,CU459186.5,15,3.0860401391104317,1.9940343010393737,5.993970142977153,3.288702682072983e-05,0.006683374672790541
macrophage_immature,zgc:173552-3,15,3.035990448476348,1.784318783847522,6.589820469658008,1.209377260567433e-05,0.005296471370034117
macrophage_immature,hist1h2a1,15,3.0270807835581386,2.1240476494052896,5.519571778734679,7.554129801507797e-05,0.009569966588417581
macrophage_immature,hist1h2a3-1,15,3.0111022415462605,2.8615896021356018,4.0753393940672655,0.0011355523357777625,0.03532185751934571
macrophage_immature,zgc:173585,15,2.9848708397680754,2.3996050256076145,4.817607451907489,0.00027337272911199265,0.01681610050042044
macrophage_immature,CR762436.2,15,2.971264131885362,2.2654536155647236,5.079625740696024,0.0001678809592152046,0.013162640317750168
macrophage_immature,zgc:173552-5,15,2.9275230983132654,1.9040021904631337,5.954955441856333,3.517357294347581e-05,0.0068261810526794395
macrophage_immature,si:ch211-113a14.12,15,2.9200654102102255,2.4458796078479677,4.623843572387111,0.000394181140376876,0.020251609712059162
macrophage_immature,hist1h2a11-4,15,2.9150225541875914,2.004376031914532,5.632592700384554,6.179016971337336e-05,0.008737271584373353
macrophage_immature,si:dkey-108k21.19,15,2.871457583762538,2.0888105268576833,5.324134122391375,0.00010736569923608056,0.01107879410710805
macrophage_immature,zgc:173552-1,15,2.8307106897843806,1.7524719102858048,6.255903615412728,2.1057779130274653e-05,0.0059924094970607595
microglia,apoeb,12,5.003523405374243,2.122977002181024,8.164343510141581,5.381008084907775e-06,0.00036451347360356745
microglia,mcamb,12,4.958819864762012,1.1422899979433092,15.038086592395944,1.1096359228156835e-08,8.456350428457855e-06
microglia,apoc1,12,4.801506929379183,1.7740889327004539,9.375464556807499,1.4027747319242958e-06,0.00015033251863415256
microglia,mafaa,12,4.764087572308571,1.6182321778878956,10.198340929934904,6.073471664209558e-07,8.946814082314151e-05
microglia,BX539325.2,12,4.6574871133942715,0.8396383989339061,19.215424940638517,8.20653134481508e-10,2.4283757101243e-06
microglia,slco2b1,12,4.5798846508514535,1.2443085464984323,12.750202400204376,6.22227584974146e-08,2.5932504946575795e-05
microglia,pdgfd,12,4.57741399704353,2.2560458178831335,7.028504073197886,2.1868395194610595e-05,0.0009692397773249462
microglia,g0s2,12,4.478202278688405,3.399748526561394,4.562969180020009,0.0008126800376578875,0.010931821273967704
microglia,sall3a,12,4.447692558755449,2.616824953061213,5.887768288970652,0.00010496368355397837,0.0027137981992503587
microglia,si:ch73-86n18.1,12,4.21925564816758,0.9616853462848096,15.198245831612992,9.924692215612815e-09,8.00835090986287e-06
microglia,glula,12,4.1547027689042855,1.0069135105393943,14.2934943483565,1.8917538669143736e-08,1.2357206509237105e-05
microglia,ccl34b.1,12,4.148485728620253,0.9076768568052563,15.832480474901672,6.446047626903777e-09,5.971763127910118e-06
microglia,tgm2l,12,4.146296772112181,1.9771355263946153,7.264647847032577,1.6137437554638092e-05,0.0007934240131030396
microglia,p2ry12,12,3.9453435276290256,1.3980474260832119,9.775827794785789,9.268453578247081e-07,0.00011701352718638874
microglia,hbegfb,12,3.9116353504813914,2.200435841528787,6.158008372567791,7.126177810958033e-05,0.002095371278144859
microglia,stab1,12,3.864838250750937,0.838149289627378,15.97351759687654,5.868900537561862e-09,5.971763127910118e-06
microglia,abi1b,12,3.7454288234854225,1.145389030411367,11.327632526880004,2.09936953749326e-07,5.364611400329878e-05
microglia,srgap2,12,3.539166703514263,0.9189381333623,13.341521750792214,3.886257596331588e-08,1.974434762136243e-05
microglia,CR759843.2,12,3.480800874116983,2.3508900301414064,5.129056559602776,0.0003287932676005589,0.005789758213492513
microglia,si:ch73-158p21.2,12,3.47783525727802,0.6680372162106791,18.03428677261054,1.6166129656990377e-09,3.677529954982866e-06
neutrophil,lyz,14,10.44690732954447,1.6229011738896042,24.085722906250023,3.5973749204883005e-12,4.6997133782665014e-09
neutrophil,npsn,14,9.214675605236582,1.7154531971079825,20.098571679591444,3.5697994688581676e-11,2.3318440101934243e-08
neutrophil,mmp13a-1,14,7.972327441773567,1.5222234822051828,19.59614879878188,4.912560780920894e-11,2.995024556101438e-08
neutrophil,si:ch1073-429i10.1,14,7.8669936795018405,1.2099004300666545,24.328940035991504,3.1652605096264974e-12,4.570469583242261e-09
neutrophil,ch25hl2,14,7.740684030295321,0.9848390151472172,29.408854782533247,2.803696766884557e-13,6.992674618134346e-10
neutrophil,mpx,14,7.740505979649677,2.160900210060419,13.402896275027105,5.4895556480990096e-09,1.1409542364060328e-06
neutrophil,abcc13,14,7.047400147602622,1.0691040763200115,24.66453678728298,2.6582356880618185e-12,4.289923300116235e-09
neutrophil,abcb9,14,7.021006080662163,0.6493478244983822,40.456282862867724,4.6301377620063434e-15,4.234260983354801e-11
neutrophil,CR354540.1,14,6.80564951803955,0.750238301201773,33.94176057151028,4.447787270800758e-14,2.440500875488376e-10
neutrophil,scpp8,14,6.597580822381106,1.1156978669064632,22.12596057689689,1.0579634079478044e-11,8.639007925197263e-09
neutrophil,mmp13a,14,6.527901215659878,2.0363671847979354,11.994482127803506,2.1013208580346445e-08,2.9116029161707307e-06
neutrophil,sult2st1,14,6.410975661163972,0.7857668603981202,30.527724759056937,1.7367134615630829e-13,5.294081535331463e-10
neutrophil,cebp1,14,6.395723454742858,0.7960176777928647,30.06290761601535,2.1145778225733433e-13,5.801344256229967e-10
neutrophil,mmp9,14,6.2448664901219715,2.119226759277608,11.025790765376554,5.729870991518736e-08,6.632869647777068e-06
neutrophil,si:ch211-9d9.1,14,5.945435493526562,4.1596992229976895,5.347930568862187,0.000132464183882004,0.002377521749892401
neutrophil,cpa5,14,5.917299698474781,2.2854214701291564,9.687713367505097,2.596634574630405e-07,2.052987595244529e-05
neutrophil,il6r,14,5.81983374121665,0.9298723980261857,23.418077527456926,5.144667770277854e-12,5.2688576979532764e-09
neutrophil,si:dkey-19b23.14,14,5.7217732982393406,0.697547009328993,30.691716888582867,1.6213129740320948e-13,5.294081535331463e-10
neutrophil,ppdpfa,14,5.714692936236132,0.7779824466059828,27.48445434893229,6.670592471397175e-13,1.407751572713704e-09
neutrophil,BX908782.2,14,5.653832215610547,3.7796991519510197,5.596927750770842,8.669849188744897e-05,0.0017519922817460746
non_specific_hematopoietic,gins2,23,1.0015164939093346,1.5653950479373846,3.068301754842488,0.005626461831847105,0.02095032306687369
