gamma_r2_threshold,gene
0.01,pdia2
0.01,msx1b
0.01,dla
0.01,hpgd
0.01,smox
0.01,morc3b
0.01,slc24a2
0.01,lmo7b
0.01,sh3gl2a
0.01,bnc2
0.01,ugt8
0.01,jam2a
0.01,si:dkey-27h10.2
0.01,si:ch211-132g1.4
0.01,si:ch211-14k19.8
0.01,hemgn
0.01,si:zfos-2330d3.7-1
0.01,nt5c2l1
0.01,mmp13a
0.01,si:ch211-243g18.2
0.01,mpx
0.01,hapln1b
0.01,kcnip3b
0.01,alox5ap
0.01,arr3a
0.01,stoml3b
0.01,msi2a
0.01,slc43a2b
0.01,ddx4
0.01,samsn1b
0.01,CABZ01049847.1
0.01,mmp13a-1
0.01,ucp3
0.01,slc12a2
0.01,CR847844.1
0.01,scpp8
0.01,anxa4
0.01,sftpba
0.01,robo4
0.01,si:ch73-1a9.3
0.01,il1b
0.01,ved
0.01,dhrs13a.2
0.01,grm2b
0.01,ly75
0.01,itpr1b
0.01,gata2a
0.01,col6a1
0.01,si:ch211-222l21.1
0.01,fbln2
0.01,il1fma
0.01,fgd5a
0.01,col2a1b
0.01,slc29a1b
0.01,mylpfb
0.01,epas1a
0.01,qki2
0.01,hbbe3
0.01,hbae5
0.01,hbbe2
0.01,zgc:163057
0.01,ca10a
0.01,pmp22b
0.01,aqp8a.2
0.01,si:ch211-136m16.8
0.01,ebf3a
0.01,rbp4
0.01,pde6c
0.01,pgam1a
0.01,fgfr3
0.01,cfl1l
0.01,cxcl12a
0.01,sfrp5
0.01,arg2
0.01,gsta.1
0.01,srgn
0.01,runx3
0.01,pax2a
0.01,vsir
0.01,plaua
0.01,zbtb18
0.01,si:ch211-250c4.4
0.01,slc24a3
0.01,wu:fj16a03
0.01,fosl1a
0.01,clic2
0.01,cd74a
0.01,lect2l
0.01,rpl39
0.01,fgf24
0.01,qdpra
0.01,smtnl1
0.01,apln
0.01,lygl1
0.01,slc43a3b
0.01,hbegfa
0.01,gfra3
0.01,il4
0.01,arhgef9b
0.01,f8
0.01,si:dkey-27i16.2
0.01,gstp1
0.01,si:ch1073-303k11.2
0.01,csf1ra
0.01,flt4
0.01,kdrl
0.01,slc7a11
0.01,CABZ01073834.1
0.01,BX088707.3
0.01,flj13639
0.01,tnfb
0.01,mcamb
0.01,guca1c
0.01,samsn1a
0.01,hmbsb
0.01,lgals9l1
0.01,si:dkey-262k9.4
0.01,npas1
0.01,si:ch1073-429i10.1
0.01,si:dkey-262k9.2
0.01,itgae.1
0.01,postnb
0.01,si:ch211-11n16.3
0.01,ctsc
0.01,foxo1a
0.01,icn
0.01,ctsk
0.01,efna1b
0.01,prdm1a
0.01,ctss2.2
0.01,s100a10b
0.01,epb41b
0.01,gapdhs
0.01,apoa2
0.01,ntd5
0.01,gapdh
0.01,si:ch73-86n18.1
0.01,hdac9b
0.01,scgn
0.01,stmn2a
0.01,sall3a
0.01,col6a4a
0.01,ctss2.1
0.01,pbxip1b
0.01,ptpn6
0.01,entpd3
0.01,apoc1
0.01,si:ch211-198c19.3
0.01,CR855311.1
0.01,cd83
0.01,icn2
0.01,abcb4
0.01,rorc
0.01,prss59.2
0.01,CR848047.1
0.01,si:dkey-56f14.7
0.01,satb1b
0.01,atp1a3b
0.01,il6r
0.01,si:dkey-33i11.9
0.01,ctsl.1
0.01,slc16a9a
0.01,sptb
0.01,crip1
0.01,ehd4
0.01,prox1a
0.01,bcl11ba
0.01,syne1b
0.01,lpin1
0.01,p4ha1b
0.01,ezra
0.01,fabp10b
0.01,si:ch211-214p16.1
0.01,slc24a4a
0.01,tagapa
0.01,akap12a
0.01,loxl1
0.01,blvrb
0.01,ehd2b
0.01,gnb5b
0.01,sema3d
0.01,tat
0.01,scg3
0.01,tnfaip8l3
0.01,lmo2
0.01,pkma
0.01,cyp1a
0.01,gnb3b
0.01,eomesa
0.01,krt1-19d
0.01,pou2f2a-1
0.01,ncaldb
0.01,fabp11a
0.01,rplp1
0.01,col9a2
0.01,cndp2
0.01,ndrg1a
0.01,arpp21
0.01,grn1
0.01,zgc:174904
0.01,gpnmb
0.01,col11a2
0.01,atp1a3a
0.01,si:ch211-80h18.1
0.01,rcvrn3
0.01,bzw2
0.01,col8a2
0.01,si:ch211-250g4.3
0.01,ppp1r18
0.01,col1a2
0.01,zfpm2b
0.01,rbm24a
0.01,prdm1b
0.01,laptm5
0.01,nme2b.2
0.01,si:ch73-359m17.2
0.01,tfa
0.01,cahz
0.01,cdh6
0.01,gfi1aa
0.01,rgs5b
0.01,anxa13l
0.01,clul1
0.01,f3b
0.01,aqp1a.1
0.01,mpz
0.01,klf17
0.01,mrc1b
0.01,rgs20
0.01,ccr9a
0.01,ifi30
0.01,scinlb
0.01,prdx1
0.01,ccl34a.4
0.01,CR855337.1
0.01,rgs13
0.01,si:ch211-14a17.10
0.01,si:ch211-9d9.1
0.01,glula
0.01,ptmab
0.01,tfr1a
0.01,fcer1gl
0.01,BX908782.2
0.01,FP236331.1
0.01,rhag
0.01,nfkbiaa
0.01,thbs1b
0.01,atf3
0.01,hsp90aa1.2
0.01,ckbb
0.01,tnfrsf21
0.01,kdr
0.01,calm1b
0.01,cx43
0.01,si:dkey-5n18.1
0.01,cx32.2
0.01,itpkb
0.01,igfbp1a
0.01,aldocb
0.01,crhbp
0.01,havcr1
0.01,unc119b
0.01,fabp6
0.01,csf1rb
0.01,slco2b1
0.01,tmsb
0.01,rfesd
0.01,cfbl
0.01,thbs4b
0.01,hbegfb
0.01,ripply1
0.01,si:ch211-160j14.2
0.01,timd4
0.01,CU499330.1
0.01,si:dkey-102g19.3
0.01,egfl7
0.01,si:dkey-183i3.6
0.01,dusp5
0.01,cela1.6
0.01,gcga
0.01,blf
0.01,si:dkey-222f2.1
0.01,cxcl12b
0.01,tal1
0.01,abi3bpb
0.01,stab1
0.01,si:ch211-212d10.1
0.01,ptprc
0.01,lpl
0.01,si:dkey-21e2.15
0.01,si:dkey-21e2.8
0.01,si:dkey-21e2.16
0.01,si:dkey-21e2.13
0.01,mef2b
0.01,si:dkey-21e2.10
0.01,capn8
0.01,si:dkey-21e2.3-1
0.01,si:ch211-227m13.1
0.01,cfh
0.01,rgs2
0.01,vasna
0.01,nr5a2
0.01,CABZ01072309.2
0.01,nr4a1
0.01,eno1a
0.01,gata5
0.01,camk1gb
0.01,hmga1a
0.01,sulf2b
0.01,acvrl1
0.01,col9a3
0.01,ca6
0.01,tnfrsf9a
0.01,si:ch211-117c9.5
0.01,wfdc2
0.01,eno3
0.01,sla2
0.01,si:dkey-261h17.1
0.01,myt1b
0.01,cdaa
0.01,col11a1a
0.01,vim
0.01,inhbaa
0.01,tram1
0.01,bmp6
0.01,gad2
0.01,sulf1
0.01,ca2
0.01,ptgdsb.1
0.01,gnal
0.01,hgd
0.01,lyz
0.01,tfap2a
0.01,ptgdsb.2
0.01,zfhx4
0.01,si:ch211-161h7.5
0.01,ccl34b.1
0.01,ccr9b
0.01,mdkb
0.01,tpm1
0.01,camk1db
0.01,cpa5
0.01,tnni2a.4
0.01,igf2b
0.01,rbpms2a
0.01,hyal6
0.01,tnnt3a
0.01,si:ch211-194m7.3
0.01,spi1a
0.01,roraa
0.01,si:ch211-147m6.1
0.01,sema7a
0.01,CT573383.1
0.01,pax6a
0.01,ldha
0.01,nptna
0.01,ccl33.3
0.01,col1a1a
0.01,itga2b
0.01,arpc1b
0.01,cabp5b
0.01,pvalb1
0.01,actb2
0.01,fthl31
0.01,cbx7a
0.01,pdgfbb
0.01,coro1a
0.01,cldni
0.01,nptx1l
0.01,hbae1.3
0.01,timp2b
0.01,grna
0.01,lgals2a
0.01,hbae3
0.01,hbbe1.3
0.01,si:ch211-165d12.4
0.01,soul5
0.01,hbae1.3-1
0.01,aoc2
0.01,hbae1.1
0.01,nfil3-6
0.01,maptb
0.01,cox6a2
0.01,aatka
0.01,crhr1
0.01,ppl
0.01,FQ311879.1
0.01,col5a3a
0.01,tnfsf14
0.01,lmo3
0.01,plxnc1
0.01,slc6a1l
0.01,pah
0.01,plxna4
0.01,gata3
0.01,si:dkey-14d8.6
0.01,glipr1a
0.01,impdh1b
0.01,podxl
0.01,lrmp
0.01,BX005417.1
0.01,slc38a2
0.01,BX248410.4
0.01,ak1
0.01,hmbsa
0.01,dlb
0.01,anxa1a
0.01,thy1
0.01,rgs3b
0.01,ncf1
0.01,sat1a.1
0.01,slc14a2
0.01,atp2a3
0.01,sftpbb
0.01,hapln1a
0.01,cmklr1
0.01,ms4a17c.1
0.01,si:ch211-207c6.2
0.01,BX465834.1
0.01,vcana
0.01,grk1b
0.01,slc1a3a
0.01,apba1a
0.01,matn4
0.01,acp5a
0.01,krt4
0.01,evpla
0.01,myh11a
0.01,tspan2a
0.01,mitfa
0.01,mpl
0.01,igfbp5a
0.01,nr4a2b
0.01,ddit3
0.01,myh9a
0.01,eevs
0.01,tnfrsf18
0.01,cavin2b
0.01,rab44
0.01,zgc:64065-1
0.01,im:7152348
0.01,si:ch211-161c3.6
0.01,si:dkey-195m11.11
0.01,si:ch211-188c18.1
0.01,prkcaa
0.01,npsn
0.01,spi1b
0.01,ctrb1
0.01,tpma
0.01,slc3a2a
0.01,slc8a4b
0.01,BX005003.1
0.01,rrad
0.01,col4a5
0.01,cilp
0.01,aldh1a2
0.01,slc7a10a
0.01,slc7a7
0.01,si:ch211-212k18.7
0.01,zgc:158423
0.01,dysf
0.01,f13a1b
0.01,six7
0.01,pnp5a
0.01,cyp26b1
0.01,epdl1
0.01,col4a6
0.01,alx4a
0.01,si:ch73-335l21.4
0.01,si:ch211-276a23.5
0.01,ponzr1
0.01,ponzr6
0.01,fcer1g
0.01,CU467822.2
0.01,CR318620.1
0.01,mrc1a
0.01,si:dkey-185m8.2
0.01,si:dkey-19b23.8
0.01,cxcl19
0.01,ANPEP-1
0.01,si:ch211-119e14.1
0.01,slc20a1a
0.01,plk2b
0.01,hsp70l
0.01,tspan36
0.01,ppdpfa
0.01,alas2
0.01,mmp9
0.01,hpdb
0.01,lmx1bb
0.01,mpeg1.1
0.01,ahcyl1
0.01,slc2a6
0.01,si:ch211-248e11.2
0.01,cpox
0.01,col2a1a
0.01,zgc:136605
0.01,egr3
0.01,si:dkey-8e10.2
0.01,si:ch211-156j16.1
0.01,selenop
0.01,cfp
0.01,si:ch211-251b21.1
0.01,itpr3
0.01,FO704661.1
0.01,dusp2
0.01,slc40a1
0.01,atp1a1b
0.01,myl1
0.01,mylka
0.01,ttn.2
0.01,cxcr1
0.01,col4a1
0.01,f5
0.01,marco
0.01,myo10l3
0.01,tmsb4x
0.01,rgcc
0.01,itgb2
0.01,col4a2
0.01,CABZ01078737.1
0.01,cnmd
0.05,pdia2
0.05,msx1b
0.05,dla
0.05,hpgd
0.05,smox
0.05,morc3b
0.05,slc24a2
0.05,lmo7b
0.05,sh3gl2a
0.05,bnc2
0.05,si:dkey-27h10.2
0.05,si:ch211-132g1.4
0.05,si:ch211-14k19.8
0.05,hemgn
0.05,si:zfos-2330d3.7-1
0.05,nt5c2l1
0.05,mmp13a
0.05,si:ch211-243g18.2
0.05,mpx
0.05,hapln1b
0.05,kcnip3b
0.05,alox5ap
0.05,arr3a
0.05,stoml3b
0.05,msi2a
0.05,slc43a2b
0.05,ddx4
0.05,samsn1b
0.05,mmp13a-1
0.05,ucp3
0.05,slc12a2
0.05,CR847844.1
0.05,scpp8
0.05,anxa4
0.05,sftpba
0.05,robo4
0.05,si:ch73-1a9.3
0.05,il1b
0.05,ved
0.05,dhrs13a.2
0.05,grm2b
0.05,ly75
0.05,itpr1b
0.05,gata2a
0.05,col6a1
0.05,si:ch211-222l21.1
0.05,fbln2
0.05,il1fma
0.05,fgd5a
0.05,col2a1b
0.05,slc29a1b
0.05,mylpfb
0.05,epas1a
0.05,qki2
0.05,hbbe3
0.05,hbae5
0.05,hbbe2
0.05,zgc:163057
0.05,pmp22b
0.05,aqp8a.2
0.05,si:ch211-136m16.8
0.05,ebf3a
0.05,rbp4
0.05,pde6c
0.05,fgfr3
0.05,cfl1l
0.05,cxcl12a
0.05,arg2
0.05,gsta.1
0.05,srgn
0.05,runx3
0.05,pax2a
0.05,vsir
0.05,plaua
0.05,si:ch211-250c4.4
0.05,wu:fj16a03
0.05,fosl1a
0.05,clic2
0.05,cd74a
0.05,lect2l
0.05,fgf24
0.05,qdpra
0.05,smtnl1
0.05,apln
0.05,lygl1
0.05,slc43a3b
0.05,hbegfa
0.05,gfra3
0.05,il4
0.05,arhgef9b
0.05,f8
0.05,si:dkey-27i16.2
0.05,gstp1
0.05,si:ch1073-303k11.2
0.05,csf1ra
0.05,flt4
0.05,kdrl
0.05,slc7a11
0.05,CABZ01073834.1
0.05,BX088707.3
0.05,flj13639
0.05,tnfb
0.05,mcamb
0.05,guca1c
0.05,samsn1a
0.05,hmbsb
0.05,lgals9l1
0.05,si:dkey-262k9.4
0.05,npas1
0.05,si:ch1073-429i10.1
0.05,si:dkey-262k9.2
0.05,itgae.1
0.05,postnb
0.05,si:ch211-11n16.3
0.05,ctsc
0.05,foxo1a
0.05,icn
0.05,ctsk
0.05,efna1b
0.05,prdm1a
0.05,ctss2.2
0.05,s100a10b
0.05,epb41b
0.05,apoa2
0.05,ntd5
0.05,gapdh
0.05,si:ch73-86n18.1
0.05,hdac9b
0.05,scgn
0.05,stmn2a
0.05,sall3a
0.05,col6a4a
0.05,ctss2.1
0.05,pbxip1b
0.05,ptpn6
0.05,entpd3
0.05,apoc1
0.05,si:ch211-198c19.3
0.05,CR855311.1
0.05,cd83
0.05,icn2
0.05,abcb4
0.05,rorc
0.05,prss59.2
0.05,CR848047.1
0.05,si:dkey-56f14.7
0.05,satb1b
0.05,atp1a3b
0.05,il6r
0.05,si:dkey-33i11.9
0.05,ctsl.1
0.05,slc16a9a
0.05,crip1
0.05,ehd4
0.05,prox1a
0.05,bcl11ba
0.05,syne1b
0.05,lpin1
0.05,p4ha1b
0.05,ezra
0.05,fabp10b
0.05,si:ch211-214p16.1
0.05,slc24a4a
0.05,tagapa
0.05,akap12a
0.05,loxl1
0.05,blvrb
0.05,ehd2b
0.05,sema3d
0.05,scg3
0.05,tnfaip8l3
0.05,lmo2
0.05,pkma
0.05,cyp1a
0.05,gnb3b
0.05,eomesa
0.05,pou2f2a-1
0.05,ncaldb
0.05,fabp11a
0.05,rplp1
0.05,col9a2
0.05,cndp2
0.05,ndrg1a
0.05,arpp21
0.05,grn1
0.05,zgc:174904
0.05,col11a2
0.05,atp1a3a
0.05,si:ch211-80h18.1
0.05,rcvrn3
0.05,bzw2
0.05,col8a2
0.05,si:ch211-250g4.3
0.05,ppp1r18
0.05,col1a2
0.05,zfpm2b
0.05,rbm24a
0.05,prdm1b
0.05,laptm5
0.05,si:ch73-359m17.2
0.05,tfa
0.05,cahz
0.05,cdh6
0.05,gfi1aa
0.05,rgs5b
0.05,anxa13l
0.05,clul1
0.05,f3b
0.05,aqp1a.1
0.05,mpz
0.05,klf17
0.05,mrc1b
0.05,rgs20
0.05,ccr9a
0.05,ifi30
0.05,scinlb
0.05,prdx1
0.05,ccl34a.4
0.05,CR855337.1
0.05,rgs13
0.05,si:ch211-14a17.10
0.05,si:ch211-9d9.1
0.05,glula
0.05,ptmab
0.05,tfr1a
0.05,fcer1gl
0.05,BX908782.2
0.05,FP236331.1
0.05,rhag
0.05,nfkbiaa
0.05,thbs1b
0.05,atf3
0.05,hsp90aa1.2
0.05,tnfrsf21
0.05,kdr
0.05,calm1b
0.05,cx43
0.05,si:dkey-5n18.1
0.05,cx32.2
0.05,itpkb
0.05,igfbp1a
0.05,aldocb
0.05,crhbp
0.05,havcr1
0.05,unc119b
0.05,fabp6
0.05,csf1rb
0.05,slco2b1
0.05,tmsb
0.05,rfesd
0.05,cfbl
0.05,hbegfb
0.05,ripply1
0.05,timd4
0.05,CU499330.1
0.05,si:dkey-102g19.3
0.05,egfl7
0.05,si:dkey-183i3.6
0.05,dusp5
0.05,cela1.6
0.05,blf
0.05,si:dkey-222f2.1
0.05,cxcl12b
0.05,tal1
0.05,abi3bpb
0.05,stab1
0.05,si:ch211-212d10.1
0.05,ptprc
0.05,si:dkey-21e2.15
0.05,si:dkey-21e2.8
0.05,si:dkey-21e2.16
0.05,si:dkey-21e2.13
0.05,mef2b
0.05,si:dkey-21e2.10
0.05,capn8
0.05,si:dkey-21e2.3-1
0.05,si:ch211-227m13.1
0.05,cfh
0.05,rgs2
0.05,vasna
0.05,nr5a2
0.05,CABZ01072309.2
0.05,nr4a1
0.05,eno1a
0.05,gata5
0.05,camk1gb
0.05,hmga1a
0.05,sulf2b
0.05,acvrl1
0.05,col9a3
0.05,ca6
0.05,tnfrsf9a
0.05,si:ch211-117c9.5
0.05,eno3
0.05,sla2
0.05,si:dkey-261h17.1
0.05,cdaa
0.05,col11a1a
0.05,vim
0.05,inhbaa
0.05,tram1
0.05,bmp6
0.05,sulf1
0.05,ca2
0.05,ptgdsb.1
0.05,hgd
0.05,lyz
0.05,ptgdsb.2
0.05,zfhx4
0.05,ccl34b.1
0.05,ccr9b
0.05,mdkb
0.05,tpm1
0.05,camk1db
0.05,cpa5
0.05,tnni2a.4
0.05,igf2b
0.05,hyal6
0.05,tnnt3a
0.05,si:ch211-194m7.3
0.05,spi1a
0.05,roraa
0.05,si:ch211-147m6.1
0.05,sema7a
0.05,CT573383.1
0.05,pax6a
0.05,ldha
0.05,nptna
0.05,ccl33.3
0.05,col1a1a
0.05,itga2b
0.05,arpc1b
0.05,cabp5b
0.05,actb2
0.05,fthl31
0.05,cbx7a
0.05,pdgfbb
0.05,coro1a
0.05,cldni
0.05,nptx1l
0.05,hbae1.3
0.05,timp2b
0.05,grna
0.05,lgals2a
0.05,hbae3
0.05,hbbe1.3
0.05,si:ch211-165d12.4
0.05,soul5
0.05,hbae1.3-1
0.05,hbae1.1
0.05,nfil3-6
0.05,maptb
0.05,cox6a2
0.05,aatka
0.05,crhr1
0.05,ppl
0.05,FQ311879.1
0.05,col5a3a
0.05,tnfsf14
0.05,lmo3
0.05,plxnc1
0.05,slc6a1l
0.05,plxna4
0.05,gata3
0.05,si:dkey-14d8.6
0.05,glipr1a
0.05,impdh1b
0.05,podxl
0.05,lrmp
0.05,BX005417.1
0.05,slc38a2
0.05,BX248410.4
0.05,ak1
0.05,hmbsa
0.05,thy1
0.05,ncf1
0.05,sat1a.1
0.05,slc14a2
0.05,atp2a3
0.05,hapln1a
0.05,cmklr1
0.05,ms4a17c.1
0.05,si:ch211-207c6.2
0.05,BX465834.1
0.05,vcana
0.05,grk1b
0.05,slc1a3a
0.05,apba1a
0.05,matn4
0.05,evpla
0.05,myh11a
0.05,tspan2a
0.05,mitfa
0.05,mpl
0.05,igfbp5a
0.05,nr4a2b
0.05,ddit3
0.05,myh9a
0.05,eevs
0.05,tnfrsf18
0.05,cavin2b
0.05,rab44
0.05,zgc:64065-1
0.05,im:7152348
0.05,si:ch211-161c3.6
0.05,si:dkey-195m11.11
0.05,si:ch211-188c18.1
0.05,prkcaa
0.05,npsn
0.05,spi1b
0.05,ctrb1
0.05,tpma
0.05,slc3a2a
0.05,slc8a4b
0.05,BX005003.1
0.05,rrad
0.05,col4a5
0.05,cilp
0.05,aldh1a2
0.05,slc7a10a
0.05,slc7a7
0.05,si:ch211-212k18.7
0.05,zgc:158423
0.05,dysf
0.05,f13a1b
0.05,six7
0.05,pnp5a
0.05,epdl1
0.05,col4a6
0.05,alx4a
0.05,si:ch73-335l21.4
0.05,si:ch211-276a23.5
0.05,ponzr1
0.05,ponzr6
0.05,fcer1g
0.05,CU467822.2
0.05,CR318620.1
0.05,mrc1a
0.05,si:dkey-185m8.2
0.05,cxcl19
0.05,ANPEP-1
0.05,si:ch211-119e14.1
0.05,slc20a1a
0.05,plk2b
0.05,tspan36
0.05,ppdpfa
0.05,alas2
0.05,mmp9
0.05,hpdb
0.05,lmx1bb
0.05,mpeg1.1
0.05,ahcyl1
0.05,slc2a6
0.05,si:ch211-248e11.2
0.05,cpox
0.05,col2a1a
0.05,zgc:136605
0.05,egr3
0.05,si:dkey-8e10.2
0.05,selenop
0.05,cfp
0.05,si:ch211-251b21.1
0.05,itpr3
0.05,FO704661.1
0.05,dusp2
0.05,slc40a1
0.05,atp1a1b
0.05,myl1
0.05,mylka
0.05,cxcr1
0.05,col4a1
0.05,f5
0.05,marco
0.05,myo10l3
0.05,tmsb4x
0.05,rgcc
0.05,itgb2
0.05,col4a2
0.05,CABZ01078737.1
0.1,pdia2
0.1,dla
0.1,hpgd
0.1,morc3b
0.1,slc24a2
0.1,lmo7b
0.1,sh3gl2a
0.1,bnc2
0.1,si:dkey-27h10.2
0.1,si:ch211-132g1.4
0.1,si:ch211-14k19.8
0.1,hemgn
0.1,si:zfos-2330d3.7-1
0.1,nt5c2l1
0.1,mmp13a
0.1,si:ch211-243g18.2
0.1,mpx
0.1,hapln1b
0.1,kcnip3b
0.1,alox5ap
0.1,arr3a
0.1,stoml3b
0.1,msi2a
0.1,slc43a2b
0.1,ddx4
0.1,samsn1b
0.1,mmp13a-1
0.1,ucp3
0.1,slc12a2
0.1,CR847844.1
0.1,scpp8
0.1,anxa4
0.1,robo4
0.1,si:ch73-1a9.3
0.1,il1b
0.1,ved
0.1,dhrs13a.2
0.1,grm2b
0.1,ly75
0.1,itpr1b
0.1,gata2a
0.1,col6a1
0.1,si:ch211-222l21.1
0.1,fbln2
0.1,il1fma
0.1,fgd5a
0.1,col2a1b
0.1,slc29a1b
0.1,mylpfb
0.1,epas1a
0.1,qki2
0.1,hbbe3
0.1,hbae5
0.1,hbbe2
0.1,zgc:163057
0.1,pmp22b
0.1,aqp8a.2
0.1,si:ch211-136m16.8
0.1,ebf3a
0.1,rbp4
0.1,pde6c
0.1,fgfr3
0.1,cfl1l
0.1,arg2
0.1,gsta.1
0.1,srgn
0.1,runx3
0.1,pax2a
0.1,vsir
0.1,plaua
0.1,si:ch211-250c4.4
0.1,wu:fj16a03
0.1,fosl1a
0.1,clic2
0.1,cd74a
0.1,lect2l
0.1,fgf24
0.1,smtnl1
0.1,apln
0.1,lygl1
0.1,slc43a3b
0.1,hbegfa
0.1,il4
0.1,arhgef9b
0.1,f8
0.1,si:dkey-27i16.2
0.1,gstp1
0.1,si:ch1073-303k11.2
0.1,csf1ra
0.1,flt4
0.1,kdrl
0.1,slc7a11
0.1,CABZ01073834.1
0.1,flj13639
0.1,tnfb
0.1,mcamb
0.1,guca1c
0.1,samsn1a
0.1,hmbsb
0.1,lgals9l1
0.1,si:dkey-262k9.4
0.1,si:ch1073-429i10.1
0.1,si:dkey-262k9.2
0.1,itgae.1
0.1,si:ch211-11n16.3
0.1,ctsc
0.1,foxo1a
0.1,icn
0.1,ctsk
0.1,prdm1a
0.1,ctss2.2
0.1,s100a10b
0.1,epb41b
0.1,apoa2
0.1,ntd5
0.1,gapdh
0.1,si:ch73-86n18.1
0.1,hdac9b
0.1,scgn
0.1,stmn2a
0.1,sall3a
0.1,ctss2.1
0.1,pbxip1b
0.1,ptpn6
0.1,entpd3
0.1,apoc1
0.1,si:ch211-198c19.3
0.1,CR855311.1
0.1,cd83
0.1,icn2
0.1,abcb4
0.1,rorc
0.1,prss59.2
0.1,CR848047.1
0.1,si:dkey-56f14.7
0.1,satb1b
0.1,il6r
0.1,si:dkey-33i11.9
0.1,ctsl.1
0.1,slc16a9a
0.1,crip1
0.1,ehd4
0.1,bcl11ba
0.1,syne1b
0.1,lpin1
0.1,p4ha1b
0.1,ezra
0.1,fabp10b
0.1,si:ch211-214p16.1
0.1,slc24a4a
0.1,tagapa
0.1,akap12a
0.1,blvrb
0.1,ehd2b
0.1,tnfaip8l3
0.1,lmo2
0.1,pkma
0.1,cyp1a
0.1,gnb3b
0.1,eomesa
0.1,pou2f2a-1
0.1,ncaldb
0.1,fabp11a
0.1,rplp1
0.1,col9a2
0.1,cndp2
0.1,ndrg1a
0.1,arpp21
0.1,grn1
0.1,zgc:174904
0.1,col11a2
0.1,atp1a3a
0.1,si:ch211-80h18.1
0.1,rcvrn3
0.1,bzw2
0.1,col8a2
0.1,si:ch211-250g4.3
0.1,ppp1r18
0.1,col1a2
0.1,zfpm2b
0.1,rbm24a
0.1,laptm5
0.1,si:ch73-359m17.2
0.1,tfa
0.1,cahz
0.1,cdh6
0.1,gfi1aa
0.1,rgs5b
0.1,anxa13l
0.1,clul1
0.1,f3b
0.1,aqp1a.1
0.1,mpz
0.1,klf17
0.1,mrc1b
0.1,rgs20
0.1,ccr9a
0.1,ifi30
0.1,scinlb
0.1,prdx1
0.1,ccl34a.4
0.1,CR855337.1
0.1,rgs13
0.1,si:ch211-14a17.10
0.1,si:ch211-9d9.1
0.1,glula
0.1,ptmab
0.1,tfr1a
0.1,fcer1gl
0.1,BX908782.2
0.1,FP236331.1
0.1,rhag
0.1,nfkbiaa
0.1,thbs1b
0.1,atf3
0.1,tnfrsf21
0.1,calm1b
0.1,cx43
0.1,si:dkey-5n18.1
0.1,cx32.2
0.1,itpkb
0.1,igfbp1a
0.1,aldocb
0.1,crhbp
0.1,havcr1
0.1,unc119b
0.1,csf1rb
0.1,slco2b1
0.1,tmsb
0.1,rfesd
0.1,cfbl
0.1,hbegfb
0.1,ripply1
0.1,timd4
0.1,CU499330.1
0.1,si:dkey-102g19.3
0.1,egfl7
0.1,si:dkey-183i3.6
0.1,dusp5
0.1,cela1.6
0.1,blf
0.1,si:dkey-222f2.1
0.1,tal1
0.1,abi3bpb
0.1,stab1
0.1,si:ch211-212d10.1
0.1,ptprc
0.1,si:dkey-21e2.15
0.1,si:dkey-21e2.8
0.1,si:dkey-21e2.16
0.1,si:dkey-21e2.13
0.1,mef2b
0.1,si:dkey-21e2.10
0.1,capn8
0.1,si:dkey-21e2.3-1
0.1,si:ch211-227m13.1
0.1,cfh
0.1,rgs2
0.1,vasna
0.1,nr5a2
0.1,CABZ01072309.2
0.1,nr4a1
0.1,eno1a
0.1,gata5
0.1,camk1gb
0.1,sulf2b
0.1,acvrl1
0.1,col9a3
0.1,ca6
0.1,tnfrsf9a
0.1,si:ch211-117c9.5
0.1,eno3
0.1,sla2
0.1,si:dkey-261h17.1
0.1,cdaa
0.1,col11a1a
0.1,inhbaa
0.1,tram1
0.1,bmp6
0.1,ca2
0.1,ptgdsb.1
0.1,hgd
0.1,lyz
0.1,ptgdsb.2
0.1,zfhx4
0.1,ccl34b.1
0.1,ccr9b
0.1,tpm1
0.1,camk1db
0.1,cpa5
0.1,tnni2a.4
0.1,igf2b
0.1,hyal6
0.1,tnnt3a
0.1,si:ch211-194m7.3
0.1,spi1a
0.1,roraa
0.1,si:ch211-147m6.1
0.1,sema7a
0.1,CT573383.1
0.1,pax6a
0.1,ldha
0.1,nptna
0.1,ccl33.3
0.1,col1a1a
0.1,itga2b
0.1,arpc1b
0.1,cabp5b
0.1,actb2
0.1,fthl31
0.1,cbx7a
0.1,pdgfbb
0.1,coro1a
0.1,cldni
0.1,hbae1.3
0.1,timp2b
0.1,grna
0.1,lgals2a
0.1,hbae3
0.1,hbbe1.3
0.1,si:ch211-165d12.4
0.1,soul5
0.1,hbae1.3-1
0.1,hbae1.1
0.1,nfil3-6
0.1,maptb
0.1,cox6a2
0.1,aatka
0.1,crhr1
0.1,ppl
0.1,FQ311879.1
0.1,col5a3a
0.1,tnfsf14
0.1,plxnc1
0.1,slc6a1l
0.1,plxna4
0.1,gata3
0.1,si:dkey-14d8.6
0.1,glipr1a
0.1,impdh1b
0.1,podxl
0.1,lrmp
0.1,BX005417.1
0.1,slc38a2
0.1,BX248410.4
0.1,ak1
0.1,hmbsa
0.1,thy1
0.1,ncf1
0.1,sat1a.1
0.1,slc14a2
0.1,atp2a3
0.1,hapln1a
0.1,cmklr1
0.1,ms4a17c.1
0.1,si:ch211-207c6.2
0.1,BX465834.1
0.1,vcana
0.1,grk1b
0.1,slc1a3a
0.1,apba1a
0.1,matn4
0.1,evpla
0.1,myh11a
0.1,tspan2a
0.1,mitfa
0.1,mpl
0.1,igfbp5a
0.1,ddit3
0.1,myh9a
0.1,eevs
0.1,tnfrsf18
0.1,cavin2b
0.1,rab44
0.1,zgc:64065-1
0.1,im:7152348
0.1,si:ch211-161c3.6
0.1,si:dkey-195m11.11
0.1,si:ch211-188c18.1
0.1,prkcaa
0.1,npsn
0.1,spi1b
0.1,ctrb1
0.1,tpma
0.1,slc3a2a
0.1,slc8a4b
0.1,BX005003.1
0.1,rrad
0.1,col4a5
0.1,aldh1a2
0.1,slc7a10a
0.1,slc7a7
0.1,si:ch211-212k18.7
0.1,zgc:158423
0.1,dysf
0.1,f13a1b
0.1,six7
0.1,pnp5a
0.1,epdl1
0.1,col4a6
0.1,alx4a
0.1,si:ch73-335l21.4
0.1,si:ch211-276a23.5
0.1,ponzr1
0.1,ponzr6
0.1,fcer1g
0.1,CU467822.2
0.1,CR318620.1
0.1,mrc1a
0.1,si:dkey-185m8.2
0.1,cxcl19
0.1,ANPEP-1
0.1,si:ch211-119e14.1
0.1,slc20a1a
0.1,plk2b
0.1,tspan36
0.1,ppdpfa
0.1,alas2
0.1,mmp9
0.1,lmx1bb
0.1,mpeg1.1
0.1,ahcyl1
0.1,slc2a6
0.1,si:ch211-248e11.2
0.1,cpox
0.1,col2a1a
0.1,zgc:136605
0.1,egr3
0.1,si:dkey-8e10.2
0.1,selenop
0.1,cfp
0.1,si:ch211-251b21.1
0.1,itpr3
0.1,FO704661.1
0.1,dusp2
0.1,slc40a1
0.1,myl1
0.1,mylka
0.1,cxcr1
0.1,col4a1
0.1,f5
0.1,marco
0.1,myo10l3
0.1,tmsb4x
0.1,rgcc
0.1,itgb2
0.1,col4a2
0.1,CABZ01078737.1
0.2,pdia2
0.2,hpgd
0.2,morc3b
0.2,lmo7b
0.2,sh3gl2a
0.2,si:dkey-27h10.2
0.2,si:ch211-132g1.4
0.2,si:ch211-14k19.8
0.2,hemgn
0.2,si:zfos-2330d3.7-1
0.2,nt5c2l1
0.2,mmp13a
0.2,mpx
0.2,hapln1b
0.2,kcnip3b
0.2,alox5ap
0.2,arr3a
0.2,stoml3b
0.2,msi2a
0.2,slc43a2b
0.2,ddx4
0.2,samsn1b
0.2,mmp13a-1
0.2,CR847844.1
0.2,scpp8
0.2,anxa4
0.2,robo4
0.2,si:ch73-1a9.3
0.2,il1b
0.2,ved
0.2,dhrs13a.2
0.2,ly75
0.2,itpr1b
0.2,gata2a
0.2,col6a1
0.2,si:ch211-222l21.1
0.2,il1fma
0.2,fgd5a
0.2,slc29a1b
0.2,epas1a
0.2,qki2
0.2,hbbe3
0.2,hbae5
0.2,hbbe2
0.2,zgc:163057
0.2,aqp8a.2
0.2,rbp4
0.2,pde6c
0.2,cfl1l
0.2,arg2
0.2,srgn
0.2,runx3
0.2,vsir
0.2,plaua
0.2,si:ch211-250c4.4
0.2,wu:fj16a03
0.2,fosl1a
0.2,clic2
0.2,cd74a
0.2,lect2l
0.2,fgf24
0.2,smtnl1
0.2,apln
0.2,lygl1
0.2,hbegfa
0.2,il4
0.2,arhgef9b
0.2,f8
0.2,si:dkey-27i16.2
0.2,gstp1
0.2,si:ch1073-303k11.2
0.2,csf1ra
0.2,flt4
0.2,slc7a11
0.2,CABZ01073834.1
0.2,tnfb
0.2,mcamb
0.2,samsn1a
0.2,hmbsb
0.2,lgals9l1
0.2,si:dkey-262k9.4
0.2,si:ch1073-429i10.1
0.2,si:dkey-262k9.2
0.2,itgae.1
0.2,si:ch211-11n16.3
0.2,ctsc
0.2,foxo1a
0.2,icn
0.2,ctsk
0.2,prdm1a
0.2,ctss2.2
0.2,s100a10b
0.2,epb41b
0.2,ntd5
0.2,gapdh
0.2,si:ch73-86n18.1
0.2,hdac9b
0.2,scgn
0.2,sall3a
0.2,ctss2.1
0.2,ptpn6
0.2,entpd3
0.2,apoc1
0.2,si:ch211-198c19.3
0.2,CR855311.1
0.2,cd83
0.2,abcb4
0.2,rorc
0.2,prss59.2
0.2,si:dkey-56f14.7
0.2,satb1b
0.2,il6r
0.2,si:dkey-33i11.9
0.2,ctsl.1
0.2,slc16a9a
0.2,crip1
0.2,bcl11ba
0.2,syne1b
0.2,lpin1
0.2,p4ha1b
0.2,ezra
0.2,si:ch211-214p16.1
0.2,slc24a4a
0.2,tagapa
0.2,akap12a
0.2,blvrb
0.2,lmo2
0.2,pkma
0.2,cyp1a
0.2,eomesa
0.2,pou2f2a-1
0.2,ncaldb
0.2,fabp11a
0.2,col9a2
0.2,cndp2
0.2,ndrg1a
0.2,arpp21
0.2,grn1
0.2,zgc:174904
0.2,atp1a3a
0.2,rcvrn3
0.2,bzw2
0.2,si:ch211-250g4.3
0.2,ppp1r18
0.2,col1a2
0.2,zfpm2b
0.2,rbm24a
0.2,laptm5
0.2,si:ch73-359m17.2
0.2,tfa
0.2,cahz
0.2,cdh6
0.2,gfi1aa
0.2,rgs5b
0.2,anxa13l
0.2,clul1
0.2,f3b
0.2,aqp1a.1
0.2,mpz
0.2,klf17
0.2,mrc1b
0.2,ccr9a
0.2,ifi30
0.2,scinlb
0.2,prdx1
0.2,ccl34a.4
0.2,CR855337.1
0.2,rgs13
0.2,si:ch211-14a17.10
0.2,si:ch211-9d9.1
0.2,glula
0.2,ptmab
0.2,tfr1a
0.2,fcer1gl
0.2,BX908782.2
0.2,FP236331.1
0.2,nfkbiaa
0.2,thbs1b
0.2,tnfrsf21
0.2,calm1b
0.2,cx43
0.2,si:dkey-5n18.1
0.2,cx32.2
0.2,igfbp1a
0.2,aldocb
0.2,crhbp
0.2,havcr1
0.2,unc119b
0.2,csf1rb
0.2,slco2b1
0.2,tmsb
0.2,rfesd
0.2,cfbl
0.2,hbegfb
0.2,timd4
0.2,CU499330.1
0.2,si:dkey-102g19.3
0.2,egfl7
0.2,si:dkey-183i3.6
0.2,dusp5
0.2,blf
0.2,tal1
0.2,abi3bpb
0.2,stab1
0.2,si:ch211-212d10.1
0.2,ptprc
0.2,si:dkey-21e2.15
0.2,si:dkey-21e2.8
0.2,si:dkey-21e2.16
0.2,si:dkey-21e2.13
0.2,mef2b
0.2,si:dkey-21e2.10
0.2,capn8
0.2,si:dkey-21e2.3-1
0.2,si:ch211-227m13.1
0.2,cfh
0.2,rgs2
0.2,nr5a2
0.2,eno1a
0.2,gata5
0.2,sulf2b
0.2,acvrl1
0.2,ca6
0.2,tnfrsf9a
0.2,si:ch211-117c9.5
0.2,eno3
0.2,sla2
0.2,si:dkey-261h17.1
0.2,cdaa
0.2,inhbaa
0.2,tram1
0.2,bmp6
0.2,ca2
0.2,ptgdsb.1
0.2,lyz
0.2,ptgdsb.2
0.2,zfhx4
0.2,ccl34b.1
0.2,ccr9b
0.2,tpm1
0.2,camk1db
0.2,cpa5
0.2,tnni2a.4
0.2,igf2b
0.2,hyal6
0.2,si:ch211-194m7.3
0.2,spi1a
0.2,roraa
0.2,si:ch211-147m6.1
0.2,sema7a
0.2,CT573383.1
0.2,ldha
0.2,ccl33.3
0.2,col1a1a
0.2,itga2b
0.2,arpc1b
0.2,cabp5b
0.2,actb2
0.2,fthl31
0.2,cbx7a
0.2,pdgfbb
0.2,coro1a
0.2,cldni
0.2,hbae1.3
0.2,timp2b
0.2,grna
0.2,lgals2a
0.2,hbbe1.3
0.2,si:ch211-165d12.4
0.2,soul5
0.2,hbae1.3-1
0.2,nfil3-6
0.2,maptb
0.2,aatka
0.2,crhr1
0.2,ppl
0.2,FQ311879.1
0.2,col5a3a
0.2,tnfsf14
0.2,plxnc1
0.2,slc6a1l
0.2,gata3
0.2,glipr1a
0.2,impdh1b
0.2,podxl
0.2,lrmp
0.2,BX005417.1
0.2,slc38a2
0.2,BX248410.4
0.2,ak1
0.2,hmbsa
0.2,thy1
0.2,ncf1
0.2,sat1a.1
0.2,slc14a2
0.2,atp2a3
0.2,hapln1a
0.2,cmklr1
0.2,ms4a17c.1
0.2,si:ch211-207c6.2
0.2,vcana
0.2,slc1a3a
0.2,apba1a
0.2,myh11a
0.2,tspan2a
0.2,mitfa
0.2,mpl
0.2,ddit3
0.2,myh9a
0.2,eevs
0.2,tnfrsf18
0.2,cavin2b
0.2,rab44
0.2,zgc:64065-1
0.2,si:ch211-161c3.6
0.2,si:dkey-195m11.11
0.2,prkcaa
0.2,npsn
0.2,spi1b
0.2,tpma
0.2,slc3a2a
0.2,BX005003.1
0.2,rrad
0.2,slc7a10a
0.2,slc7a7
0.2,si:ch211-212k18.7
0.2,zgc:158423
0.2,dysf
0.2,f13a1b
0.2,pnp5a
0.2,epdl1
0.2,col4a6
0.2,si:ch73-335l21.4
0.2,si:ch211-276a23.5
0.2,ponzr1
0.2,ponzr6
0.2,fcer1g
0.2,CR318620.1
0.2,mrc1a
0.2,cxcl19
0.2,si:ch211-119e14.1
0.2,slc20a1a
0.2,plk2b
0.2,tspan36
0.2,ppdpfa
0.2,alas2
0.2,mmp9
0.2,lmx1bb
0.2,mpeg1.1
0.2,slc2a6
0.2,cpox
0.2,col2a1a
0.2,zgc:136605
0.2,egr3
0.2,si:dkey-8e10.2
0.2,selenop
0.2,cfp
0.2,si:ch211-251b21.1
0.2,dusp2
0.2,slc40a1
0.2,mylka
0.2,cxcr1
0.2,col4a1
0.2,f5
0.2,marco
0.2,myo10l3
0.2,tmsb4x
0.2,rgcc
0.2,itgb2
0.2,col4a2
0.2,CABZ01078737.1
