zebrafish_gene,human_gene,source_gene,marker_class,marker_subclass,mapping_direction,mapping_database,evidence_status,pathway_sources,n_external_sources,selection_rule,zfin_ids,zfin_evidence_codes,zfin_publications,source_urls,zebrafish_gene_database,adata_gene,present_in_adata,raw_count_detection_fraction,passes_detection_filter
acin1a,ACIN1,ACIN1,apoptosis,execution_apoptosis,zebrafish_to_human,ZFIN human orthology download,reviewed_external_consensus,Reactome_Apoptosis_or_Intrinsic_Apoptosis,1,directionally_curated_pro_death+KEGG_or_Reactome_or_core+ZFIN_ortholog+present_in_all_genes,ZDB-GENE-030616-583,AA;CL,ZDB-PUB-030905-1;ZDB-PUB-050823-6,https://reactome.org/content/detail/R-HSA-109581;https://reactome.org/content/detail/R-HSA-109606;https://zfin.org/downloads/human_orthos.txt,acin1a,acin1a,True,0.6658680427570779,True
acin1b,ACIN1,ACIN1,apoptosis,execution_apoptosis,zebrafish_to_human,ZFIN human orthology download,reviewed_external_consensus,Reactome_Apoptosis_or_Intrinsic_Apoptosis,1,directionally_curated_pro_death+KEGG_or_Reactome_or_core+ZFIN_ortholog+present_in_all_genes,ZDB-GENE-030826-12,AA;CL,ZDB-PUB-050823-6,https://reactome.org/content/detail/R-HSA-109581;https://reactome.org/content/detail/R-HSA-109606;https://zfin.org/downloads/human_orthos.txt,acin1b,acin1b,True,0.5917803169922596,True
casp2,CASP2,CASP2,apoptosis,execution_apoptosis,zebrafish_to_human,ZFIN human orthology download,reviewed_external_consensus,KEGG_hsa04210_Apoptosis,1,directionally_curated_pro_death+KEGG_or_Reactome_or_core+ZFIN_ortholog+present_in_all_genes,ZDB-GENE-030825-3,AA;CL,ZDB-PUB-030905-1,https://www.kegg.jp/pathway/hsa04210;https://zfin.org/downloads/human_orthos.txt,casp2,casp2,True,0.2248433468485122,True
casp3a,CASP3,CASP3,apoptosis,execution_apoptosis,zebrafish_to_human,ZFIN human orthology download,reviewed_external_consensus,KEGG_hsa04210_Apoptosis;Reactome_Apoptosis_or_Intrinsic_Apoptosis;previous_reviewed_core_panel,2,directionally_curated_pro_death+KEGG_or_Reactome_or_core+ZFIN_ortholog+present_in_all_genes,ZDB-GENE-011210-1,AA;CL;OT;PT,ZDB-PUB-011109-5;ZDB-PUB-030905-1;ZDB-PUB-160901-6;ZDB-PUB-220608-7,https://reactome.org/content/detail/R-HSA-109581;https://reactome.org/content/detail/R-HSA-109606;https://www.kegg.jp/pathway/hsa04210;https://zfin.org/downloads/human_orthos.txt,casp3a,casp3a,True,0.15517876889052779,True
casp3b,CASP3,CASP3,apoptosis,execution_apoptosis,zebrafish_to_human,ZFIN human orthology download,reviewed_external_consensus,KEGG_hsa04210_Apoptosis;Reactome_Apoptosis_or_Intrinsic_Apoptosis;previous_reviewed_core_panel,2,directionally_curated_pro_death+KEGG_or_Reactome_or_core+ZFIN_ortholog+present_in_all_genes,ZDB-GENE-070607-1,AA;CL;OT;PT,ZDB-PUB-030905-1;ZDB-PUB-160901-6;ZDB-PUB-220608-7,https://reactome.org/content/detail/R-HSA-109581;https://reactome.org/content/detail/R-HSA-109606;https://www.kegg.jp/pathway/hsa04210;https://zfin.org/downloads/human_orthos.txt,casp3b,casp3b,True,0.08864725396240256,True
casp7,CASP7,CASP7,apoptosis,execution_apoptosis,zebrafish_to_human,ZFIN human orthology download,reviewed_external_consensus,KEGG_hsa04210_Apoptosis;Reactome_Apoptosis_or_Intrinsic_Apoptosis;previous_reviewed_core_panel,2,directionally_curated_pro_death+KEGG_or_Reactome_or_core+ZFIN_ortholog+present_in_all_genes,ZDB-GENE-050522-506,AA;CL,ZDB-PUB-030905-1;ZDB-PUB-140513-246;ZDB-PUB-180622-27,https://reactome.org/content/detail/R-HSA-109581;https://reactome.org/content/detail/R-HSA-109606;https://www.kegg.jp/pathway/hsa04210;https://zfin.org/downloads/human_orthos.txt,casp7,casp7,True,0.04994471065241412,True
dffa,DFFA,DFFA,apoptosis,execution_apoptosis,zebrafish_to_human,ZFIN human orthology download,reviewed_external_consensus,KEGG_hsa04210_Apoptosis;Reactome_Apoptosis_or_Intrinsic_Apoptosis;previous_reviewed_core_panel,2,directionally_curated_pro_death+KEGG_or_Reactome_or_core+ZFIN_ortholog+present_in_all_genes,ZDB-GENE-040718-376,AA;CL,ZDB-PUB-030905-1,https://reactome.org/content/detail/R-HSA-109581;https://reactome.org/content/detail/R-HSA-109606;https://www.kegg.jp/pathway/hsa04210;https://zfin.org/downloads/human_orthos.txt,dffa,dffa,True,0.11702911905639407,True
dffb,DFFB,DFFB,apoptosis,execution_apoptosis,zebrafish_to_human,ZFIN human orthology download,reviewed_external_consensus,KEGG_hsa04210_Apoptosis;Reactome_Apoptosis_or_Intrinsic_Apoptosis,2,directionally_curated_pro_death+KEGG_or_Reactome_or_core+ZFIN_ortholog+present_in_all_genes,ZDB-GENE-030826-4,AA;CL;NT,ZDB-PUB-030905-1;ZDB-PUB-190929-11,https://reactome.org/content/detail/R-HSA-109581;https://reactome.org/content/detail/R-HSA-109606;https://www.kegg.jp/pathway/hsa04210;https://zfin.org/downloads/human_orthos.txt,dffb,dffb,True,0.08938444526354519,True
rock1,ROCK1,ROCK1,apoptosis,execution_apoptosis,zebrafish_to_human,ZFIN human orthology download,reviewed_external_consensus,Reactome_Apoptosis_or_Intrinsic_Apoptosis,1,directionally_curated_pro_death+KEGG_or_Reactome_or_core+ZFIN_ortholog+present_in_all_genes,ZDB-GENE-100712-2,AA;PT,ZDB-PUB-030905-1;ZDB-PUB-121210-10;ZDB-PUB-180722-18,https://reactome.org/content/detail/R-HSA-109581;https://reactome.org/content/detail/R-HSA-109606;https://zfin.org/downloads/human_orthos.txt,rock1,rock1,True,0.34297825285662864,True
casp8,CASP8,CASP8,apoptosis,extrinsic_apoptosis,zebrafish_to_human,ZFIN human orthology download,reviewed_external_consensus,KEGG_hsa04210_Apoptosis;Reactome_Apoptosis_or_Intrinsic_Apoptosis,2,directionally_curated_pro_death+KEGG_or_Reactome_or_core+ZFIN_ortholog+present_in_all_genes,ZDB-GENE-000713-1,AA;CL,ZDB-PUB-070504-18;ZDB-PUB-130904-10,https://reactome.org/content/detail/R-HSA-109581;https://reactome.org/content/detail/R-HSA-109606;https://www.kegg.jp/pathway/hsa04210;https://zfin.org/downloads/human_orthos.txt,casp8,casp8,True,0.1245853298931061,True
dab2ipa,DAB2IP,DAB2IP,apoptosis,extrinsic_apoptosis,zebrafish_to_human,ZFIN human orthology download,reviewed_external_consensus,KEGG_hsa04210_Apoptosis,1,directionally_curated_pro_death+KEGG_or_Reactome_or_core+ZFIN_ortholog+present_in_all_genes,ZDB-GENE-081104-516,AA;CL,ZDB-PUB-030905-1;ZDB-PUB-101222-14,https://www.kegg.jp/pathway/hsa04210;https://zfin.org/downloads/human_orthos.txt,dab2ipa,dab2ipa,True,0.048838923700700164,True
dab2ipb,DAB2IP,DAB2IP,apoptosis,extrinsic_apoptosis,zebrafish_to_human,ZFIN human orthology download,reviewed_external_consensus,KEGG_hsa04210_Apoptosis,1,directionally_curated_pro_death+KEGG_or_Reactome_or_core+ZFIN_ortholog+present_in_all_genes,ZDB-GENE-030131-2449,AA;CL,ZDB-PUB-050823-6;ZDB-PUB-061031-2,https://www.kegg.jp/pathway/hsa04210;https://zfin.org/downloads/human_orthos.txt,dab2ipb,dab2ipb,True,0.044231478068558684,True
fadd,FADD,FADD,apoptosis,extrinsic_apoptosis,zebrafish_to_human,ZFIN human orthology download,reviewed_external_consensus,KEGG_hsa04210_Apoptosis;Reactome_Apoptosis_or_Intrinsic_Apoptosis,2,directionally_curated_pro_death+KEGG_or_Reactome_or_core+ZFIN_ortholog+present_in_all_genes,ZDB-GENE-070606-3,AA;CL,ZDB-PUB-030905-1,https://reactome.org/content/detail/R-HSA-109581;https://reactome.org/content/detail/R-HSA-109606;https://www.kegg.jp/pathway/hsa04210;https://zfin.org/downloads/human_orthos.txt,fadd,fadd,True,0.10578695171396886,True
fas,FAS,FAS,apoptosis,extrinsic_apoptosis,zebrafish_to_human,ZFIN human orthology download,reviewed_external_consensus,KEGG_hsa04210_Apoptosis;Reactome_Apoptosis_or_Intrinsic_Apoptosis,2,directionally_curated_pro_death+KEGG_or_Reactome_or_core+ZFIN_ortholog+present_in_all_genes,ZDB-GENE-061019-2,AA;CL,ZDB-PUB-030905-1,https://reactome.org/content/detail/R-HSA-109581;https://reactome.org/content/detail/R-HSA-109606;https://www.kegg.jp/pathway/hsa04210;https://zfin.org/downloads/human_orthos.txt,fas,fas,True,0.03814964983413193,True
faslg,FASLG,FASLG,apoptosis,extrinsic_apoptosis,zebrafish_to_human,ZFIN human orthology download,reviewed_external_consensus,KEGG_hsa04210_Apoptosis;Reactome_Apoptosis_or_Intrinsic_Apoptosis;previous_reviewed_core_panel,2,directionally_curated_pro_death+KEGG_or_Reactome_or_core+ZFIN_ortholog+present_in_all_genes,ZDB-GENE-070410-16,AA;CL;PT,ZDB-PUB-030905-1;ZDB-PUB-090716-24;ZDB-PUB-150325-24;ZDB-PUB-211003-9,https://reactome.org/content/detail/R-HSA-109581;https://reactome.org/content/detail/R-HSA-109606;https://www.kegg.jp/pathway/hsa04210;https://zfin.org/downloads/human_orthos.txt,faslg,faslg,True,0.039255436785845886,True
tnfrsf1a,TNFRSF1A,TNFRSF1A,apoptosis,extrinsic_apoptosis,zebrafish_to_human,ZFIN human orthology download,reviewed_external_consensus,KEGG_hsa04210_Apoptosis,1,directionally_curated_pro_death+KEGG_or_Reactome_or_core+ZFIN_ortholog+present_in_all_genes,ZDB-GENE-040426-2252,AA;CL,ZDB-PUB-030905-1,https://www.kegg.jp/pathway/hsa04210;https://zfin.org/downloads/human_orthos.txt,tnfrsf1a,tnfrsf1a,True,0.23884998157022336,True
tnfsf10,TNFSF10,TNFSF10,apoptosis,extrinsic_apoptosis,zebrafish_to_human,ZFIN human orthology download,reviewed_external_consensus,KEGG_hsa04210_Apoptosis;Reactome_Apoptosis_or_Intrinsic_Apoptosis;previous_reviewed_core_panel,2,directionally_curated_pro_death+KEGG_or_Reactome_or_core+ZFIN_ortholog+present_in_all_genes,ZDB-GENE-040718-335,AA;CL,ZDB-PUB-030905-1;ZDB-PUB-150325-24,https://reactome.org/content/detail/R-HSA-109581;https://reactome.org/content/detail/R-HSA-109606;https://www.kegg.jp/pathway/hsa04210;https://zfin.org/downloads/human_orthos.txt,tnfsf10,tnfsf10,True,0.021194249907851095,True
tnfsf10l,TNFSF10,TNFSF10,apoptosis,extrinsic_apoptosis,zebrafish_to_human,ZFIN human orthology download,reviewed_external_consensus,KEGG_hsa04210_Apoptosis;Reactome_Apoptosis_or_Intrinsic_Apoptosis;previous_reviewed_core_panel,2,directionally_curated_pro_death+KEGG_or_Reactome_or_core+ZFIN_ortholog+present_in_all_genes,ZDB-GENE-010801-1,AA,ZDB-PUB-050823-6,https://reactome.org/content/detail/R-HSA-109581;https://reactome.org/content/detail/R-HSA-109606;https://www.kegg.jp/pathway/hsa04210;https://zfin.org/downloads/human_orthos.txt,tnfsf10l,tnfsf10l,True,0.07611500184297773,True
tradd,TRADD,TRADD,apoptosis,extrinsic_apoptosis,zebrafish_to_human,ZFIN human orthology download,reviewed_external_consensus,KEGG_hsa04210_Apoptosis;Reactome_Apoptosis_or_Intrinsic_Apoptosis,2,directionally_curated_pro_death+KEGG_or_Reactome_or_core+ZFIN_ortholog+present_in_all_genes,ZDB-GENE-000511-5,AA;CL,ZDB-PUB-030905-1,https://reactome.org/content/detail/R-HSA-109581;https://reactome.org/content/detail/R-HSA-109606;https://www.kegg.jp/pathway/hsa04210;https://zfin.org/downloads/human_orthos.txt,tradd,tradd,True,0.23479542941393855,True
aifm1,AIFM1,AIFM1,apoptosis,intrinsic_apoptosis,zebrafish_to_human,ZFIN human orthology download,reviewed_external_consensus,KEGG_hsa04210_Apoptosis,1,directionally_curated_pro_death+KEGG_or_Reactome_or_core+ZFIN_ortholog+present_in_all_genes,ZDB-GENE-030826-11,AA,ZDB-PUB-030905-1,https://www.kegg.jp/pathway/hsa04210;https://zfin.org/downloads/human_orthos.txt,aifm1,aifm1,True,0.26557316623664595,True
apaf1,APAF1,APAF1,apoptosis,intrinsic_apoptosis,zebrafish_to_human,ZFIN human orthology download,reviewed_external_consensus,KEGG_hsa04210_Apoptosis;Reactome_Apoptosis_or_Intrinsic_Apoptosis,2,directionally_curated_pro_death+KEGG_or_Reactome_or_core+ZFIN_ortholog+present_in_all_genes,ZDB-GENE-000616-4,AA;CL,ZDB-PUB-030905-1;ZDB-PUB-071129-8,https://reactome.org/content/detail/R-HSA-109581;https://reactome.org/content/detail/R-HSA-109606;https://www.kegg.jp/pathway/hsa04210;https://zfin.org/downloads/human_orthos.txt,apaf1,apaf1,True,0.118687799483965,True
badb,BAD,BAD,apoptosis,intrinsic_apoptosis,zebrafish_to_human,ZFIN human orthology download,reviewed_external_consensus,KEGG_hsa04210_Apoptosis;Reactome_Apoptosis_or_Intrinsic_Apoptosis,2,directionally_curated_pro_death+KEGG_or_Reactome_or_core+ZFIN_ortholog+present_in_all_genes,ZDB-GENE-000616-1,AA;CL,ZDB-PUB-010813-1;ZDB-PUB-030905-1,https://reactome.org/content/detail/R-HSA-109581;https://reactome.org/content/detail/R-HSA-109606;https://www.kegg.jp/pathway/hsa04210;https://zfin.org/downloads/human_orthos.txt,badb,badb,True,0.161260597124955,True
baxa,BAX,BAX,apoptosis,intrinsic_apoptosis,zebrafish_to_human,ZFIN human orthology download,reviewed_external_consensus,KEGG_hsa04210_Apoptosis;Reactome_Apoptosis_or_Intrinsic_Apoptosis;previous_reviewed_core_panel,2,directionally_curated_pro_death+KEGG_or_Reactome_or_core+ZFIN_ortholog+present_in_all_genes,ZDB-GENE-000511-6,AA;CL;PT,ZDB-PUB-030905-1;ZDB-PUB-060816-5;ZDB-PUB-160407-7,https://reactome.org/content/detail/R-HSA-109581;https://reactome.org/content/detail/R-HSA-109606;https://www.kegg.jp/pathway/hsa04210;https://zfin.org/downloads/human_orthos.txt,baxa,baxa,True,0.010689273866568368,True
baxb,BAX,BAX,apoptosis,intrinsic_apoptosis,zebrafish_to_human,ZFIN human orthology download,reviewed_external_consensus,KEGG_hsa04210_Apoptosis;Reactome_Apoptosis_or_Intrinsic_Apoptosis;previous_reviewed_core_panel,2,directionally_curated_pro_death+KEGG_or_Reactome_or_core+ZFIN_ortholog+present_in_all_genes,ZDB-GENE-050227-21,AA;CL;PT,ZDB-PUB-060816-5;ZDB-PUB-160407-7,https://reactome.org/content/detail/R-HSA-109581;https://reactome.org/content/detail/R-HSA-109606;https://www.kegg.jp/pathway/hsa04210;https://zfin.org/downloads/human_orthos.txt,baxb,baxb,True,0.10578695171396886,True
bbc3,BBC3,BBC3,apoptosis,intrinsic_apoptosis,zebrafish_to_human,ZFIN human orthology download,reviewed_external_consensus,KEGG_hsa04210_Apoptosis;Reactome_Apoptosis_or_Intrinsic_Apoptosis,2,directionally_curated_pro_death+KEGG_or_Reactome_or_core+ZFIN_ortholog+present_in_all_genes,ZDB-GENE-070119-4,AA;CL,ZDB-PUB-060816-5;ZDB-PUB-121012-30,https://reactome.org/content/detail/R-HSA-109581;https://reactome.org/content/detail/R-HSA-109606;https://www.kegg.jp/pathway/hsa04210;https://zfin.org/downloads/human_orthos.txt,bbc3,bbc3,True,0.0455215628455583,True
bcl2l11,BCL2L11,BCL2L11,apoptosis,intrinsic_apoptosis,zebrafish_to_human,ZFIN human orthology download,reviewed_external_consensus,KEGG_hsa04210_Apoptosis;Reactome_Apoptosis_or_Intrinsic_Apoptosis;previous_reviewed_core_panel,2,directionally_curated_pro_death+KEGG_or_Reactome_or_core+ZFIN_ortholog+present_in_all_genes,ZDB-GENE-081008-1,AA,ZDB-PUB-080415-12,https://reactome.org/content/detail/R-HSA-109581;https://reactome.org/content/detail/R-HSA-109606;https://www.kegg.jp/pathway/hsa04210;https://zfin.org/downloads/human_orthos.txt,bcl2l11,bcl2l11,True,0.009767784740140064,True
bida,BID,BID,apoptosis,intrinsic_apoptosis,zebrafish_to_human,ZFIN human orthology download,reviewed_external_consensus,KEGG_hsa04210_Apoptosis;Reactome_Apoptosis_or_Intrinsic_Apoptosis,2,directionally_curated_pro_death+KEGG_or_Reactome_or_core+ZFIN_ortholog+present_in_all_genes,ZDB-GENE-050419-35,AA,ZDB-PUB-060816-5,https://reactome.org/content/detail/R-HSA-109581;https://reactome.org/content/detail/R-HSA-109606;https://www.kegg.jp/pathway/hsa04210;https://zfin.org/downloads/human_orthos.txt,bida,bida,True,0.3897899004791896,True
bnip3la,BNIP3L,BNIP3L,apoptosis,intrinsic_apoptosis,zebrafish_to_human,ZFIN human orthology download,reviewed_external_consensus,previous_reviewed_core_panel,0,directionally_curated_pro_death+KEGG_or_Reactome_or_core+ZFIN_ortholog+present_in_all_genes,ZDB-GENE-030131-2283,AA;CL,ZDB-PUB-030905-1,https://zfin.org/downloads/human_orthos.txt,bnip3la,bnip3la,True,0.04312569111684473,True
bnip3lb,BNIP3L,BNIP3L,apoptosis,intrinsic_apoptosis,zebrafish_to_human,ZFIN human orthology download,reviewed_external_consensus,previous_reviewed_core_panel,0,directionally_curated_pro_death+KEGG_or_Reactome_or_core+ZFIN_ortholog+present_in_all_genes,ZDB-GENE-040325-1,AA;CL,ZDB-PUB-030905-1,https://zfin.org/downloads/human_orthos.txt,bnip3lb,bnip3lb,True,0.2969037965352104,True
casp9,CASP9,CASP9,apoptosis,intrinsic_apoptosis,zebrafish_to_human,ZFIN human orthology download,reviewed_external_consensus,KEGG_hsa04210_Apoptosis;Reactome_Apoptosis_or_Intrinsic_Apoptosis;previous_reviewed_core_panel,2,directionally_curated_pro_death+KEGG_or_Reactome_or_core+ZFIN_ortholog+present_in_all_genes,ZDB-GENE-030825-5,AA;CL,ZDB-PUB-030905-1,https://reactome.org/content/detail/R-HSA-109581;https://reactome.org/content/detail/R-HSA-109606;https://www.kegg.jp/pathway/hsa04210;https://zfin.org/downloads/human_orthos.txt,casp9,casp9,True,0.07869517139697696,True
diablob,DIABLO,DIABLO,apoptosis,intrinsic_apoptosis,zebrafish_to_human,ZFIN human orthology download,reviewed_external_consensus,KEGG_hsa04210_Apoptosis;Reactome_Apoptosis_or_Intrinsic_Apoptosis;previous_reviewed_core_panel,2,directionally_curated_pro_death+KEGG_or_Reactome_or_core+ZFIN_ortholog+present_in_all_genes,ZDB-GENE-070112-202,AA,ZDB-PUB-030905-1,https://reactome.org/content/detail/R-HSA-109581;https://reactome.org/content/detail/R-HSA-109606;https://www.kegg.jp/pathway/hsa04210;https://zfin.org/downloads/human_orthos.txt,diablob,diablob,True,0.2681533357906454,True
endog,ENDOG,ENDOG,apoptosis,intrinsic_apoptosis,zebrafish_to_human,ZFIN human orthology download,reviewed_external_consensus,KEGG_hsa04210_Apoptosis,1,directionally_curated_pro_death+KEGG_or_Reactome_or_core+ZFIN_ortholog+present_in_all_genes,ZDB-GENE-050522-402,AA;CL,ZDB-PUB-030905-1;ZDB-PUB-101222-14,https://www.kegg.jp/pathway/hsa04210;https://zfin.org/downloads/human_orthos.txt,endog,endog,True,0.16955399926281028,True
OMA1,OMA1,OMA1,apoptosis,intrinsic_apoptosis,zebrafish_to_human,ZFIN human orthology download,reviewed_external_consensus,Reactome_Apoptosis_or_Intrinsic_Apoptosis,1,directionally_curated_pro_death+KEGG_or_Reactome_or_core+ZFIN_ortholog+present_in_all_genes,ZDB-GENE-091204-124,AA;CL;PT,ZDB-PUB-030905-1,https://reactome.org/content/detail/R-HSA-109581;https://reactome.org/content/detail/R-HSA-109606;https://zfin.org/downloads/human_orthos.txt,OMA1,oma1,True,0.041651308514559456,True
dap3,DAP3,DAP3,apoptosis,stress_pro_apoptotic,zebrafish_to_human,ZFIN human orthology download,reviewed_external_consensus,previous_reviewed_core_panel,0,directionally_curated_pro_death+KEGG_or_Reactome_or_core+ZFIN_ortholog+present_in_all_genes,ZDB-GENE-051129-2,AA;CL,ZDB-PUB-030905-1;ZDB-PUB-150918-13,https://zfin.org/downloads/human_orthos.txt,dap3,dap3,True,0.3383708072244868,True
dapk1,DAPK1,DAPK1,apoptosis,stress_pro_apoptotic,zebrafish_to_human,ZFIN human orthology download,reviewed_external_consensus,Reactome_Apoptosis_or_Intrinsic_Apoptosis,1,directionally_curated_pro_death+KEGG_or_Reactome_or_core+ZFIN_ortholog+present_in_all_genes,ZDB-GENE-060526-177,AA;CL,ZDB-PUB-030905-1;ZDB-PUB-120706-8,https://reactome.org/content/detail/R-HSA-109581;https://reactome.org/content/detail/R-HSA-109606;https://zfin.org/downloads/human_orthos.txt,dapk1,dapk1,True,0.13693328418724615,True
dapk2a,DAPK2,DAPK2,apoptosis,stress_pro_apoptotic,zebrafish_to_human,ZFIN human orthology download,reviewed_external_consensus,Reactome_Apoptosis_or_Intrinsic_Apoptosis,1,directionally_curated_pro_death+KEGG_or_Reactome_or_core+ZFIN_ortholog+present_in_all_genes,ZDB-GENE-080402-8,AA;CL,ZDB-PUB-030905-1,https://reactome.org/content/detail/R-HSA-109581;https://reactome.org/content/detail/R-HSA-109606;https://zfin.org/downloads/human_orthos.txt,dapk2a,dapk2a,True,0.018982676004423143,True
dapk3,DAPK3,DAPK3,apoptosis,stress_pro_apoptotic,zebrafish_to_human,ZFIN human orthology download,reviewed_external_consensus,Reactome_Apoptosis_or_Intrinsic_Apoptosis,1,directionally_curated_pro_death+KEGG_or_Reactome_or_core+ZFIN_ortholog+present_in_all_genes,ZDB-GENE-030131-3026,AA;CL;NT,ZDB-PUB-050823-6;ZDB-PUB-071029-6;ZDB-PUB-140702-3,https://reactome.org/content/detail/R-HSA-109581;https://reactome.org/content/detail/R-HSA-109606;https://zfin.org/downloads/human_orthos.txt,dapk3,dapk3,True,0.035200884629561384,True
ddit3,DDIT3,DDIT3,apoptosis,stress_pro_apoptotic,zebrafish_to_human,ZFIN human orthology download,reviewed_external_consensus,KEGG_hsa04210_Apoptosis,1,directionally_curated_pro_death+KEGG_or_Reactome_or_core+ZFIN_ortholog+present_in_all_genes,ZDB-GENE-070410-90,AA;CL;PT,ZDB-PUB-030905-1;ZDB-PUB-160925-2,https://www.kegg.jp/pathway/hsa04210;https://zfin.org/downloads/human_orthos.txt,ddit3,ddit3,True,0.22668632510136894,True
eif2ak3,EIF2AK3,EIF2AK3,apoptosis,stress_pro_apoptotic,zebrafish_to_human,ZFIN human orthology download,reviewed_external_consensus,KEGG_hsa04210_Apoptosis,1,directionally_curated_pro_death+KEGG_or_Reactome_or_core+ZFIN_ortholog+present_in_all_genes,ZDB-GENE-050414-2,AA;CL,ZDB-PUB-030905-1,https://www.kegg.jp/pathway/hsa04210;https://zfin.org/downloads/human_orthos.txt,eif2ak3,eif2ak3,True,0.07685219314412037,True
map3k5,MAP3K5,MAP3K5,apoptosis,stress_pro_apoptotic,zebrafish_to_human,ZFIN human orthology download,reviewed_external_consensus,KEGG_hsa04210_Apoptosis,1,directionally_curated_pro_death+KEGG_or_Reactome_or_core+ZFIN_ortholog+present_in_all_genes,ZDB-GENE-030827-3,AA;CL;PT,ZDB-PUB-030905-1;ZDB-PUB-140513-246;ZDB-PUB-160816-2,https://www.kegg.jp/pathway/hsa04210;https://zfin.org/downloads/human_orthos.txt,map3k5,map3k5,True,0.08311831920383278,True
prkcda,PRKCD,PRKCD,apoptosis,stress_pro_apoptotic,zebrafish_to_human,ZFIN human orthology download,reviewed_external_consensus,Reactome_Apoptosis_or_Intrinsic_Apoptosis,1,directionally_curated_pro_death+KEGG_or_Reactome_or_core+ZFIN_ortholog+present_in_all_genes,ZDB-GENE-030131-6503,AA;CL;NT;PT,ZDB-PUB-030905-1;ZDB-PUB-181109-11,https://reactome.org/content/detail/R-HSA-109581;https://reactome.org/content/detail/R-HSA-109606;https://zfin.org/downloads/human_orthos.txt,prkcda,prkcda,True,0.12919277552524788,True
prkcdb,PRKCD,PRKCD,apoptosis,stress_pro_apoptotic,zebrafish_to_human,ZFIN human orthology download,reviewed_external_consensus,Reactome_Apoptosis_or_Intrinsic_Apoptosis,1,directionally_curated_pro_death+KEGG_or_Reactome_or_core+ZFIN_ortholog+present_in_all_genes,ZDB-GENE-111129-1,AA;CL,ZDB-PUB-030905-1,https://reactome.org/content/detail/R-HSA-109581;https://reactome.org/content/detail/R-HSA-109606;https://zfin.org/downloads/human_orthos.txt,prkcdb,prkcdb,True,0.18669369701437788,True
tp53,TP53,TP53,apoptosis,stress_pro_apoptotic,zebrafish_to_human,ZFIN human orthology download,reviewed_external_consensus,KEGG_hsa04210_Apoptosis;Reactome_Apoptosis_or_Intrinsic_Apoptosis;previous_reviewed_core_panel,2,directionally_curated_pro_death+KEGG_or_Reactome_or_core+ZFIN_ortholog+present_in_all_genes,ZDB-GENE-990415-270,AA;CL;OT,ZDB-PUB-001205-3;ZDB-PUB-050105-1;ZDB-PUB-050823-6;ZDB-PUB-051207-21;ZDB-PUB-060124-13;ZDB-PUB-140513-455;ZDB-PUB-140905-12;ZDB-PUB-150211-2,https://reactome.org/content/detail/R-HSA-109581;https://reactome.org/content/detail/R-HSA-109606;https://reactome.org/content/detail/R-HSA-69278;https://reactome.org/content/detail/R-HSA-69306;https://www.kegg.jp/pathway/hsa04110;https://www.kegg.jp/pathway/hsa04210;https://zfin.org/downloads/human_orthos.txt,tp53,tp53,True,0.4452635458901772,True
tp53bp2a,TP53BP2,TP53BP2,apoptosis,stress_pro_apoptotic,zebrafish_to_human,ZFIN human orthology download,reviewed_external_consensus,Reactome_Apoptosis_or_Intrinsic_Apoptosis,1,directionally_curated_pro_death+KEGG_or_Reactome_or_core+ZFIN_ortholog+present_in_all_genes,ZDB-GENE-040516-8,AA,ZDB-PUB-050823-6;ZDB-PUB-140220-26,https://reactome.org/content/detail/R-HSA-109581;https://reactome.org/content/detail/R-HSA-109606;https://zfin.org/downloads/human_orthos.txt,tp53bp2a,tp53bp2a,True,0.04902322152598582,True
tp53bp2b,TP53BP2,TP53BP2,apoptosis,stress_pro_apoptotic,zebrafish_to_human,ZFIN human orthology download,reviewed_external_consensus,Reactome_Apoptosis_or_Intrinsic_Apoptosis,1,directionally_curated_pro_death+KEGG_or_Reactome_or_core+ZFIN_ortholog+present_in_all_genes,ZDB-GENE-050208-453,AA,ZDB-PUB-140220-26;ZDB-PUB-140821-3,https://reactome.org/content/detail/R-HSA-109581;https://reactome.org/content/detail/R-HSA-109606;https://zfin.org/downloads/human_orthos.txt,tp53bp2b,tp53bp2b,True,0.025248802064135673,True
unc5b,UNC5B,UNC5B,apoptosis,stress_pro_apoptotic,zebrafish_to_human,ZFIN human orthology download,reviewed_external_consensus,Reactome_Apoptosis_or_Intrinsic_Apoptosis,1,directionally_curated_pro_death+KEGG_or_Reactome_or_core+ZFIN_ortholog+present_in_all_genes,ZDB-GENE-041213-1,AA;CL,ZDB-PUB-041029-10;ZDB-PUB-070827-10;ZDB-PUB-130710-94,https://reactome.org/content/detail/R-HSA-109581;https://reactome.org/content/detail/R-HSA-109606;https://zfin.org/downloads/human_orthos.txt,unc5b,unc5b,True,0.01879837817913748,True
anln,ANLN,ANLN,proliferation,G2M_phase,zebrafish_to_human,ZFIN human orthology download,reviewed_external_consensus,Seurat_cc.genes.updated.2019/Tirosh2016,1,core_or_Seurat_phase_marker+ZFIN_ortholog+present_in_all_genes,ZDB-GENE-030131-4486,AA,ZDB-PUB-030905-1;ZDB-PUB-140513-261,https://doi.org/10.1126/science.aad0501;https://satijalab.org/seurat/reference/cc.genes.updated.2019.html;https://zfin.org/downloads/human_orthos.txt,anln,anln,True,0.1831920383339501,True
anp32e,ANP32E,ANP32E,proliferation,G2M_phase,zebrafish_to_human,ZFIN human orthology download,reviewed_external_consensus,Seurat_cc.genes.updated.2019/Tirosh2016,1,core_or_Seurat_phase_marker+ZFIN_ortholog+present_in_all_genes,ZDB-GENE-040426-2448,AA;CL,ZDB-PUB-030905-1,https://doi.org/10.1126/science.aad0501;https://satijalab.org/seurat/reference/cc.genes.updated.2019.html;https://zfin.org/downloads/human_orthos.txt,anp32e,anp32e,True,0.600258016955398,True
aurka,AURKA,AURKA,proliferation,G2M_phase,zebrafish_to_human,ZFIN human orthology download,reviewed_external_consensus,Seurat_cc.genes.updated.2019/Tirosh2016;Reactome_Cell_Cycle_Mitotic_or_DNA_Replication;previous_reviewed_core_panel,2,core_or_Seurat_phase_marker+ZFIN_ortholog+present_in_all_genes,ZDB-GENE-040801-161,AA;CL,ZDB-PUB-030905-1;ZDB-PUB-100719-49;ZDB-PUB-130204-4,https://doi.org/10.1126/science.aad0501;https://reactome.org/content/detail/R-HSA-69278;https://reactome.org/content/detail/R-HSA-69306;https://satijalab.org/seurat/reference/cc.genes.updated.2019.html;https://zfin.org/downloads/human_orthos.txt,aurka,aurka,True,0.1756358274972375,True
aurkb,AURKB,AURKB,proliferation,G2M_phase,zebrafish_to_human,ZFIN human orthology download,reviewed_external_consensus,Seurat_cc.genes.updated.2019/Tirosh2016;KEGG_hsa04110_Cell_cycle;Reactome_Cell_Cycle_Mitotic_or_DNA_Replication;previous_reviewed_core_panel,3,core_or_Seurat_phase_marker+ZFIN_ortholog+present_in_all_genes,ZDB-GENE-020419-40,AA;CL,ZDB-PUB-020723-5;ZDB-PUB-090629-17,https://doi.org/10.1126/science.aad0501;https://reactome.org/content/detail/R-HSA-69278;https://reactome.org/content/detail/R-HSA-69306;https://satijalab.org/seurat/reference/cc.genes.updated.2019.html;https://www.kegg.jp/pathway/hsa04110;https://zfin.org/downloads/human_orthos.txt,aurkb,aurkb,True,0.2775525248802147,True
birc5a,BIRC5,BIRC5,proliferation,G2M_phase,zebrafish_to_human,ZFIN human orthology download,reviewed_external_consensus,Seurat_cc.genes.updated.2019/Tirosh2016;Reactome_Cell_Cycle_Mitotic_or_DNA_Replication;previous_reviewed_core_panel,2,core_or_Seurat_phase_marker+ZFIN_ortholog+present_in_all_genes,ZDB-GENE-030826-1,AA;CL,ZDB-PUB-040708-1;ZDB-PUB-050823-6;ZDB-PUB-090123-11;ZDB-PUB-090330-14;ZDB-PUB-090807-12;ZDB-PUB-130213-2;ZDB-PUB-130605-11,https://doi.org/10.1126/science.aad0501;https://reactome.org/content/detail/R-HSA-69278;https://reactome.org/content/detail/R-HSA-69306;https://satijalab.org/seurat/reference/cc.genes.updated.2019.html;https://www.kegg.jp/pathway/hsa04210;https://zfin.org/downloads/human_orthos.txt,birc5a,birc5a,True,0.22171028381865576,True
bub1,BUB1,BUB1,proliferation,G2M_phase,zebrafish_to_human,ZFIN human orthology download,reviewed_external_consensus,Seurat_cc.genes.updated.2019/Tirosh2016;KEGG_hsa04110_Cell_cycle;Reactome_Cell_Cycle_Mitotic_or_DNA_Replication;previous_reviewed_core_panel,3,core_or_Seurat_phase_marker+ZFIN_ortholog+present_in_all_genes,ZDB-GENE-081104-75,AA,ZDB-PUB-030905-1;ZDB-PUB-140513-246,https://doi.org/10.1126/science.aad0501;https://reactome.org/content/detail/R-HSA-69278;https://reactome.org/content/detail/R-HSA-69306;https://satijalab.org/seurat/reference/cc.genes.updated.2019.html;https://www.kegg.jp/pathway/hsa04110;https://zfin.org/downloads/human_orthos.txt,bub1,bub1,True,0.04072981938813116,True
bub3,BUB3,BUB3,proliferation,G2M_phase,zebrafish_to_human,ZFIN human orthology download,reviewed_external_consensus,KEGG_hsa04110_Cell_cycle;Reactome_Cell_Cycle_Mitotic_or_DNA_Replication;previous_reviewed_core_panel,2,core_or_Seurat_phase_marker+ZFIN_ortholog+present_in_all_genes,ZDB-GENE-041010-210,AA;CL,ZDB-PUB-030905-1,https://reactome.org/content/detail/R-HSA-69278;https://reactome.org/content/detail/R-HSA-69306;https://www.kegg.jp/pathway/hsa04110;https://zfin.org/downloads/human_orthos.txt,bub3,bub3,True,0.363066715812767,True
ccnb1,CCNB1,CCNB1,proliferation,G2M_phase,zebrafish_to_human,ZFIN human orthology download,reviewed_external_consensus,KEGG_hsa04110_Cell_cycle;Reactome_Cell_Cycle_Mitotic_or_DNA_Replication;previous_reviewed_core_panel,2,core_or_Seurat_phase_marker+ZFIN_ortholog+present_in_all_genes,ZDB-GENE-000406-10,AA;CL,ZDB-PUB-020723-5;ZDB-PUB-050823-6,https://reactome.org/content/detail/R-HSA-69278;https://reactome.org/content/detail/R-HSA-69306;https://www.kegg.jp/pathway/hsa04110;https://zfin.org/downloads/human_orthos.txt,ccnb1,ccnb1,True,0.24788057500922134,True
ccnb2,CCNB2,CCNB2,proliferation,G2M_phase,zebrafish_to_human,ZFIN human orthology download,reviewed_external_consensus,Seurat_cc.genes.updated.2019/Tirosh2016;KEGG_hsa04110_Cell_cycle;Reactome_Cell_Cycle_Mitotic_or_DNA_Replication;previous_reviewed_core_panel,3,core_or_Seurat_phase_marker+ZFIN_ortholog+present_in_all_genes,ZDB-GENE-030429-12,AA;CL,ZDB-PUB-030905-1;ZDB-PUB-130117-4,https://doi.org/10.1126/science.aad0501;https://reactome.org/content/detail/R-HSA-69278;https://reactome.org/content/detail/R-HSA-69306;https://satijalab.org/seurat/reference/cc.genes.updated.2019.html;https://www.kegg.jp/pathway/hsa04110;https://zfin.org/downloads/human_orthos.txt,ccnb2,ccnb2,True,0.07611500184297773,True
cdc20,CDC20,CDC20,proliferation,G2M_phase,zebrafish_to_human,ZFIN human orthology download,reviewed_external_consensus,Seurat_cc.genes.updated.2019/Tirosh2016;KEGG_hsa04110_Cell_cycle;Reactome_Cell_Cycle_Mitotic_or_DNA_Replication;previous_reviewed_core_panel,3,core_or_Seurat_phase_marker+ZFIN_ortholog+present_in_all_genes,ZDB-GENE-040426-2044,AA;CL,ZDB-PUB-030905-1,https://doi.org/10.1126/science.aad0501;https://reactome.org/content/detail/R-HSA-69278;https://reactome.org/content/detail/R-HSA-69306;https://satijalab.org/seurat/reference/cc.genes.updated.2019.html;https://www.kegg.jp/pathway/hsa04110;https://zfin.org/downloads/human_orthos.txt,cdc20,cdc20,True,0.23405823811279586,True
cdk1,CDK1,CDK1,proliferation,G2M_phase,zebrafish_to_human,ZFIN human orthology download,reviewed_external_consensus,Seurat_cc.genes.updated.2019/Tirosh2016;KEGG_hsa04110_Cell_cycle;Reactome_Cell_Cycle_Mitotic_or_DNA_Replication;previous_reviewed_core_panel,3,core_or_Seurat_phase_marker+ZFIN_ortholog+present_in_all_genes,ZDB-GENE-010320-1,AA;CL,ZDB-PUB-050209-7,https://doi.org/10.1126/science.aad0501;https://reactome.org/content/detail/R-HSA-69278;https://reactome.org/content/detail/R-HSA-69306;https://satijalab.org/seurat/reference/cc.genes.updated.2019.html;https://www.kegg.jp/pathway/hsa04110;https://zfin.org/downloads/human_orthos.txt,cdk1,cdk1,True,0.2644673792849319,True
cenpf,CENPF,CENPF,proliferation,G2M_phase,zebrafish_to_human,ZFIN human orthology download,reviewed_external_consensus,Seurat_cc.genes.updated.2019/Tirosh2016;Reactome_Cell_Cycle_Mitotic_or_DNA_Replication;previous_reviewed_core_panel,2,core_or_Seurat_phase_marker+ZFIN_ortholog+present_in_all_genes,ZDB-GENE-041111-205,AA;CL;FC,ZDB-PUB-030905-1;ZDB-PUB-170214-231,https://doi.org/10.1126/science.aad0501;https://reactome.org/content/detail/R-HSA-69278;https://reactome.org/content/detail/R-HSA-69306;https://satijalab.org/seurat/reference/cc.genes.updated.2019.html;https://zfin.org/downloads/human_orthos.txt,cenpf,cenpf,True,0.28271286398821355,True
cenpk,CENPK,CENPK,proliferation,G2M_phase,zebrafish_to_human,ZFIN human orthology download,reviewed_external_consensus,Reactome_Cell_Cycle_Mitotic_or_DNA_Replication;previous_reviewed_core_panel,1,core_or_Seurat_phase_marker+ZFIN_ortholog+present_in_all_genes,ZDB-GENE-090313-204,AA,ZDB-PUB-030905-1,https://reactome.org/content/detail/R-HSA-69278;https://reactome.org/content/detail/R-HSA-69306;https://zfin.org/downloads/human_orthos.txt,cenpk,cenpk,True,0.1879837817913776,True
ckap2l,CKAP2L,CKAP2L,proliferation,G2M_phase,zebrafish_to_human,ZFIN human orthology download,reviewed_external_consensus,Seurat_cc.genes.updated.2019/Tirosh2016,1,core_or_Seurat_phase_marker+ZFIN_ortholog+present_in_all_genes,ZDB-GENE-030131-6690,AA,ZDB-PUB-030905-1,https://doi.org/10.1126/science.aad0501;https://satijalab.org/seurat/reference/cc.genes.updated.2019.html;https://zfin.org/downloads/human_orthos.txt,ckap2l,ckap2l,True,0.16826391448581057,True
ckap5,CKAP5,CKAP5,proliferation,G2M_phase,zebrafish_to_human,ZFIN human orthology download,reviewed_external_consensus,Seurat_cc.genes.updated.2019/Tirosh2016;Reactome_Cell_Cycle_Mitotic_or_DNA_Replication,2,core_or_Seurat_phase_marker+ZFIN_ortholog+present_in_all_genes,ZDB-GENE-051120-174,AA;CL,ZDB-PUB-050823-6;ZDB-PUB-150130-2,https://doi.org/10.1126/science.aad0501;https://reactome.org/content/detail/R-HSA-69278;https://reactome.org/content/detail/R-HSA-69306;https://satijalab.org/seurat/reference/cc.genes.updated.2019.html;https://zfin.org/downloads/human_orthos.txt,ckap5,ckap5,True,0.2816070770364995,True
cks1b,CKS1B,CKS1B,proliferation,G2M_phase,zebrafish_to_human,ZFIN human orthology download,reviewed_external_consensus,Seurat_cc.genes.updated.2019/Tirosh2016;Reactome_Cell_Cycle_Mitotic_or_DNA_Replication,2,core_or_Seurat_phase_marker+ZFIN_ortholog+present_in_all_genes,ZDB-GENE-040801-112,AA;CL,ZDB-PUB-030905-1;ZDB-PUB-200426-10,https://doi.org/10.1126/science.aad0501;https://reactome.org/content/detail/R-HSA-69278;https://reactome.org/content/detail/R-HSA-69306;https://satijalab.org/seurat/reference/cc.genes.updated.2019.html;https://zfin.org/downloads/human_orthos.txt,cks1b,cks1b,True,0.3112790269074929,True
cks2,CKS2,CKS2,proliferation,G2M_phase,zebrafish_to_human,ZFIN human orthology download,reviewed_external_consensus,Seurat_cc.genes.updated.2019/Tirosh2016,1,core_or_Seurat_phase_marker+ZFIN_ortholog+present_in_all_genes,ZDB-GENE-050208-508,AA;CL,ZDB-PUB-030905-1,https://doi.org/10.1126/science.aad0501;https://satijalab.org/seurat/reference/cc.genes.updated.2019.html;https://zfin.org/downloads/human_orthos.txt,cks2,CKS2,True,0.3123848138592069,True
ctcf,CTCF,CTCF,proliferation,G2M_phase,zebrafish_to_human,ZFIN human orthology download,reviewed_external_consensus,Seurat_cc.genes.updated.2019/Tirosh2016,1,core_or_Seurat_phase_marker+ZFIN_ortholog+present_in_all_genes,ZDB-GENE-040624-5,AA;CL;NT,ZDB-PUB-030905-1;ZDB-PUB-060508-3,https://doi.org/10.1126/science.aad0501;https://satijalab.org/seurat/reference/cc.genes.updated.2019.html;https://zfin.org/downloads/human_orthos.txt,ctcf,ctcf,True,0.4806487283450264,True
dlgap5,DLGAP5,DLGAP5,proliferation,G2M_phase,zebrafish_to_human,ZFIN human orthology download,reviewed_external_consensus,Seurat_cc.genes.updated.2019/Tirosh2016,1,core_or_Seurat_phase_marker+ZFIN_ortholog+present_in_all_genes,ZDB-GENE-040912-160,AA,ZDB-PUB-050823-6,https://doi.org/10.1126/science.aad0501;https://satijalab.org/seurat/reference/cc.genes.updated.2019.html;https://zfin.org/downloads/human_orthos.txt,dlgap5,dlgap5,True,0.3322889789900596,True
ect2,ECT2,ECT2,proliferation,G2M_phase,zebrafish_to_human,ZFIN human orthology download,reviewed_external_consensus,Seurat_cc.genes.updated.2019/Tirosh2016,1,core_or_Seurat_phase_marker+ZFIN_ortholog+present_in_all_genes,ZDB-GENE-040831-2,AA;CL,ZDB-PUB-030905-1;ZDB-PUB-040708-1,https://doi.org/10.1126/science.aad0501;https://satijalab.org/seurat/reference/cc.genes.updated.2019.html;https://zfin.org/downloads/human_orthos.txt,ect2,ect2,True,0.10320678215996963,True
g2e3,G2E3,G2E3,proliferation,G2M_phase,zebrafish_to_human,ZFIN human orthology download,reviewed_external_consensus,Seurat_cc.genes.updated.2019/Tirosh2016,1,core_or_Seurat_phase_marker+ZFIN_ortholog+present_in_all_genes,ZDB-GENE-030616-400,AA;CL,ZDB-PUB-030905-1;ZDB-PUB-050823-6,https://doi.org/10.1126/science.aad0501;https://satijalab.org/seurat/reference/cc.genes.updated.2019.html;https://zfin.org/downloads/human_orthos.txt,g2e3,g2e3,True,0.15683744931809884,True
gas2l3,GAS2L3,GAS2L3,proliferation,G2M_phase,zebrafish_to_human,ZFIN human orthology download,reviewed_external_consensus,Seurat_cc.genes.updated.2019/Tirosh2016,1,core_or_Seurat_phase_marker+ZFIN_ortholog+present_in_all_genes,ZDB-GENE-030131-2560,AA,ZDB-PUB-030905-1;ZDB-PUB-140819-3,https://doi.org/10.1126/science.aad0501;https://satijalab.org/seurat/reference/cc.genes.updated.2019.html;https://zfin.org/downloads/human_orthos.txt,gas2l3,gas2l3,True,0.016218208625138203,True
gtse1,GTSE1,GTSE1,proliferation,G2M_phase,zebrafish_to_human,ZFIN human orthology download,reviewed_external_consensus,Seurat_cc.genes.updated.2019/Tirosh2016;Reactome_Cell_Cycle_Mitotic_or_DNA_Replication,2,core_or_Seurat_phase_marker+ZFIN_ortholog+present_in_all_genes,ZDB-GENE-050522-493,AA;CL,ZDB-PUB-030905-1,https://doi.org/10.1126/science.aad0501;https://reactome.org/content/detail/R-HSA-69278;https://reactome.org/content/detail/R-HSA-69306;https://satijalab.org/seurat/reference/cc.genes.updated.2019.html;https://zfin.org/downloads/human_orthos.txt,gtse1,gtse1,True,0.14448949502395875,True
hmgb2a,HMGB2,HMGB2,proliferation,G2M_phase,zebrafish_to_human,ZFIN human orthology download,reviewed_external_consensus,Seurat_cc.genes.updated.2019/Tirosh2016,1,core_or_Seurat_phase_marker+ZFIN_ortholog+present_in_all_genes,ZDB-GENE-051120-126,AA;CL,ZDB-PUB-030905-1;ZDB-PUB-100910-11;ZDB-PUB-130709-49,https://doi.org/10.1126/science.aad0501;https://reactome.org/content/detail/R-HSA-109581;https://reactome.org/content/detail/R-HSA-109606;https://satijalab.org/seurat/reference/cc.genes.updated.2019.html;https://zfin.org/downloads/human_orthos.txt,hmgb2a,hmgb2a,True,0.8796535200883943,True
hmgb2b,HMGB2,HMGB2,proliferation,G2M_phase,zebrafish_to_human,ZFIN human orthology download,reviewed_external_consensus,Seurat_cc.genes.updated.2019/Tirosh2016,1,core_or_Seurat_phase_marker+ZFIN_ortholog+present_in_all_genes,ZDB-GENE-040912-122,AA,ZDB-PUB-100910-11;ZDB-PUB-130709-49,https://doi.org/10.1126/science.aad0501;https://reactome.org/content/detail/R-HSA-109581;https://reactome.org/content/detail/R-HSA-109606;https://satijalab.org/seurat/reference/cc.genes.updated.2019.html;https://zfin.org/downloads/human_orthos.txt,hmgb2b,hmgb2b,True,0.6798746774787848,True
hmmr,HMMR,HMMR,proliferation,G2M_phase,zebrafish_to_human,ZFIN human orthology download,reviewed_external_consensus,Seurat_cc.genes.updated.2019/Tirosh2016;Reactome_Cell_Cycle_Mitotic_or_DNA_Replication,2,core_or_Seurat_phase_marker+ZFIN_ortholog+present_in_all_genes,ZDB-GENE-030131-731,AA,ZDB-PUB-030905-1,https://doi.org/10.1126/science.aad0501;https://reactome.org/content/detail/R-HSA-69278;https://reactome.org/content/detail/R-HSA-69306;https://satijalab.org/seurat/reference/cc.genes.updated.2019.html;https://zfin.org/downloads/human_orthos.txt,hmmr,hmmr,True,0.15794323626981288,True
kif11,KIF11,KIF11,proliferation,G2M_phase,zebrafish_to_human,ZFIN human orthology download,reviewed_external_consensus,Seurat_cc.genes.updated.2019/Tirosh2016;previous_reviewed_core_panel,1,core_or_Seurat_phase_marker+ZFIN_ortholog+present_in_all_genes,ZDB-GENE-020426-1,AA;CL;NT,ZDB-PUB-020521-9;ZDB-PUB-050209-7;ZDB-PUB-050823-6;ZDB-PUB-070523-31,https://doi.org/10.1126/science.aad0501;https://satijalab.org/seurat/reference/cc.genes.updated.2019.html;https://zfin.org/downloads/human_orthos.txt,kif11,kif11,True,0.22465904902322653,True
kif20ba,KIF20B,KIF20B,proliferation,G2M_phase,zebrafish_to_human,ZFIN human orthology download,reviewed_external_consensus,Seurat_cc.genes.updated.2019/Tirosh2016,1,core_or_Seurat_phase_marker+ZFIN_ortholog+present_in_all_genes,ZDB-GENE-041111-213,AA;CL,ZDB-PUB-030905-1,https://doi.org/10.1126/science.aad0501;https://satijalab.org/seurat/reference/cc.genes.updated.2019.html;https://zfin.org/downloads/human_orthos.txt,kif20ba,kif20ba,True,0.10099520825654172,True
kif20bb,KIF20B,KIF20B,proliferation,G2M_phase,zebrafish_to_human,ZFIN human orthology download,reviewed_external_consensus,Seurat_cc.genes.updated.2019/Tirosh2016,1,core_or_Seurat_phase_marker+ZFIN_ortholog+present_in_all_genes,ZDB-GENE-030131-9684,AA;CL,ZDB-PUB-030905-1,https://doi.org/10.1126/science.aad0501;https://satijalab.org/seurat/reference/cc.genes.updated.2019.html;https://zfin.org/downloads/human_orthos.txt,kif20bb,kif20bb,True,0.1489126428308149,True
kif23,KIF23,KIF23,proliferation,G2M_phase,zebrafish_to_human,ZFIN human orthology download,reviewed_external_consensus,Seurat_cc.genes.updated.2019/Tirosh2016;Reactome_Cell_Cycle_Mitotic_or_DNA_Replication,2,core_or_Seurat_phase_marker+ZFIN_ortholog+present_in_all_genes,ZDB-GENE-991019-4,AA;CL,ZDB-PUB-001019-5;ZDB-PUB-020220-10;ZDB-PUB-050823-6,https://doi.org/10.1126/science.aad0501;https://reactome.org/content/detail/R-HSA-69278;https://reactome.org/content/detail/R-HSA-69306;https://satijalab.org/seurat/reference/cc.genes.updated.2019.html;https://zfin.org/downloads/human_orthos.txt,kif23,kif23,True,0.15591596019167048,True
kif2c,KIF2C,KIF2C,proliferation,G2M_phase,zebrafish_to_human,ZFIN human orthology download,reviewed_external_consensus,Seurat_cc.genes.updated.2019/Tirosh2016;Reactome_Cell_Cycle_Mitotic_or_DNA_Replication,2,core_or_Seurat_phase_marker+ZFIN_ortholog+present_in_all_genes,ZDB-GENE-070912-298,AA;CL,ZDB-PUB-030905-1;ZDB-PUB-200502-3,https://doi.org/10.1126/science.aad0501;https://reactome.org/content/detail/R-HSA-69278;https://reactome.org/content/detail/R-HSA-69306;https://satijalab.org/seurat/reference/cc.genes.updated.2019.html;https://zfin.org/downloads/human_orthos.txt,kif2c,kif2c,True,0.15757464061924153,True
lbr,LBR,LBR,proliferation,G2M_phase,zebrafish_to_human,ZFIN human orthology download,reviewed_external_consensus,Seurat_cc.genes.updated.2019/Tirosh2016;Reactome_Cell_Cycle_Mitotic_or_DNA_Replication,2,core_or_Seurat_phase_marker+ZFIN_ortholog+present_in_all_genes,ZDB-GENE-030804-11,AA;CL,ZDB-PUB-030905-1;ZDB-PUB-050823-6;ZDB-PUB-060616-40,https://doi.org/10.1126/science.aad0501;https://reactome.org/content/detail/R-HSA-69278;https://reactome.org/content/detail/R-HSA-69306;https://satijalab.org/seurat/reference/cc.genes.updated.2019.html;https://zfin.org/downloads/human_orthos.txt,lbr,lbr,True,0.5622926649465608,True
mad2l1,MAD2L1,MAD2L1,proliferation,G2M_phase,zebrafish_to_human,ZFIN human orthology download,reviewed_external_consensus,KEGG_hsa04110_Cell_cycle;Reactome_Cell_Cycle_Mitotic_or_DNA_Replication;previous_reviewed_core_panel,2,core_or_Seurat_phase_marker+ZFIN_ortholog+present_in_all_genes,ZDB-GENE-030515-3,AA;CL,ZDB-PUB-030905-1,https://reactome.org/content/detail/R-HSA-69278;https://reactome.org/content/detail/R-HSA-69306;https://www.kegg.jp/pathway/hsa04110;https://zfin.org/downloads/human_orthos.txt,mad2l1,mad2l1,True,0.28418724659049893,True
mki67,MKI67,MKI67,proliferation,G2M_phase,zebrafish_to_human,ZFIN human orthology download,reviewed_external_consensus,Seurat_cc.genes.updated.2019/Tirosh2016;previous_reviewed_core_panel,1,core_or_Seurat_phase_marker+ZFIN_ortholog+present_in_all_genes,ZDB-GENE-030131-9771,AA,ZDB-PUB-030905-1,https://doi.org/10.1126/science.aad0501;https://satijalab.org/seurat/reference/cc.genes.updated.2019.html;https://zfin.org/downloads/human_orthos.txt,mki67,mki67,True,0.4321784002948944,True
ncapd2,NCAPD2,NCAPD2,proliferation,G2M_phase,zebrafish_to_human,ZFIN human orthology download,reviewed_external_consensus,Seurat_cc.genes.updated.2019/Tirosh2016;Reactome_Cell_Cycle_Mitotic_or_DNA_Replication,2,core_or_Seurat_phase_marker+ZFIN_ortholog+present_in_all_genes,ZDB-GENE-050506-59,AA,ZDB-PUB-030905-1,https://doi.org/10.1126/science.aad0501;https://reactome.org/content/detail/R-HSA-69278;https://reactome.org/content/detail/R-HSA-69306;https://satijalab.org/seurat/reference/cc.genes.updated.2019.html;https://zfin.org/downloads/human_orthos.txt,ncapd2,ncapd2,True,0.3131220051603496,True
ndc80,NDC80,NDC80,proliferation,G2M_phase,zebrafish_to_human,ZFIN human orthology download,reviewed_external_consensus,Seurat_cc.genes.updated.2019/Tirosh2016;KEGG_hsa04110_Cell_cycle;Reactome_Cell_Cycle_Mitotic_or_DNA_Replication;previous_reviewed_core_panel,3,core_or_Seurat_phase_marker+ZFIN_ortholog+present_in_all_genes,ZDB-GENE-030131-904,AA;CL,ZDB-PUB-030905-1;ZDB-PUB-140513-246,https://doi.org/10.1126/science.aad0501;https://reactome.org/content/detail/R-HSA-69278;https://reactome.org/content/detail/R-HSA-69306;https://satijalab.org/seurat/reference/cc.genes.updated.2019.html;https://www.kegg.jp/pathway/hsa04110;https://zfin.org/downloads/human_orthos.txt,ndc80,ndc80,True,0.1660523405823825,True
nek2,NEK2,NEK2,proliferation,G2M_phase,zebrafish_to_human,ZFIN human orthology download,reviewed_external_consensus,Seurat_cc.genes.updated.2019/Tirosh2016;Reactome_Cell_Cycle_Mitotic_or_DNA_Replication,2,core_or_Seurat_phase_marker+ZFIN_ortholog+present_in_all_genes,ZDB-GENE-040426-752,AA;CL,ZDB-PUB-050823-6,https://doi.org/10.1126/science.aad0501;https://reactome.org/content/detail/R-HSA-69278;https://reactome.org/content/detail/R-HSA-69306;https://satijalab.org/seurat/reference/cc.genes.updated.2019.html;https://zfin.org/downloads/human_orthos.txt,nek2,nek2,True,0.07611500184297773,True
plk1,PLK1,PLK1,proliferation,G2M_phase,zebrafish_to_human,ZFIN human orthology download,reviewed_external_consensus,KEGG_hsa04110_Cell_cycle;Reactome_Cell_Cycle_Mitotic_or_DNA_Replication;previous_reviewed_core_panel,2,core_or_Seurat_phase_marker+ZFIN_ortholog+present_in_all_genes,ZDB-GENE-021115-7,AA;CL,ZDB-PUB-030905-1;ZDB-PUB-040708-1;ZDB-PUB-050823-6;ZDB-PUB-201121-12,https://reactome.org/content/detail/R-HSA-69278;https://reactome.org/content/detail/R-HSA-69306;https://www.kegg.jp/pathway/hsa04110;https://zfin.org/downloads/human_orthos.txt,plk1,plk1,True,0.23332104681165317,True
rangap1a,RANGAP1,RANGAP1,proliferation,G2M_phase,zebrafish_to_human,ZFIN human orthology download,reviewed_external_consensus,Seurat_cc.genes.updated.2019/Tirosh2016;Reactome_Cell_Cycle_Mitotic_or_DNA_Replication,2,core_or_Seurat_phase_marker+ZFIN_ortholog+present_in_all_genes,ZDB-GENE-060929-492,AA;CL,ZDB-PUB-030905-1,https://doi.org/10.1126/science.aad0501;https://reactome.org/content/detail/R-HSA-69278;https://reactome.org/content/detail/R-HSA-69306;https://satijalab.org/seurat/reference/cc.genes.updated.2019.html;https://zfin.org/downloads/human_orthos.txt,rangap1a,rangap1a,True,0.3704386288241939,True
rangap1b,RANGAP1,RANGAP1,proliferation,G2M_phase,zebrafish_to_human,ZFIN human orthology download,reviewed_external_consensus,Seurat_cc.genes.updated.2019/Tirosh2016;Reactome_Cell_Cycle_Mitotic_or_DNA_Replication,2,core_or_Seurat_phase_marker+ZFIN_ortholog+present_in_all_genes,ZDB-GENE-040426-1921,AA;CL,ZDB-PUB-030905-1,https://doi.org/10.1126/science.aad0501;https://reactome.org/content/detail/R-HSA-69278;https://reactome.org/content/detail/R-HSA-69306;https://satijalab.org/seurat/reference/cc.genes.updated.2019.html;https://zfin.org/downloads/human_orthos.txt,rangap1b,rangap1b,True,0.33136748986363124,True
smc4,SMC4,SMC4,proliferation,G2M_phase,zebrafish_to_human,ZFIN human orthology download,reviewed_external_consensus,Seurat_cc.genes.updated.2019/Tirosh2016;Reactome_Cell_Cycle_Mitotic_or_DNA_Replication;previous_reviewed_core_panel,2,core_or_Seurat_phase_marker+ZFIN_ortholog+present_in_all_genes,ZDB-GENE-020419-21,AA;CL;NT,ZDB-PUB-020521-9;ZDB-PUB-050823-6;ZDB-PUB-090914-18,https://doi.org/10.1126/science.aad0501;https://reactome.org/content/detail/R-HSA-69278;https://reactome.org/content/detail/R-HSA-69306;https://satijalab.org/seurat/reference/cc.genes.updated.2019.html;https://zfin.org/downloads/human_orthos.txt,smc4,smc4,True,0.3650939918909094,True
tacc3,TACC3,TACC3,proliferation,G2M_phase,zebrafish_to_human,ZFIN human orthology download,reviewed_external_consensus,Seurat_cc.genes.updated.2019/Tirosh2016,1,core_or_Seurat_phase_marker+ZFIN_ortholog+present_in_all_genes,ZDB-GENE-050522-327,AA;CL,ZDB-PUB-050823-6;ZDB-PUB-200710-20,https://doi.org/10.1126/science.aad0501;https://satijalab.org/seurat/reference/cc.genes.updated.2019.html;https://zfin.org/downloads/human_orthos.txt,tacc3,tacc3,True,0.238481385919652,True
tmpoa,TMPO,TMPO,proliferation,G2M_phase,zebrafish_to_human,ZFIN human orthology download,reviewed_external_consensus,Seurat_cc.genes.updated.2019/Tirosh2016;Reactome_Cell_Cycle_Mitotic_or_DNA_Replication,2,core_or_Seurat_phase_marker+ZFIN_ortholog+present_in_all_genes,ZDB-GENE-030131-6003,AA;CL,ZDB-PUB-020723-5;ZDB-PUB-050823-6;ZDB-PUB-150115-13;ZDB-PUB-190816-7,https://doi.org/10.1126/science.aad0501;https://reactome.org/content/detail/R-HSA-69278;https://reactome.org/content/detail/R-HSA-69306;https://satijalab.org/seurat/reference/cc.genes.updated.2019.html;https://zfin.org/downloads/human_orthos.txt,tmpoa,tmpoa,True,0.21138960560265807,True
tmpob,TMPO,TMPO,proliferation,G2M_phase,zebrafish_to_human,ZFIN human orthology download,reviewed_external_consensus,Seurat_cc.genes.updated.2019/Tirosh2016;Reactome_Cell_Cycle_Mitotic_or_DNA_Replication,2,core_or_Seurat_phase_marker+ZFIN_ortholog+present_in_all_genes,ZDB-GENE-050522-8,AA;CL,ZDB-PUB-030905-1;ZDB-PUB-120706-19;ZDB-PUB-150115-13,https://doi.org/10.1126/science.aad0501;https://reactome.org/content/detail/R-HSA-69278;https://reactome.org/content/detail/R-HSA-69306;https://satijalab.org/seurat/reference/cc.genes.updated.2019.html;https://zfin.org/downloads/human_orthos.txt,tmpob,tmpob,True,0.22244747511979845,True
top2a,TOP2A,TOP2A,proliferation,G2M_phase,zebrafish_to_human,ZFIN human orthology download,reviewed_external_consensus,Seurat_cc.genes.updated.2019/Tirosh2016;Reactome_Cell_Cycle_Mitotic_or_DNA_Replication;previous_reviewed_core_panel,2,core_or_Seurat_phase_marker+ZFIN_ortholog+present_in_all_genes,ZDB-GENE-030131-2453,AA;CL,ZDB-PUB-040708-1;ZDB-PUB-050823-6;ZDB-PUB-060207-14;ZDB-PUB-090116-21;ZDB-PUB-111129-29,https://doi.org/10.1126/science.aad0501;https://reactome.org/content/detail/R-HSA-69278;https://reactome.org/content/detail/R-HSA-69306;https://satijalab.org/seurat/reference/cc.genes.updated.2019.html;https://zfin.org/downloads/human_orthos.txt,top2a,top2a,True,0.28326575746407057,True
tpx2,TPX2,TPX2,proliferation,G2M_phase,zebrafish_to_human,ZFIN human orthology download,reviewed_external_consensus,Seurat_cc.genes.updated.2019/Tirosh2016;Reactome_Cell_Cycle_Mitotic_or_DNA_Replication;previous_reviewed_core_panel,2,core_or_Seurat_phase_marker+ZFIN_ortholog+present_in_all_genes,ZDB-GENE-030131-9652,AA,ZDB-PUB-050823-6,https://doi.org/10.1126/science.aad0501;https://reactome.org/content/detail/R-HSA-69278;https://reactome.org/content/detail/R-HSA-69306;https://satijalab.org/seurat/reference/cc.genes.updated.2019.html;https://zfin.org/downloads/human_orthos.txt,tpx2,tpx2,True,0.2856616291927843,True
ttk,TTK,TTK,proliferation,G2M_phase,zebrafish_to_human,ZFIN human orthology download,reviewed_external_consensus,Seurat_cc.genes.updated.2019/Tirosh2016;KEGG_hsa04110_Cell_cycle,2,core_or_Seurat_phase_marker+ZFIN_ortholog+present_in_all_genes,ZDB-GENE-030123-1,AA;CL,ZDB-PUB-030102-3;ZDB-PUB-030905-1;ZDB-PUB-070523-31,https://doi.org/10.1126/science.aad0501;https://satijalab.org/seurat/reference/cc.genes.updated.2019.html;https://www.kegg.jp/pathway/hsa04110;https://zfin.org/downloads/human_orthos.txt,ttk,ttk,True,0.23553262071508124,True
ube2c,UBE2C,UBE2C,proliferation,G2M_phase,zebrafish_to_human,ZFIN human orthology download,reviewed_external_consensus,Seurat_cc.genes.updated.2019/Tirosh2016;Reactome_Cell_Cycle_Mitotic_or_DNA_Replication;previous_reviewed_core_panel,2,core_or_Seurat_phase_marker+ZFIN_ortholog+present_in_all_genes,ZDB-GENE-051030-48,AA;CL,ZDB-PUB-030905-1,https://doi.org/10.1126/science.aad0501;https://reactome.org/content/detail/R-HSA-69278;https://reactome.org/content/detail/R-HSA-69306;https://satijalab.org/seurat/reference/cc.genes.updated.2019.html;https://zfin.org/downloads/human_orthos.txt,ube2c,ube2c,True,0.3000368595650668,True
atad2,ATAD2,ATAD2,proliferation,S_phase,zebrafish_to_human,ZFIN human orthology download,reviewed_external_consensus,Seurat_cc.genes.updated.2019/Tirosh2016,1,core_or_Seurat_phase_marker+ZFIN_ortholog+present_in_all_genes,ZDB-GENE-030131-7003,AA;CL,ZDB-PUB-030905-1;ZDB-PUB-050823-6,https://doi.org/10.1126/science.aad0501;https://satijalab.org/seurat/reference/cc.genes.updated.2019.html;https://zfin.org/downloads/human_orthos.txt,atad2,atad2,True,0.33689642462220143,True
blm,BLM,BLM,proliferation,S_phase,zebrafish_to_human,ZFIN human orthology download,reviewed_external_consensus,Seurat_cc.genes.updated.2019/Tirosh2016,1,core_or_Seurat_phase_marker+ZFIN_ortholog+present_in_all_genes,ZDB-GENE-070702-5,AA;CL,ZDB-PUB-030905-1,https://doi.org/10.1126/science.aad0501;https://satijalab.org/seurat/reference/cc.genes.updated.2019.html;https://zfin.org/downloads/human_orthos.txt,blm,blm,True,0.09915223000368513,True
casp8ap2,CASP8AP2,CASP8AP2,proliferation,S_phase,zebrafish_to_human,ZFIN human orthology download,reviewed_external_consensus,Seurat_cc.genes.updated.2019/Tirosh2016,1,core_or_Seurat_phase_marker+ZFIN_ortholog+present_in_all_genes,ZDB-GENE-030826-8,AA;CL,ZDB-PUB-030905-1,https://doi.org/10.1126/science.aad0501;https://satijalab.org/seurat/reference/cc.genes.updated.2019.html;https://zfin.org/downloads/human_orthos.txt,casp8ap2,casp8ap2,True,0.28547733136749864,True
ccne1,CCNE1,CCNE1,proliferation,S_phase,zebrafish_to_human,ZFIN human orthology download,reviewed_external_consensus,KEGG_hsa04110_Cell_cycle;Reactome_Cell_Cycle_Mitotic_or_DNA_Replication;previous_reviewed_core_panel,2,core_or_Seurat_phase_marker+ZFIN_ortholog+present_in_all_genes,ZDB-GENE-980526-168,AA;CL;OT,ZDB-PUB-010112-1;ZDB-PUB-030905-1;ZDB-PUB-050823-6;ZDB-PUB-961014-1291;ZDB-PUB-990507-7,https://reactome.org/content/detail/R-HSA-69278;https://reactome.org/content/detail/R-HSA-69306;https://www.kegg.jp/pathway/hsa04110;https://zfin.org/downloads/human_orthos.txt,ccne1,ccne1,True,0.0744563214154068,True
cdc45,CDC45,CDC45,proliferation,S_phase,zebrafish_to_human,ZFIN human orthology download,reviewed_external_consensus,Seurat_cc.genes.updated.2019/Tirosh2016;KEGG_hsa04110_Cell_cycle;Reactome_Cell_Cycle_Mitotic_or_DNA_Replication,3,core_or_Seurat_phase_marker+ZFIN_ortholog+present_in_all_genes,ZDB-GENE-040426-2710,AA;CL,ZDB-PUB-030905-1;ZDB-PUB-050823-6;ZDB-PUB-150703-3,https://doi.org/10.1126/science.aad0501;https://reactome.org/content/detail/R-HSA-69278;https://reactome.org/content/detail/R-HSA-69306;https://satijalab.org/seurat/reference/cc.genes.updated.2019.html;https://www.kegg.jp/pathway/hsa04110;https://zfin.org/downloads/human_orthos.txt,cdc45,cdc45,True,0.1653151492812398,True
cdc6,CDC6,CDC6,proliferation,S_phase,zebrafish_to_human,ZFIN human orthology download,reviewed_external_consensus,Seurat_cc.genes.updated.2019/Tirosh2016;KEGG_hsa04110_Cell_cycle;Reactome_Cell_Cycle_Mitotic_or_DNA_Replication;previous_reviewed_core_panel,3,core_or_Seurat_phase_marker+ZFIN_ortholog+present_in_all_genes,ZDB-GENE-050506-131,AA;CL,ZDB-PUB-030905-1,https://doi.org/10.1126/science.aad0501;https://reactome.org/content/detail/R-HSA-69278;https://reactome.org/content/detail/R-HSA-69306;https://satijalab.org/seurat/reference/cc.genes.updated.2019.html;https://www.kegg.jp/pathway/hsa04110;https://zfin.org/downloads/human_orthos.txt,cdc6,cdc6,True,0.18558791006266384,True
cdca7a,CDCA7,CDCA7,proliferation,S_phase,zebrafish_to_human,ZFIN human orthology download,reviewed_external_consensus,Seurat_cc.genes.updated.2019/Tirosh2016,1,core_or_Seurat_phase_marker+ZFIN_ortholog+present_in_all_genes,ZDB-GENE-050417-29,AA;CL,ZDB-PUB-030905-1,https://doi.org/10.1126/science.aad0501;https://satijalab.org/seurat/reference/cc.genes.updated.2019.html;https://zfin.org/downloads/human_orthos.txt,cdca7a,cdca7a,True,0.30943604865463614,True
chaf1b,CHAF1B,CHAF1B,proliferation,S_phase,zebrafish_to_human,ZFIN human orthology download,reviewed_external_consensus,Seurat_cc.genes.updated.2019/Tirosh2016,1,core_or_Seurat_phase_marker+ZFIN_ortholog+present_in_all_genes,ZDB-GENE-040426-1947,AA;CL,ZDB-PUB-030905-1;ZDB-PUB-050823-6,https://doi.org/10.1126/science.aad0501;https://satijalab.org/seurat/reference/cc.genes.updated.2019.html;https://zfin.org/downloads/human_orthos.txt,chaf1b,chaf1b,True,0.24419461850350788,True
dscc1,DSCC1,DSCC1,proliferation,S_phase,zebrafish_to_human,ZFIN human orthology download,reviewed_external_consensus,Seurat_cc.genes.updated.2019/Tirosh2016,1,core_or_Seurat_phase_marker+ZFIN_ortholog+present_in_all_genes,ZDB-GENE-040912-35,AA;CL,ZDB-PUB-030905-1,https://doi.org/10.1126/science.aad0501;https://satijalab.org/seurat/reference/cc.genes.updated.2019.html;https://zfin.org/downloads/human_orthos.txt,dscc1,dscc1,True,0.15904902322152692,True
dtl,DTL,DTL,proliferation,S_phase,zebrafish_to_human,ZFIN human orthology download,reviewed_external_consensus,Seurat_cc.genes.updated.2019/Tirosh2016,1,core_or_Seurat_phase_marker+ZFIN_ortholog+present_in_all_genes,ZDB-GENE-020419-34,AA;CL,ZDB-PUB-050823-6,https://doi.org/10.1126/science.aad0501;https://satijalab.org/seurat/reference/cc.genes.updated.2019.html;https://zfin.org/downloads/human_orthos.txt,dtl,dtl,True,0.10707703649096847,True
e2f8,E2F8,E2F8,proliferation,S_phase,zebrafish_to_human,ZFIN human orthology download,reviewed_external_consensus,Seurat_cc.genes.updated.2019/Tirosh2016,1,core_or_Seurat_phase_marker+ZFIN_ortholog+present_in_all_genes,ZDB-GENE-041111-260,AA;CL,ZDB-PUB-030905-1,https://doi.org/10.1126/science.aad0501;https://satijalab.org/seurat/reference/cc.genes.updated.2019.html;https://zfin.org/downloads/human_orthos.txt,e2f8,e2f8,True,0.1913011426465197,True
exo1,EXO1,EXO1,proliferation,S_phase,zebrafish_to_human,ZFIN human orthology download,reviewed_external_consensus,Seurat_cc.genes.updated.2019/Tirosh2016,1,core_or_Seurat_phase_marker+ZFIN_ortholog+present_in_all_genes,ZDB-GENE-040426-2828,AA,ZDB-PUB-030905-1,https://doi.org/10.1126/science.aad0501;https://satijalab.org/seurat/reference/cc.genes.updated.2019.html;https://zfin.org/downloads/human_orthos.txt,exo1,exo1,True,0.06468853667526686,True
fen1,FEN1,FEN1,proliferation,S_phase,zebrafish_to_human,ZFIN human orthology download,reviewed_external_consensus,Seurat_cc.genes.updated.2019/Tirosh2016;Reactome_Cell_Cycle_Mitotic_or_DNA_Replication,2,core_or_Seurat_phase_marker+ZFIN_ortholog+present_in_all_genes,ZDB-GENE-031112-11,AA,ZDB-PUB-030905-1;ZDB-PUB-040708-1,https://doi.org/10.1126/science.aad0501;https://reactome.org/content/detail/R-HSA-69278;https://reactome.org/content/detail/R-HSA-69306;https://satijalab.org/seurat/reference/cc.genes.updated.2019.html;https://zfin.org/downloads/human_orthos.txt,fen1,fen1,True,0.3925543678584747,True
gins1,GINS1,GINS1,proliferation,S_phase,zebrafish_to_human,ZFIN human orthology download,reviewed_external_consensus,Reactome_Cell_Cycle_Mitotic_or_DNA_Replication;previous_reviewed_core_panel,1,core_or_Seurat_phase_marker+ZFIN_ortholog+present_in_all_genes,ZDB-GENE-041010-184,AA;CL;PT,ZDB-PUB-030905-1,https://reactome.org/content/detail/R-HSA-69278;https://reactome.org/content/detail/R-HSA-69306;https://zfin.org/downloads/human_orthos.txt,gins1,gins1,True,0.2694434205676451,True
gins2,GINS2,GINS2,proliferation,S_phase,zebrafish_to_human,ZFIN human orthology download,reviewed_external_consensus,Seurat_cc.genes.updated.2019/Tirosh2016;Reactome_Cell_Cycle_Mitotic_or_DNA_Replication;previous_reviewed_core_panel,2,core_or_Seurat_phase_marker+ZFIN_ortholog+present_in_all_genes,ZDB-GENE-050419-19,AA;CL,ZDB-PUB-030905-1,https://doi.org/10.1126/science.aad0501;https://reactome.org/content/detail/R-HSA-69278;https://reactome.org/content/detail/R-HSA-69306;https://satijalab.org/seurat/reference/cc.genes.updated.2019.html;https://zfin.org/downloads/human_orthos.txt,gins2,gins2,True,0.2537781054183629,True
gins3,GINS3,GINS3,proliferation,S_phase,zebrafish_to_human,ZFIN human orthology download,reviewed_external_consensus,Reactome_Cell_Cycle_Mitotic_or_DNA_Replication;previous_reviewed_core_panel,1,core_or_Seurat_phase_marker+ZFIN_ortholog+present_in_all_genes,ZDB-GENE-040721-1,AA,ZDB-PUB-040708-1;ZDB-PUB-090807-12,https://reactome.org/content/detail/R-HSA-69278;https://reactome.org/content/detail/R-HSA-69306;https://zfin.org/downloads/human_orthos.txt,gins3,gins3,True,0.18614080353852086,True
gmnn,GMNN,GMNN,proliferation,S_phase,zebrafish_to_human,ZFIN human orthology download,reviewed_external_consensus,Seurat_cc.genes.updated.2019/Tirosh2016;Reactome_Cell_Cycle_Mitotic_or_DNA_Replication;previous_reviewed_core_panel,2,core_or_Seurat_phase_marker+ZFIN_ortholog+present_in_all_genes,ZDB-GENE-030429-30,AA;CL,ZDB-PUB-030905-1;ZDB-PUB-090330-4,https://doi.org/10.1126/science.aad0501;https://reactome.org/content/detail/R-HSA-69278;https://reactome.org/content/detail/R-HSA-69306;https://satijalab.org/seurat/reference/cc.genes.updated.2019.html;https://zfin.org/downloads/human_orthos.txt,gmnn,gmnn,True,0.2596756358275044,True
hells,HELLS,HELLS,proliferation,S_phase,zebrafish_to_human,ZFIN human orthology download,reviewed_external_consensus,Seurat_cc.genes.updated.2019/Tirosh2016,1,core_or_Seurat_phase_marker+ZFIN_ortholog+present_in_all_genes,ZDB-GENE-030131-9923,AA;PT,ZDB-PUB-030905-1;ZDB-PUB-170214-92,https://doi.org/10.1126/science.aad0501;https://satijalab.org/seurat/reference/cc.genes.updated.2019.html;https://zfin.org/downloads/human_orthos.txt,hells,hells,True,0.3322889789900596,True
mcm10,MCM10,MCM10,proliferation,S_phase,zebrafish_to_human,ZFIN human orthology download,reviewed_external_consensus,Reactome_Cell_Cycle_Mitotic_or_DNA_Replication;previous_reviewed_core_panel,1,core_or_Seurat_phase_marker+ZFIN_ortholog+present_in_all_genes,ZDB-GENE-041210-42,AA;CL,ZDB-PUB-030905-1,https://reactome.org/content/detail/R-HSA-69278;https://reactome.org/content/detail/R-HSA-69306;https://zfin.org/downloads/human_orthos.txt,mcm10,mcm10,True,0.1844821231109498,True
mcm2,MCM2,MCM2,proliferation,S_phase,zebrafish_to_human,ZFIN human orthology download,reviewed_external_consensus,KEGG_hsa04110_Cell_cycle;Reactome_Cell_Cycle_Mitotic_or_DNA_Replication;previous_reviewed_core_panel,2,core_or_Seurat_phase_marker+ZFIN_ortholog+present_in_all_genes,ZDB-GENE-020419-24,NT,ZDB-PUB-020521-9,https://reactome.org/content/detail/R-HSA-69278;https://reactome.org/content/detail/R-HSA-69306;https://www.kegg.jp/pathway/hsa04110;https://zfin.org/downloads/human_orthos.txt,mcm2,mcm2,True,0.42499078510875316,True
mcm3,MCM3,MCM3,proliferation,S_phase,zebrafish_to_human,ZFIN human orthology download,reviewed_external_consensus,KEGG_hsa04110_Cell_cycle;Reactome_Cell_Cycle_Mitotic_or_DNA_Replication;previous_reviewed_core_panel,2,core_or_Seurat_phase_marker+ZFIN_ortholog+present_in_all_genes,ZDB-GENE-020419-4,AA;CL;NT,ZDB-PUB-020521-9;ZDB-PUB-141209-4,https://reactome.org/content/detail/R-HSA-69278;https://reactome.org/content/detail/R-HSA-69306;https://www.kegg.jp/pathway/hsa04110;https://zfin.org/downloads/human_orthos.txt,mcm3,mcm3,True,0.3604865462587676,True
mcm4,MCM4,MCM4,proliferation,S_phase,zebrafish_to_human,ZFIN human orthology download,reviewed_external_consensus,Seurat_cc.genes.updated.2019/Tirosh2016;KEGG_hsa04110_Cell_cycle;Reactome_Cell_Cycle_Mitotic_or_DNA_Replication;previous_reviewed_core_panel,3,core_or_Seurat_phase_marker+ZFIN_ortholog+present_in_all_genes,ZDB-GENE-030131-9544,AA;CL,ZDB-PUB-030905-1;ZDB-PUB-050823-6,https://doi.org/10.1126/science.aad0501;https://reactome.org/content/detail/R-HSA-69278;https://reactome.org/content/detail/R-HSA-69306;https://satijalab.org/seurat/reference/cc.genes.updated.2019.html;https://www.kegg.jp/pathway/hsa04110;https://zfin.org/downloads/human_orthos.txt,mcm4,mcm4,True,0.4159601916697552,True
mcm5,MCM5,MCM5,proliferation,S_phase,zebrafish_to_human,ZFIN human orthology download,reviewed_external_consensus,Seurat_cc.genes.updated.2019/Tirosh2016;KEGG_hsa04110_Cell_cycle;Reactome_Cell_Cycle_Mitotic_or_DNA_Replication;previous_reviewed_core_panel,3,core_or_Seurat_phase_marker+ZFIN_ortholog+present_in_all_genes,ZDB-GENE-021209-1,AA;CL,ZDB-PUB-030905-1;ZDB-PUB-050823-6,https://doi.org/10.1126/science.aad0501;https://reactome.org/content/detail/R-HSA-69278;https://reactome.org/content/detail/R-HSA-69306;https://satijalab.org/seurat/reference/cc.genes.updated.2019.html;https://www.kegg.jp/pathway/hsa04110;https://zfin.org/downloads/human_orthos.txt,mcm5,mcm5,True,0.38204939181719133,True
mcm6,MCM6,MCM6,proliferation,S_phase,zebrafish_to_human,ZFIN human orthology download,reviewed_external_consensus,Seurat_cc.genes.updated.2019/Tirosh2016;KEGG_hsa04110_Cell_cycle;Reactome_Cell_Cycle_Mitotic_or_DNA_Replication;previous_reviewed_core_panel,3,core_or_Seurat_phase_marker+ZFIN_ortholog+present_in_all_genes,ZDB-GENE-030909-6,AA;CL,ZDB-PUB-001221-8;ZDB-PUB-030905-1;ZDB-PUB-141209-4,https://doi.org/10.1126/science.aad0501;https://reactome.org/content/detail/R-HSA-69278;https://reactome.org/content/detail/R-HSA-69306;https://satijalab.org/seurat/reference/cc.genes.updated.2019.html;https://www.kegg.jp/pathway/hsa04110;https://zfin.org/downloads/human_orthos.txt,mcm6,mcm6,True,0.41282712863989873,True
mrpl36,MRPL36,MRPL36,proliferation,S_phase,zebrafish_to_human,ZFIN human orthology download,reviewed_external_consensus,Seurat_cc.genes.updated.2019/Tirosh2016,1,core_or_Seurat_phase_marker+ZFIN_ortholog+present_in_all_genes,ZDB-GENE-060503-821,AA;CL,ZDB-PUB-030905-1,https://doi.org/10.1126/science.aad0501;https://satijalab.org/seurat/reference/cc.genes.updated.2019.html;https://zfin.org/downloads/human_orthos.txt,mrpl36,mrpl36,True,0.5678215997051294,True
msh2,MSH2,MSH2,proliferation,S_phase,zebrafish_to_human,ZFIN human orthology download,reviewed_external_consensus,Seurat_cc.genes.updated.2019/Tirosh2016,1,core_or_Seurat_phase_marker+ZFIN_ortholog+present_in_all_genes,ZDB-GENE-040426-2932,AA;CL,ZDB-PUB-041021-3;ZDB-PUB-050823-6,https://doi.org/10.1126/science.aad0501;https://satijalab.org/seurat/reference/cc.genes.updated.2019.html;https://zfin.org/downloads/human_orthos.txt,msh2,msh2,True,0.14117213416881663,True
nasp,NASP,NASP,proliferation,S_phase,zebrafish_to_human,ZFIN human orthology download,reviewed_external_consensus,Seurat_cc.genes.updated.2019/Tirosh2016,1,core_or_Seurat_phase_marker+ZFIN_ortholog+present_in_all_genes,ZDB-GENE-030131-5511,AA;CL,ZDB-PUB-030905-1;ZDB-PUB-050823-6,https://doi.org/10.1126/science.aad0501;https://satijalab.org/seurat/reference/cc.genes.updated.2019.html;https://zfin.org/downloads/human_orthos.txt,nasp,nasp,True,0.47991153704388373,True
orc1,ORC1,ORC1,proliferation,S_phase,zebrafish_to_human,ZFIN human orthology download,reviewed_external_consensus,KEGG_hsa04110_Cell_cycle;Reactome_Cell_Cycle_Mitotic_or_DNA_Replication;previous_reviewed_core_panel,2,core_or_Seurat_phase_marker+ZFIN_ortholog+present_in_all_genes,ZDB-GENE-030131-6960,AA;CL,ZDB-PUB-050823-6;ZDB-PUB-110317-7,https://reactome.org/content/detail/R-HSA-69278;https://reactome.org/content/detail/R-HSA-69306;https://www.kegg.jp/pathway/hsa04110;https://zfin.org/downloads/human_orthos.txt,orc1,orc1,True,0.16494655363066846,True
pcna,PCNA,PCNA,proliferation,S_phase,zebrafish_to_human,ZFIN human orthology download,reviewed_external_consensus,Seurat_cc.genes.updated.2019/Tirosh2016;KEGG_hsa04110_Cell_cycle;Reactome_Cell_Cycle_Mitotic_or_DNA_Replication;previous_reviewed_core_panel,3,core_or_Seurat_phase_marker+ZFIN_ortholog+present_in_all_genes,ZDB-GENE-000210-8,AA;OT,ZDB-PUB-030106-11;ZDB-PUB-050823-6;ZDB-PUB-101201-51;ZDB-PUB-180317-7,https://doi.org/10.1126/science.aad0501;https://reactome.org/content/detail/R-HSA-69278;https://reactome.org/content/detail/R-HSA-69306;https://satijalab.org/seurat/reference/cc.genes.updated.2019.html;https://www.kegg.jp/pathway/hsa04110;https://zfin.org/downloads/human_orthos.txt,pcna,pcna,True,0.59933652782897,True
pola1,POLA1,POLA1,proliferation,S_phase,zebrafish_to_human,ZFIN human orthology download,reviewed_external_consensus,Seurat_cc.genes.updated.2019/Tirosh2016;Reactome_Cell_Cycle_Mitotic_or_DNA_Replication,2,core_or_Seurat_phase_marker+ZFIN_ortholog+present_in_all_genes,ZDB-GENE-030114-9,AA;CL,ZDB-PUB-030905-1;ZDB-PUB-040708-1;ZDB-PUB-060315-2;ZDB-PUB-200403-145,https://doi.org/10.1126/science.aad0501;https://reactome.org/content/detail/R-HSA-69278;https://reactome.org/content/detail/R-HSA-69306;https://satijalab.org/seurat/reference/cc.genes.updated.2019.html;https://zfin.org/downloads/human_orthos.txt,pola1,pola1,True,0.27939550313307143,True
pola2,POLA2,POLA2,proliferation,S_phase,zebrafish_to_human,ZFIN human orthology download,reviewed_external_consensus,Reactome_Cell_Cycle_Mitotic_or_DNA_Replication;previous_reviewed_core_panel,1,core_or_Seurat_phase_marker+ZFIN_ortholog+present_in_all_genes,ZDB-GENE-030131-778,AA,ZDB-PUB-050823-6,https://reactome.org/content/detail/R-HSA-69278;https://reactome.org/content/detail/R-HSA-69306;https://zfin.org/downloads/human_orthos.txt,pola2,pola2,True,0.21986730556579903,True
pold3,POLD3,POLD3,proliferation,S_phase,zebrafish_to_human,ZFIN human orthology download,reviewed_external_consensus,Seurat_cc.genes.updated.2019/Tirosh2016;Reactome_Cell_Cycle_Mitotic_or_DNA_Replication,2,core_or_Seurat_phase_marker+ZFIN_ortholog+present_in_all_genes,ZDB-GENE-060512-59,AA;CL,ZDB-PUB-030905-1,https://doi.org/10.1126/science.aad0501;https://reactome.org/content/detail/R-HSA-69278;https://reactome.org/content/detail/R-HSA-69306;https://satijalab.org/seurat/reference/cc.genes.updated.2019.html;https://zfin.org/downloads/human_orthos.txt,pold3,pold3,True,0.27792112053078605,True
polr1b,POLR1B,POLR1B,proliferation,S_phase,zebrafish_to_human,ZFIN human orthology download,reviewed_external_consensus,Seurat_cc.genes.updated.2019/Tirosh2016,1,core_or_Seurat_phase_marker+ZFIN_ortholog+present_in_all_genes,ZDB-GENE-040426-1598,AA;PT,ZDB-PUB-030905-1;ZDB-PUB-191029-1,https://doi.org/10.1126/science.aad0501;https://satijalab.org/seurat/reference/cc.genes.updated.2019.html;https://zfin.org/downloads/human_orthos.txt,polr1b,polr1b,True,0.1373018798378175,True
prim1,PRIM1,PRIM1,proliferation,S_phase,zebrafish_to_human,ZFIN human orthology download,reviewed_external_consensus,Seurat_cc.genes.updated.2019/Tirosh2016;Reactome_Cell_Cycle_Mitotic_or_DNA_Replication,2,core_or_Seurat_phase_marker+ZFIN_ortholog+present_in_all_genes,ZDB-GENE-990603-6,AA;CL,ZDB-PUB-990507-7,https://doi.org/10.1126/science.aad0501;https://reactome.org/content/detail/R-HSA-69278;https://reactome.org/content/detail/R-HSA-69306;https://satijalab.org/seurat/reference/cc.genes.updated.2019.html;https://zfin.org/downloads/human_orthos.txt,prim1,prim1,True,0.26022852930336143,True
rad51,RAD51,RAD51,proliferation,S_phase,zebrafish_to_human,ZFIN human orthology download,reviewed_external_consensus,Seurat_cc.genes.updated.2019/Tirosh2016,1,core_or_Seurat_phase_marker+ZFIN_ortholog+present_in_all_genes,ZDB-GENE-040426-2286,AA;CL,ZDB-PUB-050823-6,https://doi.org/10.1126/science.aad0501;https://satijalab.org/seurat/reference/cc.genes.updated.2019.html;https://zfin.org/downloads/human_orthos.txt,rad51,rad51,True,0.2823442683376422,True
rad51ap1,RAD51AP1,RAD51AP1,proliferation,S_phase,zebrafish_to_human,ZFIN human orthology download,reviewed_external_consensus,Seurat_cc.genes.updated.2019/Tirosh2016,1,core_or_Seurat_phase_marker+ZFIN_ortholog+present_in_all_genes,ZDB-GENE-050419-96,AA;CL,ZDB-PUB-030905-1,https://doi.org/10.1126/science.aad0501;https://satijalab.org/seurat/reference/cc.genes.updated.2019.html;https://zfin.org/downloads/human_orthos.txt,rad51ap1,rad51ap1,True,0.118687799483965,True
rfc2,RFC2,RFC2,proliferation,S_phase,zebrafish_to_human,ZFIN human orthology download,reviewed_external_consensus,Seurat_cc.genes.updated.2019/Tirosh2016;Reactome_Cell_Cycle_Mitotic_or_DNA_Replication;previous_reviewed_core_panel,2,core_or_Seurat_phase_marker+ZFIN_ortholog+present_in_all_genes,ZDB-GENE-050306-29,AA,ZDB-PUB-030905-1,https://doi.org/10.1126/science.aad0501;https://reactome.org/content/detail/R-HSA-69278;https://reactome.org/content/detail/R-HSA-69306;https://satijalab.org/seurat/reference/cc.genes.updated.2019.html;https://zfin.org/downloads/human_orthos.txt,rfc2,rfc2,True,0.3077773682270651,True
rfc3,RFC3,RFC3,proliferation,S_phase,zebrafish_to_human,ZFIN human orthology download,reviewed_external_consensus,Reactome_Cell_Cycle_Mitotic_or_DNA_Replication;previous_reviewed_core_panel,1,core_or_Seurat_phase_marker+ZFIN_ortholog+present_in_all_genes,ZDB-GENE-020809-3,AA;CL,ZDB-PUB-030905-1;ZDB-PUB-110713-12,https://reactome.org/content/detail/R-HSA-69278;https://reactome.org/content/detail/R-HSA-69306;https://zfin.org/downloads/human_orthos.txt,rfc3,rfc3,True,0.3378179137486298,True
rrm1,RRM1,RRM1,proliferation,S_phase,zebrafish_to_human,ZFIN human orthology download,reviewed_external_consensus,Seurat_cc.genes.updated.2019/Tirosh2016,1,core_or_Seurat_phase_marker+ZFIN_ortholog+present_in_all_genes,ZDB-GENE-990415-247,AA;CL,ZDB-PUB-030905-1;ZDB-PUB-050823-6;ZDB-PUB-970324-10;ZDB-PUB-990507-7,https://doi.org/10.1126/science.aad0501;https://satijalab.org/seurat/reference/cc.genes.updated.2019.html;https://zfin.org/downloads/human_orthos.txt,rrm1,rrm1,True,0.39568743088833114,True
rrm2,RRM2,RRM2,proliferation,S_phase,zebrafish_to_human,ZFIN human orthology download,reviewed_external_consensus,Seurat_cc.genes.updated.2019/Tirosh2016;Reactome_Cell_Cycle_Mitotic_or_DNA_Replication,2,core_or_Seurat_phase_marker+ZFIN_ortholog+present_in_all_genes,ZDB-GENE-990415-25,AA;NT;PT,ZDB-PUB-110907-27;ZDB-PUB-970324-10,https://doi.org/10.1126/science.aad0501;https://reactome.org/content/detail/R-HSA-69278;https://reactome.org/content/detail/R-HSA-69306;https://satijalab.org/seurat/reference/cc.genes.updated.2019.html;https://zfin.org/downloads/human_orthos.txt,rrm2,rrm2,True,0.046258754146700935,True
tipin,TIPIN,TIPIN,proliferation,S_phase,zebrafish_to_human,ZFIN human orthology download,reviewed_external_consensus,Seurat_cc.genes.updated.2019/Tirosh2016,1,core_or_Seurat_phase_marker+ZFIN_ortholog+present_in_all_genes,ZDB-GENE-040801-189,AA;CL,ZDB-PUB-030905-1,https://doi.org/10.1126/science.aad0501;https://satijalab.org/seurat/reference/cc.genes.updated.2019.html;https://zfin.org/downloads/human_orthos.txt,tipin,tipin,True,0.25046074456322076,True
tyms,TYMS,TYMS,proliferation,S_phase,zebrafish_to_human,ZFIN human orthology download,reviewed_external_consensus,Seurat_cc.genes.updated.2019/Tirosh2016;Reactome_Cell_Cycle_Mitotic_or_DNA_Replication;previous_reviewed_core_panel,2,core_or_Seurat_phase_marker+ZFIN_ortholog+present_in_all_genes,ZDB-GENE-040426-59,AA,ZDB-PUB-060616-27;ZDB-PUB-101201-51;ZDB-PUB-120410-1,https://doi.org/10.1126/science.aad0501;https://reactome.org/content/detail/R-HSA-69278;https://reactome.org/content/detail/R-HSA-69306;https://satijalab.org/seurat/reference/cc.genes.updated.2019.html;https://zfin.org/downloads/human_orthos.txt,tyms,tyms,True,0.30058975304092383,True
ubr7,UBR7,UBR7,proliferation,S_phase,zebrafish_to_human,ZFIN human orthology download,reviewed_external_consensus,Seurat_cc.genes.updated.2019/Tirosh2016,1,core_or_Seurat_phase_marker+ZFIN_ortholog+present_in_all_genes,ZDB-GENE-030131-1535,AA;CL,ZDB-PUB-050823-6,https://doi.org/10.1126/science.aad0501;https://satijalab.org/seurat/reference/cc.genes.updated.2019.html;https://zfin.org/downloads/human_orthos.txt,ubr7,ubr7,True,0.3872097309251902,True
uhrf1,UHRF1,UHRF1,proliferation,S_phase,zebrafish_to_human,ZFIN human orthology download,reviewed_external_consensus,Seurat_cc.genes.updated.2019/Tirosh2016,1,core_or_Seurat_phase_marker+ZFIN_ortholog+present_in_all_genes,ZDB-GENE-040426-2039,AA,ZDB-PUB-040708-1;ZDB-PUB-070210-27;ZDB-PUB-111117-46,https://doi.org/10.1126/science.aad0501;https://satijalab.org/seurat/reference/cc.genes.updated.2019.html;https://zfin.org/downloads/human_orthos.txt,uhrf1,uhrf1,True,0.382233689642477,True
unga,UNG,UNG,proliferation,S_phase,zebrafish_to_human,ZFIN human orthology download,reviewed_external_consensus,Seurat_cc.genes.updated.2019/Tirosh2016,1,core_or_Seurat_phase_marker+ZFIN_ortholog+present_in_all_genes,ZDB-GENE-040426-900,AA,ZDB-PUB-030905-1;ZDB-PUB-140513-134,https://doi.org/10.1126/science.aad0501;https://satijalab.org/seurat/reference/cc.genes.updated.2019.html;https://zfin.org/downloads/human_orthos.txt,unga,unga,True,0.21949870991522769,True
usp1,USP1,USP1,proliferation,S_phase,zebrafish_to_human,ZFIN human orthology download,reviewed_external_consensus,Seurat_cc.genes.updated.2019/Tirosh2016,1,core_or_Seurat_phase_marker+ZFIN_ortholog+present_in_all_genes,ZDB-GENE-030131-726,AA;CL,ZDB-PUB-030905-1;ZDB-PUB-140513-176,https://doi.org/10.1126/science.aad0501;https://satijalab.org/seurat/reference/cc.genes.updated.2019.html;https://zfin.org/downloads/human_orthos.txt,usp1,usp1,True,0.39753040914118787,True
wdr76,WDR76,WDR76,proliferation,S_phase,zebrafish_to_human,ZFIN human orthology download,reviewed_external_consensus,Seurat_cc.genes.updated.2019/Tirosh2016,1,core_or_Seurat_phase_marker+ZFIN_ortholog+present_in_all_genes,ZDB-GENE-030131-4513,AA;CL,ZDB-PUB-030905-1,https://doi.org/10.1126/science.aad0501;https://satijalab.org/seurat/reference/cc.genes.updated.2019.html;https://zfin.org/downloads/human_orthos.txt,wdr76,wdr76,True,0.3096203464799218,True
