source_hpf,target_hpf,source,target,mass,conditional_target_fraction,source_mass_fraction,model,matrix_kind,source_type_cells,source_type_fish,source_type_supported,target_type_cells,target_type_fish,target_type_supported,source_time_cells,source_time_fish,source_time_supported,target_time_cells,target_time_fish,target_time_supported,supported_for_type_level_claim,support_status
14.0,16.0,erythroblast,erythroblast,0.2100674547066425,0.5654309587039698,0.5887240804450797,M0,raw,34,4,True,105,4,True,77,4,True,186,4,True,True,supported
14.0,16.0,erythroblast,hematopoietic_stem_and_progenitor_HSPC,0.05650414019259729,0.1520901474455459,0.5887240804450797,M0,raw,34,4,True,29,4,True,77,4,True,186,4,True,True,supported
14.0,16.0,erythroblast,macrophage,0.014226602446004624,0.03829323048340944,0.5887240804450797,M0,raw,34,4,True,23,4,True,77,4,True,186,4,True,True,supported
14.0,16.0,macrophage_immature,erythroblast,0.004952922209033508,0.08708720018466684,0.09012386093203932,M0,raw,20,4,True,105,4,True,77,4,True,186,4,True,True,supported
14.0,16.0,macrophage_immature,hematopoietic_stem_and_progenitor_HSPC,0.014991231952358686,0.26359073753847495,0.09012386093203932,M0,raw,20,4,True,29,4,True,77,4,True,186,4,True,True,supported
14.0,16.0,macrophage_immature,macrophage,0.003097886594001748,0.054470120582384624,0.09012386093203932,M0,raw,20,4,True,23,4,True,77,4,True,186,4,True,True,supported
14.0,16.0,erythroblast,erythroblast,0.21011977708331048,0.5654123974929063,0.588925571639728,M1,raw,34,4,True,105,4,True,77,4,True,186,4,True,True,supported
14.0,16.0,erythroblast,hematopoietic_stem_and_progenitor_HSPC,0.05653061476054139,0.15211852433496784,0.588925571639728,M1,raw,34,4,True,29,4,True,77,4,True,186,4,True,True,supported
14.0,16.0,erythroblast,macrophage,0.014231162677629989,0.03829470942889869,0.588925571639728,M1,raw,34,4,True,23,4,True,77,4,True,186,4,True,True,supported
14.0,16.0,macrophage_immature,erythroblast,0.004950923583840612,0.08704460479591575,0.09013701523817962,M1,raw,20,4,True,105,4,True,77,4,True,186,4,True,True,supported
14.0,16.0,macrophage_immature,hematopoietic_stem_and_progenitor_HSPC,0.014993825295073177,0.26361376318723373,0.09013701523817962,M1,raw,20,4,True,29,4,True,77,4,True,186,4,True,True,supported
14.0,16.0,macrophage_immature,macrophage,0.003095733678232679,0.05442760527645528,0.09013701523817962,M1,raw,20,4,True,23,4,True,77,4,True,186,4,True,True,supported
16.0,19.0,erythroblast,erythroblast,0.26965058791125635,0.7217671795076754,0.4858709855549445,M0,raw,105,4,True,36,3,True,186,4,True,79,4,True,True,supported
16.0,19.0,hematopoietic_stem_and_progenitor_HSPC,erythroblast,0.034639343786639576,0.27869534613282154,0.16164291104150538,M0,raw,29,4,True,36,3,True,186,4,True,79,4,True,True,supported
16.0,19.0,macrophage,erythroblast,0.0218990618854479,0.13722678147533127,0.20754073813023946,M0,raw,23,4,True,36,3,True,186,4,True,79,4,True,True,supported
16.0,19.0,erythroblast,erythroblast,0.2699139055958139,0.7216348332237905,0.4866435610779808,M1,raw,105,4,True,36,3,True,186,4,True,79,4,True,True,supported
16.0,19.0,hematopoietic_stem_and_progenitor_HSPC,erythroblast,0.03453072147201679,0.2784125486430127,0.16136898114123543,M1,raw,29,4,True,36,3,True,186,4,True,79,4,True,True,supported
16.0,19.0,macrophage,erythroblast,0.021779543506626694,0.13700907053746425,0.20682482387867604,M1,raw,23,4,True,36,3,True,186,4,True,79,4,True,True,supported
19.0,24.0,erythroblast,erythroblast,0.24001255289230092,0.6736262843242389,0.48341767204113534,M0,raw,36,3,True,807,4,True,79,4,True,1177,4,True,True,supported
19.0,24.0,erythroblast,hematopoietic_stem_and_progenitor_HSPC,0.03469792351657225,0.09738421182796794,0.48341767204113534,M0,raw,36,3,True,27,4,True,79,4,True,1177,4,True,True,supported
19.0,24.0,erythroblast,macrophage,0.0253826589564482,0.07123971656088345,0.48341767204113534,M0,raw,36,3,True,93,4,True,79,4,True,1177,4,True,True,supported
19.0,24.0,erythroblast,macrophage_immature,0.02843230397081749,0.07979893987975438,0.48341767204113534,M0,raw,36,3,True,80,4,True,79,4,True,1177,4,True,True,supported
19.0,24.0,erythroblast,neutrophil,0.01095877841436681,0.030757229549219098,0.48341767204113534,M0,raw,36,3,True,42,4,True,79,4,True,1177,4,True,True,supported
19.0,24.0,erythroblast,non_specific_hematopoietic,0.016594705353396706,0.04657518772228669,0.48341767204113534,M0,raw,36,3,True,127,4,True,79,4,True,1177,4,True,True,supported
19.0,24.0,erythroblast,erythroblast,0.24056772007023114,0.6730841085801766,0.484982163384052,M1,raw,36,3,True,807,4,True,79,4,True,1177,4,True,True,supported
19.0,24.0,erythroblast,hematopoietic_stem_and_progenitor_HSPC,0.03478708395611605,0.09733073659205187,0.484982163384052,M1,raw,36,3,True,27,4,True,79,4,True,1177,4,True,True,supported
19.0,24.0,erythroblast,macrophage,0.025577364577196372,0.07156287481648188,0.484982163384052,M1,raw,36,3,True,93,4,True,79,4,True,1177,4,True,True,supported
19.0,24.0,erythroblast,macrophage_immature,0.028590582180831,0.07999355239911189,0.484982163384052,M1,raw,36,3,True,80,4,True,79,4,True,1177,4,True,True,supported
19.0,24.0,erythroblast,neutrophil,0.01102337003549266,0.030842272569748422,0.484982163384052,M1,raw,36,3,True,42,4,True,79,4,True,1177,4,True,True,supported
19.0,24.0,erythroblast,non_specific_hematopoietic,0.016642671127879868,0.046564507728766705,0.484982163384052,M1,raw,36,3,True,127,4,True,79,4,True,1177,4,True,True,supported
24.0,48.0,erythroblast,erythroblast,0.12286293339280467,0.701064126440684,0.23850654514904393,M0,raw,807,4,True,187,3,True,1177,4,True,466,4,True,True,supported
24.0,48.0,erythroblast,macrophage,0.011545654994826255,0.06588028064782815,0.23850654514904393,M0,raw,807,4,True,73,4,True,1177,4,True,466,4,True,True,supported
24.0,48.0,erythroblast,macrophage_immature,0.016073459538155296,0.09171623661279482,0.23850654514904393,M0,raw,807,4,True,64,4,True,1177,4,True,466,4,True,True,supported
24.0,48.0,erythroblast,neutrophil,0.0012444173144448096,0.007100728538604179,0.23850654514904393,M0,raw,807,4,True,41,3,True,1177,4,True,466,4,True,True,supported
24.0,48.0,erythroblast,non_specific_hematopoietic,0.013274918856770858,0.07574757605810227,0.23850654514904393,M0,raw,807,4,True,72,4,True,1177,4,True,466,4,True,True,supported
24.0,48.0,hematopoietic_stem_and_progenitor_HSPC,erythroblast,0.010713011321604467,0.2065174662420793,0.07059792590303955,M0,raw,27,4,True,187,3,True,1177,4,True,466,4,True,True,supported
24.0,48.0,hematopoietic_stem_and_progenitor_HSPC,macrophage,0.008131522058951781,0.15675343578884524,0.07059792590303955,M0,raw,27,4,True,73,4,True,1177,4,True,466,4,True,True,supported
24.0,48.0,hematopoietic_stem_and_progenitor_HSPC,macrophage_immature,0.012456809528748617,0.2401331114202602,0.07059792590303955,M0,raw,27,4,True,64,4,True,1177,4,True,466,4,True,True,supported
24.0,48.0,hematopoietic_stem_and_progenitor_HSPC,neutrophil,0.001072724999820978,0.020679194886203504,0.07059792590303955,M0,raw,27,4,True,41,3,True,1177,4,True,466,4,True,True,supported
24.0,48.0,hematopoietic_stem_and_progenitor_HSPC,non_specific_hematopoietic,0.00973742277087508,0.18771079559242665,0.07059792590303955,M0,raw,27,4,True,72,4,True,1177,4,True,466,4,True,True,supported
24.0,48.0,macrophage,erythroblast,0.025486851346372838,0.10442151237425225,0.33217226910912007,M0,raw,93,4,True,187,3,True,1177,4,True,466,4,True,True,supported
24.0,48.0,macrophage,macrophage,0.07142469260331907,0.292632240881574,0.33217226910912007,M0,raw,93,4,True,73,4,True,1177,4,True,466,4,True,True,supported
24.0,48.0,macrophage,macrophage_immature,0.05485602276309172,0.22474917681715306,0.33217226910912007,M0,raw,93,4,True,64,4,True,1177,4,True,466,4,True,True,supported
24.0,48.0,macrophage,neutrophil,0.0002995809411032753,0.001227405242152746,0.33217226910912007,M0,raw,93,4,True,41,3,True,1177,4,True,466,4,True,True,supported
24.0,48.0,macrophage,non_specific_hematopoietic,0.07076726930954569,0.2899387290910072,0.33217226910912007,M0,raw,93,4,True,72,4,True,1177,4,True,466,4,True,True,supported
24.0,48.0,macrophage_immature,erythroblast,0.019862203969054318,0.13067329458985236,0.20686059182650987,M0,raw,80,4,True,187,3,True,1177,4,True,466,4,True,True,supported
24.0,48.0,macrophage_immature,macrophage,0.04415993638439248,0.2905278983750968,0.20686059182650987,M0,raw,80,4,True,73,4,True,1177,4,True,466,4,True,True,supported
24.0,48.0,macrophage_immature,macrophage_immature,0.03471335018971717,0.22837887691662812,0.20686059182650987,M0,raw,80,4,True,64,4,True,1177,4,True,466,4,True,True,supported
24.0,48.0,macrophage_immature,neutrophil,0.00026656894191630934,0.001753755118505795,0.20686059182650987,M0,raw,80,4,True,41,3,True,1177,4,True,466,4,True,True,supported
24.0,48.0,macrophage_immature,non_specific_hematopoietic,0.04030888440087581,0.2651918555519061,0.20686059182650987,M0,raw,80,4,True,72,4,True,1177,4,True,466,4,True,True,supported
24.0,48.0,neutrophil,erythroblast,0.0071970214601752925,0.09225527549905935,0.10616925107894631,M0,raw,42,4,True,187,3,True,1177,4,True,466,4,True,True,supported
24.0,48.0,neutrophil,macrophage,0.01500963659043358,0.192401560347367,0.10616925107894631,M0,raw,42,4,True,73,4,True,1177,4,True,466,4,True,True,supported
24.0,48.0,neutrophil,macrophage_immature,0.014265429752582935,0.18286191853386005,0.10616925107894631,M0,raw,42,4,True,64,4,True,1177,4,True,466,4,True,True,supported
24.0,48.0,neutrophil,neutrophil,0.018746541803137264,0.24030321269334354,0.10616925107894631,M0,raw,42,4,True,41,3,True,1177,4,True,466,4,True,True,supported
24.0,48.0,neutrophil,non_specific_hematopoietic,0.01763032306325688,0.2259949230856633,0.10616925107894631,M0,raw,42,4,True,72,4,True,1177,4,True,466,4,True,True,supported
24.0,48.0,non_specific_hematopoietic,erythroblast,0.015711589294178402,0.5078843638137721,0.04210100294005261,M0,raw,127,4,True,187,3,True,1177,4,True,466,4,True,True,supported
24.0,48.0,non_specific_hematopoietic,macrophage,0.004589546740107272,0.14835921323100276,0.04210100294005261,M0,raw,127,4,True,73,4,True,1177,4,True,466,4,True,True,supported
24.0,48.0,non_specific_hematopoietic,macrophage_immature,0.004186335025162357,0.13532520874598628,0.04210100294005261,M0,raw,127,4,True,64,4,True,1177,4,True,466,4,True,True,supported
24.0,48.0,non_specific_hematopoietic,neutrophil,6.255874844195362e-05,0.0020222403703742493,0.04210100294005261,M0,raw,127,4,True,41,3,True,1177,4,True,466,4,True,True,supported
24.0,48.0,non_specific_hematopoietic,non_specific_hematopoietic,0.0048898710675020895,0.15806733550309096,0.04210100294005261,M0,raw,127,4,True,72,4,True,1177,4,True,466,4,True,True,supported
24.0,48.0,erythroblast,erythroblast,0.12354193848117176,0.6973738224047871,0.24280996802068328,M1,raw,807,4,True,187,3,True,1177,4,True,466,4,True,True,supported
24.0,48.0,erythroblast,macrophage,0.011810993341106435,0.06667110516434208,0.24280996802068328,M1,raw,807,4,True,73,4,True,1177,4,True,466,4,True,True,supported
24.0,48.0,erythroblast,macrophage_immature,0.01646250072494011,0.09292809549562585,0.24280996802068328,M1,raw,807,4,True,64,4,True,1177,4,True,466,4,True,True,supported
24.0,48.0,erythroblast,neutrophil,0.0012790786527335691,0.00722018757500003,0.24280996802068328,M1,raw,807,4,True,41,3,True,1177,4,True,466,4,True,True,supported
24.0,48.0,erythroblast,non_specific_hematopoietic,0.013574054576258683,0.07662329441932297,0.24280996802068328,M1,raw,807,4,True,72,4,True,1177,4,True,466,4,True,True,supported
24.0,48.0,hematopoietic_stem_and_progenitor_HSPC,erythroblast,0.010487573469913998,0.2053562848211468,0.06999785935776524,M1,raw,27,4,True,187,3,True,1177,4,True,466,4,True,True,supported
24.0,48.0,hematopoietic_stem_and_progenitor_HSPC,macrophage,0.008052500657556357,0.15767533102861547,0.06999785935776524,M1,raw,27,4,True,73,4,True,1177,4,True,466,4,True,True,supported
24.0,48.0,hematopoietic_stem_and_progenitor_HSPC,macrophage_immature,0.012283329401009811,0.2405188290944504,0.06999785935776524,M1,raw,27,4,True,64,4,True,1177,4,True,466,4,True,True,supported
24.0,48.0,hematopoietic_stem_and_progenitor_HSPC,neutrophil,0.0010505559184100972,0.020570846156211433,0.06999785935776524,M1,raw,27,4,True,41,3,True,1177,4,True,466,4,True,True,supported
24.0,48.0,hematopoietic_stem_and_progenitor_HSPC,non_specific_hematopoietic,0.009625244033737474,0.18847108541700117,0.06999785935776524,M1,raw,27,4,True,72,4,True,1177,4,True,466,4,True,True,supported
24.0,48.0,macrophage,erythroblast,0.02480802051202439,0.1043415426215604,0.3258761677442248,M1,raw,93,4,True,187,3,True,1177,4,True,466,4,True,True,supported
24.0,48.0,macrophage,macrophage,0.06960257497717848,0.29274564812744863,0.3258761677442248,M1,raw,93,4,True,73,4,True,1177,4,True,466,4,True,True,supported
24.0,48.0,macrophage,macrophage_immature,0.05338995849589625,0.22455603127475443,0.3258761677442248,M1,raw,93,4,True,64,4,True,1177,4,True,466,4,True,True,supported
24.0,48.0,macrophage,neutrophil,0.000287353771873408,0.0012085984780955288,0.3258761677442248,M1,raw,93,4,True,41,3,True,1177,4,True,466,4,True,True,supported
24.0,48.0,macrophage,non_specific_hematopoietic,0.06898024359433796,0.2901281472076992,0.3258761677442248,M1,raw,93,4,True,72,4,True,1177,4,True,466,4,True,True,supported
24.0,48.0,macrophage_immature,erythroblast,0.019985140936704802,0.13024710970921208,0.21030851744434942,M1,raw,80,4,True,187,3,True,1177,4,True,466,4,True,True,supported
24.0,48.0,macrophage_immature,macrophage,0.044625203375948094,0.29083126200166587,0.21030851744434942,M1,raw,80,4,True,73,4,True,1177,4,True,466,4,True,True,supported
24.0,48.0,macrophage_immature,macrophage_immature,0.03502439163007599,0.22826087609733323,0.21030851744434942,M1,raw,80,4,True,64,4,True,1177,4,True,466,4,True,True,supported
24.0,48.0,macrophage_immature,neutrophil,0.0002648600495613076,0.0017261452417101128,0.21030851744434942,M1,raw,80,4,True,41,3,True,1177,4,True,466,4,True,True,supported
24.0,48.0,macrophage_immature,non_specific_hematopoietic,0.0407427758110252,0.2655287149449245,0.21030851744434942,M1,raw,80,4,True,72,4,True,1177,4,True,466,4,True,True,supported
24.0,48.0,neutrophil,erythroblast,0.007075589752986751,0.09198094047904064,0.10543445071372516,M1,raw,42,4,True,187,3,True,1177,4,True,466,4,True,True,supported
24.0,48.0,neutrophil,macrophage,0.014807586400982316,0.19249501044235517,0.10543445071372516,M1,raw,42,4,True,73,4,True,1177,4,True,466,4,True,True,supported
24.0,48.0,neutrophil,macrophage_immature,0.014052309241535863,0.18267659164286248,0.10543445071372516,M1,raw,42,4,True,64,4,True,1177,4,True,466,4,True,True,supported
24.0,48.0,neutrophil,neutrophil,0.01852254444412631,0.24078855862387888,0.10543445071372516,M1,raw,42,4,True,41,3,True,1177,4,True,466,4,True,True,supported
24.0,48.0,neutrophil,non_specific_hematopoietic,0.017397913777410002,0.226168634345133,0.10543445071372516,M1,raw,42,4,True,72,4,True,1177,4,True,466,4,True,True,supported
24.0,48.0,non_specific_hematopoietic,erythroblast,0.015644392711015153,0.5100892034184282,0.0420368649226211,M1,raw,127,4,True,187,3,True,1177,4,True,466,4,True,True,supported
24.0,48.0,non_specific_hematopoietic,macrophage,0.004530763307729289,0.14772663210441175,0.0420368649226211,M1,raw,127,4,True,73,4,True,1177,4,True,466,4,True,True,supported
24.0,48.0,non_specific_hematopoietic,macrophage_immature,0.004127709456358044,0.13458496391834462,0.0420368649226211,M1,raw,127,4,True,64,4,True,1177,4,True,466,4,True,True,supported
24.0,48.0,non_specific_hematopoietic,neutrophil,6.197766850061048e-05,0.002020796852852487,0.0420368649226211,M1,raw,127,4,True,41,3,True,1177,4,True,466,4,True,True,supported
24.0,48.0,non_specific_hematopoietic,non_specific_hematopoietic,0.004828404677322607,0.15743130085856077,0.0420368649226211,M1,raw,127,4,True,72,4,True,1177,4,True,466,4,True,True,supported
48.0,72.0,erythroblast,erythroblast,0.2757496363332868,0.6974726570788378,0.3247044532580022,M0,raw,187,3,True,268,4,True,466,4,True,528,4,True,True,supported
48.0,72.0,erythroblast,hematopoietic_stem_and_progenitor_HSPC,0.038984092704559443,0.09860516620806349,0.3247044532580022,M0,raw,187,3,True,70,4,True,466,4,True,528,4,True,True,supported
48.0,72.0,erythroblast,macrophage,0.03366714110992842,0.08515663222057114,0.3247044532580022,M0,raw,187,3,True,78,4,True,466,4,True,528,4,True,True,supported
48.0,72.0,erythroblast,microglia,0.018218329375985134,0.04608088252217184,0.3247044532580022,M0,raw,187,3,True,52,4,True,466,4,True,528,4,True,True,supported
48.0,72.0,erythroblast,non_specific_hematopoietic,0.016461543953733743,0.041637323456534245,0.3247044532580022,M0,raw,187,3,True,44,4,True,466,4,True,528,4,True,True,supported
48.0,72.0,macrophage,erythroblast,0.015111238744954299,0.061615401051579755,0.20142402530780024,M0,raw,73,4,True,268,4,True,466,4,True,528,4,True,True,supported
48.0,72.0,macrophage,hematopoietic_stem_and_progenitor_HSPC,0.05303721310309584,0.21625686756464743,0.20142402530780024,M0,raw,73,4,True,70,4,True,466,4,True,528,4,True,True,supported
48.0,72.0,macrophage,macrophage,0.09067632488745403,0.36972866474559296,0.20142402530780024,M0,raw,73,4,True,78,4,True,466,4,True,528,4,True,True,supported
48.0,72.0,macrophage,microglia,0.049092282735841763,0.2001715901892187,0.20142402530780024,M0,raw,73,4,True,52,4,True,466,4,True,528,4,True,True,supported
48.0,72.0,macrophage,non_specific_hematopoietic,0.026565310770443773,0.10831886814886628,0.20142402530780024,M0,raw,73,4,True,44,4,True,466,4,True,528,4,True,True,supported
48.0,72.0,macrophage_immature,erythroblast,0.01859983516075322,0.08527188419037449,0.1791445990038868,M0,raw,64,4,True,268,4,True,466,4,True,528,4,True,True,supported
48.0,72.0,macrophage_immature,hematopoietic_stem_and_progenitor_HSPC,0.0592080575709133,0.2714423318641652,0.1791445990038868,M0,raw,64,4,True,70,4,True,466,4,True,528,4,True,True,supported
48.0,72.0,macrophage_immature,macrophage,0.06575159468522429,0.3014415084259186,0.1791445990038868,M0,raw,64,4,True,78,4,True,466,4,True,528,4,True,True,supported
48.0,72.0,macrophage_immature,microglia,0.03665133292419398,0.1680298878739184,0.1791445990038868,M0,raw,64,4,True,52,4,True,466,4,True,528,4,True,True,supported
48.0,72.0,macrophage_immature,non_specific_hematopoietic,0.02801379974781182,0.12843068055077403,0.1791445990038868,M0,raw,64,4,True,44,4,True,466,4,True,528,4,True,True,supported
48.0,72.0,neutrophil,erythroblast,0.0014989672769495724,0.08815903156544676,0.013964513963537123,M0,raw,41,3,True,268,4,True,466,4,True,528,4,True,True,supported
48.0,72.0,neutrophil,hematopoietic_stem_and_progenitor_HSPC,0.004850218656238874,0.2852567805781837,0.013964513963537123,M0,raw,41,3,True,70,4,True,466,4,True,528,4,True,True,supported
48.0,72.0,neutrophil,macrophage,0.005039225103800673,0.2963728507105367,0.013964513963537123,M0,raw,41,3,True,78,4,True,466,4,True,528,4,True,True,supported
48.0,72.0,neutrophil,microglia,0.0030283999287346866,0.17810982869047623,0.013964513963537123,M0,raw,41,3,True,52,4,True,466,4,True,528,4,True,True,supported
48.0,72.0,neutrophil,non_specific_hematopoietic,0.0017154800033037175,0.10089283341055412,0.013964513963537123,M0,raw,41,3,True,44,4,True,466,4,True,528,4,True,True,supported
48.0,72.0,non_specific_hematopoietic,erythroblast,0.018484343400612713,0.07596605346226146,0.19984116217249234,M0,raw,72,4,True,268,4,True,466,4,True,528,4,True,True,supported
48.0,72.0,non_specific_hematopoietic,hematopoietic_stem_and_progenitor_HSPC,0.061055830746795436,0.2509242769499784,0.19984116217249234,M0,raw,72,4,True,70,4,True,466,4,True,528,4,True,True,supported
48.0,72.0,non_specific_hematopoietic,macrophage,0.06716844150753332,0.2760455866865642,0.19984116217249234,M0,raw,72,4,True,78,4,True,466,4,True,528,4,True,True,supported
48.0,72.0,non_specific_hematopoietic,microglia,0.03827435334466145,0.1572980716381659,0.19984116217249234,M0,raw,72,4,True,52,4,True,466,4,True,528,4,True,True,supported
48.0,72.0,non_specific_hematopoietic,non_specific_hematopoietic,0.045078966093626605,0.18526333741334824,0.19984116217249234,M0,raw,72,4,True,44,4,True,466,4,True,528,4,True,True,supported
48.0,72.0,erythroblast,erythroblast,0.2747049954093875,0.6925725808527501,0.3252325707194886,M1,raw,187,3,True,268,4,True,466,4,True,528,4,True,True,supported
48.0,72.0,erythroblast,hematopoietic_stem_and_progenitor_HSPC,0.03964838033904177,0.099959525880188,0.3252325707194886,M1,raw,187,3,True,70,4,True,466,4,True,528,4,True,True,supported
48.0,72.0,erythroblast,macrophage,0.03444957897819453,0.08685256628355985,0.3252325707194886,M1,raw,187,3,True,78,4,True,466,4,True,528,4,True,True,supported
48.0,72.0,erythroblast,microglia,0.01864916359371488,0.04701734433913715,0.3252325707194886,M1,raw,187,3,True,52,4,True,466,4,True,528,4,True,True,supported
48.0,72.0,erythroblast,non_specific_hematopoietic,0.01678609862694475,0.04232027754423081,0.3252325707194886,M1,raw,187,3,True,44,4,True,466,4,True,528,4,True,True,supported
48.0,72.0,macrophage,erythroblast,0.014708535841424413,0.061515549066952974,0.19605472211379155,M1,raw,73,4,True,268,4,True,466,4,True,528,4,True,True,supported
48.0,72.0,macrophage,hematopoietic_stem_and_progenitor_HSPC,0.05161469414036901,0.21586827432717154,0.19605472211379155,M1,raw,73,4,True,70,4,True,466,4,True,528,4,True,True,supported
48.0,72.0,macrophage,macrophage,0.08843343861673247,0.36985540852176035,0.19605472211379155,M1,raw,73,4,True,78,4,True,466,4,True,528,4,True,True,supported
48.0,72.0,macrophage,microglia,0.04787497980760236,0.20022765700034076,0.19605472211379155,M1,raw,73,4,True,52,4,True,466,4,True,528,4,True,True,supported
48.0,72.0,macrophage,non_specific_hematopoietic,0.025959924792260836,0.1085722633815929,0.19605472211379155,M1,raw,73,4,True,44,4,True,466,4,True,528,4,True,True,supported
48.0,72.0,macrophage_immature,erythroblast,0.019060463030644983,0.08490579401490828,0.18407249015895408,M1,raw,64,4,True,268,4,True,466,4,True,528,4,True,True,supported
48.0,72.0,macrophage_immature,hematopoietic_stem_and_progenitor_HSPC,0.060791389992743916,0.27079831315248015,0.18407249015895408,M1,raw,64,4,True,70,4,True,466,4,True,528,4,True,True,supported
48.0,72.0,macrophage_immature,macrophage,0.06783571960309587,0.30217763473076725,0.18407249015895408,M1,raw,64,4,True,78,4,True,466,4,True,528,4,True,True,supported
48.0,72.0,macrophage_immature,microglia,0.03780689895623368,0.16841273845023713,0.18407249015895408,M1,raw,64,4,True,52,4,True,466,4,True,528,4,True,True,supported
48.0,72.0,macrophage_immature,non_specific_hematopoietic,0.028806200435224305,0.1283186728765714,0.18407249015895408,M1,raw,64,4,True,44,4,True,466,4,True,528,4,True,True,supported
48.0,72.0,neutrophil,erythroblast,0.001475868327061888,0.08809459587772037,0.013736975183455517,M1,raw,41,3,True,268,4,True,466,4,True,528,4,True,True,supported
48.0,72.0,neutrophil,hematopoietic_stem_and_progenitor_HSPC,0.004774688500535459,0.28500120653312977,0.013736975183455517,M1,raw,41,3,True,70,4,True,466,4,True,528,4,True,True,supported
48.0,72.0,neutrophil,macrophage,0.004973831622192212,0.2968880615475634,0.013736975183455517,M1,raw,41,3,True,78,4,True,466,4,True,528,4,True,True,supported
48.0,72.0,neutrophil,microglia,0.0029880444738347826,0.17835640589371674,0.013736975183455517,M1,raw,41,3,True,52,4,True,466,4,True,528,4,True,True,supported
48.0,72.0,neutrophil,non_specific_hematopoietic,0.001683882455461904,0.10051096137743694,0.013736975183455517,M1,raw,41,3,True,44,4,True,466,4,True,528,4,True,True,supported
48.0,72.0,non_specific_hematopoietic,erythroblast,0.01848665057160767,0.0758551165457701,0.199832499760318,M1,raw,72,4,True,268,4,True,466,4,True,528,4,True,True,supported
48.0,72.0,non_specific_hematopoietic,hematopoietic_stem_and_progenitor_HSPC,0.06108795970828851,0.2506584026817875,0.199832499760318,M1,raw,72,4,True,70,4,True,466,4,True,528,4,True,True,supported
48.0,72.0,non_specific_hematopoietic,macrophage,0.06741963899742132,0.2766387861237319,0.199832499760318,M1,raw,72,4,True,78,4,True,466,4,True,528,4,True,True,supported
48.0,72.0,non_specific_hematopoietic,microglia,0.03840379167121455,0.15757987536658016,0.199832499760318,M1,raw,72,4,True,52,4,True,466,4,True,528,4,True,True,supported
48.0,72.0,non_specific_hematopoietic,non_specific_hematopoietic,0.04504314342486282,0.18482271198052255,0.199832499760318,M1,raw,72,4,True,44,4,True,466,4,True,528,4,True,True,supported
72.0,120.0,erythroblast,erythroblast,0.22598619582000734,0.7598676886722893,0.22034365886676632,M0,raw,268,4,True,330,4,True,528,4,True,1456,4,True,True,supported
72.0,120.0,erythroblast,hematopoietic_stem_and_progenitor_HSPC,0.0203635577331423,0.06847148115255644,0.22034365886676632,M0,raw,268,4,True,190,4,True,528,4,True,1456,4,True,True,supported
72.0,120.0,erythroblast,innate-lymphoid-cell,0.0025240654797141254,0.008487048490587859,0.22034365886676632,M0,raw,268,4,True,42,4,True,528,4,True,1456,4,True,True,supported
72.0,120.0,erythroblast,macrophage,0.025951691287425988,0.08726131082546107,0.22034365886676632,M0,raw,268,4,True,425,4,True,528,4,True,1456,4,True,True,supported
72.0,120.0,erythroblast,macrophage_immature,0.007865013056856975,0.026445727232168297,0.22034365886676632,M0,raw,268,4,True,75,4,True,528,4,True,1456,4,True,True,supported
72.0,120.0,erythroblast,microglia,0.0015857392116873927,0.005331971650965941,0.22034365886676632,M0,raw,268,4,True,75,4,True,528,4,True,1456,4,True,True,supported
72.0,120.0,erythroblast,neutrophil,0.005972958405363034,0.020083784682290353,0.22034365886676632,M0,raw,268,4,True,244,4,True,528,4,True,1456,4,True,True,supported
72.0,120.0,erythroblast,non_specific_hematopoietic,0.007152812529390612,0.0240509872936807,0.22034365886676632,M0,raw,268,4,True,75,4,True,528,4,True,1456,4,True,True,supported
72.0,120.0,hematopoietic_stem_and_progenitor_HSPC,erythroblast,0.04730837753690897,0.1561121772523751,0.22452147993616678,M0,raw,70,4,True,330,4,True,528,4,True,1456,4,True,True,supported
72.0,120.0,hematopoietic_stem_and_progenitor_HSPC,hematopoietic_stem_and_progenitor_HSPC,0.07400469033172907,0.24420692351075862,0.22452147993616678,M0,raw,70,4,True,190,4,True,528,4,True,1456,4,True,True,supported
72.0,120.0,hematopoietic_stem_and_progenitor_HSPC,innate-lymphoid-cell,0.010124166339595675,0.03340857861604773,0.22452147993616678,M0,raw,70,4,True,42,4,True,528,4,True,1456,4,True,True,supported
72.0,120.0,hematopoietic_stem_and_progenitor_HSPC,macrophage,0.0951589350173041,0.3140134856448778,0.22452147993616678,M0,raw,70,4,True,425,4,True,528,4,True,1456,4,True,True,supported
72.0,120.0,hematopoietic_stem_and_progenitor_HSPC,macrophage_immature,0.02796346541500716,0.09227620342829217,0.22452147993616678,M0,raw,70,4,True,75,4,True,528,4,True,1456,4,True,True,supported
72.0,120.0,hematopoietic_stem_and_progenitor_HSPC,microglia,0.004821577593974169,0.015910648709086043,0.22452147993616678,M0,raw,70,4,True,75,4,True,528,4,True,1456,4,True,True,supported
72.0,120.0,hematopoietic_stem_and_progenitor_HSPC,neutrophil,0.016975826312001525,0.05601826450626295,0.22452147993616678,M0,raw,70,4,True,244,4,True,528,4,True,1456,4,True,True,supported
72.0,120.0,hematopoietic_stem_and_progenitor_HSPC,non_specific_hematopoietic,0.026683879654427756,0.08805371833229961,0.22452147993616678,M0,raw,70,4,True,75,4,True,528,4,True,1456,4,True,True,supported
72.0,120.0,macrophage,erythroblast,0.023743175577001903,0.06836493617262313,0.2573131695357526,M0,raw,78,4,True,330,4,True,528,4,True,1456,4,True,True,supported
72.0,120.0,macrophage,hematopoietic_stem_and_progenitor_HSPC,0.0424260544431343,0.12215950198635375,0.2573131695357526,M0,raw,78,4,True,190,4,True,528,4,True,1456,4,True,True,supported
72.0,120.0,macrophage,innate-lymphoid-cell,0.005917442595753997,0.017038394213608643,0.2573131695357526,M0,raw,78,4,True,42,4,True,528,4,True,1456,4,True,True,supported
72.0,120.0,macrophage,macrophage,0.15767670910610398,0.45400658892441287,0.2573131695357526,M0,raw,78,4,True,425,4,True,528,4,True,1456,4,True,True,supported
72.0,120.0,macrophage,macrophage_immature,0.017518495416389612,0.050441897171578605,0.2573131695357526,M0,raw,78,4,True,75,4,True,528,4,True,1456,4,True,True,supported
72.0,120.0,macrophage,microglia,0.019561389316102407,0.056324105750139006,0.2573131695357526,M0,raw,78,4,True,75,4,True,528,4,True,1456,4,True,True,supported
72.0,120.0,macrophage,neutrophil,0.06331157407699485,0.18229624368168007,0.2573131695357526,M0,raw,78,4,True,244,4,True,528,4,True,1456,4,True,True,supported
72.0,120.0,macrophage,non_specific_hematopoietic,0.017145645744843563,0.04936833209960403,0.2573131695357526,M0,raw,78,4,True,75,4,True,528,4,True,1456,4,True,True,supported
72.0,120.0,microglia,erythroblast,0.009633500036208317,0.04880074982549623,0.14625618176697586,M0,raw,52,4,True,330,4,True,528,4,True,1456,4,True,True,supported
72.0,120.0,microglia,hematopoietic_stem_and_progenitor_HSPC,0.01703391691161471,0.08628929409120348,0.14625618176697586,M0,raw,52,4,True,190,4,True,528,4,True,1456,4,True,True,supported
72.0,120.0,microglia,innate-lymphoid-cell,0.0022613487386249354,0.011455391461779882,0.14625618176697586,M0,raw,52,4,True,42,4,True,528,4,True,1456,4,True,True,supported
72.0,120.0,microglia,macrophage,0.07666520313935443,0.38836553533631823,0.14625618176697586,M0,raw,52,4,True,425,4,True,528,4,True,1456,4,True,True,supported
72.0,120.0,microglia,macrophage_immature,0.008838041187642531,0.04477116679550383,0.14625618176697586,M0,raw,52,4,True,75,4,True,528,4,True,1456,4,True,True,supported
72.0,120.0,microglia,microglia,0.04261943120241085,0.21589870680401424,0.14625618176697586,M0,raw,52,4,True,75,4,True,528,4,True,1456,4,True,True,supported
72.0,120.0,microglia,neutrophil,0.03237172402109622,0.16398654688699296,0.14625618176697586,M0,raw,52,4,True,244,4,True,528,4,True,1456,4,True,True,supported
72.0,120.0,microglia,non_specific_hematopoietic,0.007981589211620843,0.040432608798691205,0.14625618176697586,M0,raw,52,4,True,75,4,True,528,4,True,1456,4,True,True,supported
72.0,120.0,non_specific_hematopoietic,erythroblast,0.013370541799074301,0.09285924063280555,0.10667938446796195,M0,raw,44,4,True,330,4,True,528,4,True,1456,4,True,True,supported
72.0,120.0,non_specific_hematopoietic,hematopoietic_stem_and_progenitor_HSPC,0.02907843056066639,0.20195150063733347,0.10667938446796195,M0,raw,44,4,True,190,4,True,528,4,True,1456,4,True,True,supported
72.0,120.0,non_specific_hematopoietic,innate-lymphoid-cell,0.0032585481368477276,0.02263081856369296,0.10667938446796195,M0,raw,44,4,True,42,4,True,528,4,True,1456,4,True,True,supported
72.0,120.0,non_specific_hematopoietic,macrophage,0.04468097279383215,0.3103121224794012,0.10667938446796195,M0,raw,44,4,True,425,4,True,528,4,True,1456,4,True,True,supported
72.0,120.0,non_specific_hematopoietic,macrophage_immature,0.009157396788443073,0.06359868767673943,0.10667938446796195,M0,raw,44,4,True,75,4,True,528,4,True,1456,4,True,True,supported
72.0,120.0,non_specific_hematopoietic,microglia,0.010229324424922137,0.07104329148057746,0.10667938446796195,M0,raw,44,4,True,75,4,True,528,4,True,1456,4,True,True,supported
72.0,120.0,non_specific_hematopoietic,neutrophil,0.018477552971419318,0.1283277494257735,0.10667938446796195,M0,raw,44,4,True,244,4,True,528,4,True,1456,4,True,True,supported
72.0,120.0,non_specific_hematopoietic,non_specific_hematopoietic,0.015734429791953275,0.10927658910367649,0.10667938446796195,M0,raw,44,4,True,75,4,True,528,4,True,1456,4,True,True,supported
72.0,120.0,erythroblast,erythroblast,0.2303096770112245,0.7462658080609306,0.22830579732244002,M1,raw,268,4,True,330,4,True,528,4,True,1456,4,True,True,supported
72.0,120.0,erythroblast,hematopoietic_stem_and_progenitor_HSPC,0.02220793263821812,0.07195972401461379,0.22830579732244002,M1,raw,268,4,True,190,4,True,528,4,True,1456,4,True,True,supported
72.0,120.0,erythroblast,innate-lymphoid-cell,0.002763083251827534,0.008953139018835946,0.22830579732244002,M1,raw,268,4,True,42,4,True,528,4,True,1456,4,True,True,supported
72.0,120.0,erythroblast,macrophage,0.02857402052497959,0.09258757510039084,0.22830579732244002,M1,raw,268,4,True,425,4,True,528,4,True,1456,4,True,True,supported
72.0,120.0,erythroblast,macrophage_immature,0.008585422171581227,0.02781909599963113,0.22830579732244002,M1,raw,268,4,True,75,4,True,528,4,True,1456,4,True,True,supported
72.0,120.0,erythroblast,microglia,0.0017637056419587346,0.005714884555258226,0.22830579732244002,M1,raw,268,4,True,75,4,True,528,4,True,1456,4,True,True,supported
72.0,120.0,erythroblast,neutrophil,0.006582644701204999,0.02132955388966716,0.22830579732244002,M1,raw,268,4,True,244,4,True,528,4,True,1456,4,True,True,supported
72.0,120.0,erythroblast,non_specific_hematopoietic,0.007829659303087506,0.02537021936067242,0.22830579732244002,M1,raw,268,4,True,75,4,True,528,4,True,1456,4,True,True,supported
72.0,120.0,hematopoietic_stem_and_progenitor_HSPC,erythroblast,0.046226465790036156,0.1530186443745096,0.22348307484260674,M1,raw,70,4,True,330,4,True,528,4,True,1456,4,True,True,supported
72.0,120.0,hematopoietic_stem_and_progenitor_HSPC,hematopoietic_stem_and_progenitor_HSPC,0.07339841969333705,0.24296312704759254,0.22348307484260674,M1,raw,70,4,True,190,4,True,528,4,True,1456,4,True,True,supported
72.0,120.0,hematopoietic_stem_and_progenitor_HSPC,innate-lymphoid-cell,0.010072489880332824,0.033341911838233346,0.22348307484260674,M1,raw,70,4,True,42,4,True,528,4,True,1456,4,True,True,supported
72.0,120.0,hematopoietic_stem_and_progenitor_HSPC,macrophage,0.09594904279837646,0.31761010077486795,0.22348307484260674,M1,raw,70,4,True,425,4,True,528,4,True,1456,4,True,True,supported
72.0,120.0,hematopoietic_stem_and_progenitor_HSPC,macrophage_immature,0.027746084834565643,0.09184496836443212,0.22348307484260674,M1,raw,70,4,True,75,4,True,528,4,True,1456,4,True,True,supported
72.0,120.0,hematopoietic_stem_and_progenitor_HSPC,microglia,0.004952864173190186,0.016394949269861667,0.22348307484260674,M1,raw,70,4,True,75,4,True,528,4,True,1456,4,True,True,supported
72.0,120.0,hematopoietic_stem_and_progenitor_HSPC,neutrophil,0.017244115783441958,0.057081396458132934,0.22348307484260674,M1,raw,70,4,True,244,4,True,528,4,True,1456,4,True,True,supported
72.0,120.0,hematopoietic_stem_and_progenitor_HSPC,non_specific_hematopoietic,0.026507467251676076,0.08774490187236977,0.22348307484260674,M1,raw,70,4,True,75,4,True,528,4,True,1456,4,True,True,supported
72.0,120.0,macrophage,erythroblast,0.022489709024322537,0.06663500331988134,0.24967767410135508,M1,raw,78,4,True,330,4,True,528,4,True,1456,4,True,True,supported
72.0,120.0,macrophage,hematopoietic_stem_and_progenitor_HSPC,0.0408012386348382,0.1208904334399059,0.24967767410135508,M1,raw,78,4,True,190,4,True,528,4,True,1456,4,True,True,supported
72.0,120.0,macrophage,innate-lymphoid-cell,0.005684117870326855,0.016841534621466113,0.24967767410135508,M1,raw,78,4,True,42,4,True,528,4,True,1456,4,True,True,supported
72.0,120.0,macrophage,macrophage,0.15366678881026274,0.45530099884588493,0.24967767410135508,M1,raw,78,4,True,425,4,True,528,4,True,1456,4,True,True,supported
72.0,120.0,macrophage,macrophage_immature,0.016872409496844654,0.049991445492723906,0.24967767410135508,M1,raw,78,4,True,75,4,True,528,4,True,1456,4,True,True,supported
72.0,120.0,macrophage,microglia,0.019245455527391542,0.057022569370436524,0.24967767410135508,M1,raw,78,4,True,75,4,True,528,4,True,1456,4,True,True,supported
72.0,120.0,macrophage,neutrophil,0.0622170797981882,0.18434366200211338,0.24967767410135508,M1,raw,78,4,True,244,4,True,528,4,True,1456,4,True,True,supported
72.0,120.0,macrophage,non_specific_hematopoietic,0.0165291347140597,0.04897435290758781,0.24967767410135508,M1,raw,78,4,True,75,4,True,528,4,True,1456,4,True,True,supported
72.0,120.0,microglia,erythroblast,0.00912016533583606,0.04755845037911931,0.1418643633396168,M1,raw,52,4,True,330,4,True,528,4,True,1456,4,True,True,supported
72.0,120.0,microglia,hematopoietic_stem_and_progenitor_HSPC,0.016306219855161785,0.08503119398565494,0.1418643633396168,M1,raw,52,4,True,190,4,True,528,4,True,1456,4,True,True,supported
72.0,120.0,microglia,innate-lymphoid-cell,0.0021608710881080295,0.011268181730834641,0.1418643633396168,M1,raw,52,4,True,42,4,True,528,4,True,1456,4,True,True,supported
72.0,120.0,microglia,macrophage,0.07446478245094035,0.3883076162303271,0.1418643633396168,M1,raw,52,4,True,425,4,True,528,4,True,1456,4,True,True,supported
72.0,120.0,microglia,macrophage_immature,0.008512533341363593,0.04438986351761424,0.1418643633396168,M1,raw,52,4,True,75,4,True,528,4,True,1456,4,True,True,supported
72.0,120.0,microglia,microglia,0.04190716371624603,0.21853110034062898,0.1418643633396168,M1,raw,52,4,True,75,4,True,528,4,True,1456,4,True,True,supported
72.0,120.0,microglia,neutrophil,0.03162155853577873,0.16489529160453395,0.1418643633396168,M1,raw,52,4,True,244,4,True,528,4,True,1456,4,True,True,supported
72.0,120.0,microglia,non_specific_hematopoietic,0.007674209939914967,0.040018302211286876,0.1418643633396168,M1,raw,52,4,True,75,4,True,528,4,True,1456,4,True,True,supported
72.0,120.0,non_specific_hematopoietic,erythroblast,0.013482186235142775,0.09145124421241459,0.10906088073855696,M1,raw,44,4,True,330,4,True,528,4,True,1456,4,True,True,supported
72.0,120.0,non_specific_hematopoietic,hematopoietic_stem_and_progenitor_HSPC,0.029683620190624538,0.20134746337248008,0.10906088073855696,M1,raw,44,4,True,190,4,True,528,4,True,1456,4,True,True,supported
72.0,120.0,non_specific_hematopoietic,innate-lymphoid-cell,0.003333622090061633,0.022612348068258074,0.10906088073855696,M1,raw,44,4,True,42,4,True,528,4,True,1456,4,True,True,supported
72.0,120.0,non_specific_hematopoietic,macrophage,0.045993492547102166,0.3119792328741977,0.10906088073855696,M1,raw,44,4,True,425,4,True,528,4,True,1456,4,True,True,supported
72.0,120.0,non_specific_hematopoietic,macrophage_immature,0.009380375564468135,0.06362818326261291,0.10906088073855696,M1,raw,44,4,True,75,4,True,528,4,True,1456,4,True,True,supported
72.0,120.0,non_specific_hematopoietic,microglia,0.010559346444279971,0.07162528046691924,0.10906088073855696,M1,raw,44,4,True,75,4,True,528,4,True,1456,4,True,True,supported
72.0,120.0,non_specific_hematopoietic,neutrophil,0.018998624779160513,0.1288698912829281,0.10906088073855696,M1,raw,44,4,True,244,4,True,528,4,True,1456,4,True,True,supported
72.0,120.0,non_specific_hematopoietic,non_specific_hematopoietic,0.015993585154195245,0.10848635646018938,0.10906088073855696,M1,raw,44,4,True,75,4,True,528,4,True,1456,4,True,True,supported
120.0,240.0,erythroblast,erythroblast,0.19172358335175044,0.6147891061029284,0.22083471385347783,M0,raw,330,4,True,585,4,True,1456,4,True,1438,4,True,True,supported
120.0,240.0,erythroblast,hematopoietic_stem_and_progenitor_HSPC,0.07012534328251584,0.22486694833322543,0.22083471385347783,M0,raw,330,4,True,314,4,True,1456,4,True,1438,4,True,True,supported
120.0,240.0,erythroblast,innate-lymphoid-cell,0.009466952771508419,0.0303571388045474,0.22083471385347783,M0,raw,330,4,True,69,4,True,1456,4,True,1438,4,True,True,supported
120.0,240.0,erythroblast,macrophage,0.00778122574150478,0.024951613851427336,0.22083471385347783,M0,raw,330,4,True,107,4,True,1456,4,True,1438,4,True,True,supported
120.0,240.0,erythroblast,macrophage_immature,0.006556536549345671,0.021024472700930257,0.22083471385347783,M0,raw,330,4,True,48,4,True,1456,4,True,1438,4,True,True,supported
120.0,240.0,erythroblast,microglia,0.0038260887205830985,0.012268901004641609,0.22083471385347783,M0,raw,330,4,True,49,4,True,1456,4,True,1438,4,True,True,supported
120.0,240.0,erythroblast,neutrophil,0.004899179453749669,0.015709920002291114,0.22083471385347783,M0,raw,330,4,True,172,4,True,1456,4,True,1438,4,True,True,supported
120.0,240.0,erythroblast,non_specific_hematopoietic,0.01747369364549405,0.05603189920000849,0.22083471385347783,M0,raw,330,4,True,94,4,True,1456,4,True,1438,4,True,True,supported
120.0,240.0,hematopoietic_stem_and_progenitor_HSPC,erythroblast,0.011566721009612011,0.055703188562109616,0.14704429294551793,M0,raw,190,4,True,585,4,True,1456,4,True,1438,4,True,True,supported
120.0,240.0,hematopoietic_stem_and_progenitor_HSPC,hematopoietic_stem_and_progenitor_HSPC,0.11896819594880434,0.5729288228118631,0.14704429294551793,M0,raw,190,4,True,314,4,True,1456,4,True,1438,4,True,True,supported
120.0,240.0,hematopoietic_stem_and_progenitor_HSPC,innate-lymphoid-cell,0.013468058905467704,0.06485968012485432,0.14704429294551793,M0,raw,190,4,True,69,4,True,1456,4,True,1438,4,True,True,supported
120.0,240.0,hematopoietic_stem_and_progenitor_HSPC,macrophage,0.015929440893591145,0.076713240428927,0.14704429294551793,M0,raw,190,4,True,107,4,True,1456,4,True,1438,4,True,True,supported
120.0,240.0,hematopoietic_stem_and_progenitor_HSPC,macrophage_immature,0.011428275496552795,0.0550364605833586,0.14704429294551793,M0,raw,190,4,True,48,4,True,1456,4,True,1438,4,True,True,supported
120.0,240.0,hematopoietic_stem_and_progenitor_HSPC,microglia,0.002392875711723517,0.011523646750454333,0.14704429294551793,M0,raw,190,4,True,49,4,True,1456,4,True,1438,4,True,True,supported
120.0,240.0,hematopoietic_stem_and_progenitor_HSPC,neutrophil,0.01699942838010741,0.08186610221845092,0.14704429294551793,M0,raw,190,4,True,172,4,True,1456,4,True,1438,4,True,True,supported
120.0,240.0,hematopoietic_stem_and_progenitor_HSPC,non_specific_hematopoietic,0.016896176137597762,0.08136885851998217,0.14704429294551793,M0,raw,190,4,True,94,4,True,1456,4,True,1438,4,True,True,supported
120.0,240.0,innate-lymphoid-cell,erythroblast,0.0007825281472933163,0.020382316022888747,0.027187195220174456,M0,raw,42,4,True,585,4,True,1456,4,True,1438,4,True,True,supported
120.0,240.0,innate-lymphoid-cell,hematopoietic_stem_and_progenitor_HSPC,0.009049122344950988,0.23570023902979223,0.027187195220174456,M0,raw,42,4,True,314,4,True,1456,4,True,1438,4,True,True,supported
120.0,240.0,innate-lymphoid-cell,innate-lymphoid-cell,0.02492057250721233,0.6490999538741488,0.027187195220174456,M0,raw,42,4,True,69,4,True,1456,4,True,1438,4,True,True,supported
120.0,240.0,innate-lymphoid-cell,macrophage,0.0009833080707193846,0.025611980750574997,0.027187195220174456,M0,raw,42,4,True,107,4,True,1456,4,True,1438,4,True,True,supported
120.0,240.0,innate-lymphoid-cell,macrophage_immature,0.0006867306538042348,0.017887102536640567,0.027187195220174456,M0,raw,42,4,True,48,4,True,1456,4,True,1438,4,True,True,supported
120.0,240.0,innate-lymphoid-cell,microglia,0.00016258368450718593,0.00423477679269852,0.027187195220174456,M0,raw,42,4,True,49,4,True,1456,4,True,1438,4,True,True,supported
120.0,240.0,innate-lymphoid-cell,neutrophil,0.0005082891682054249,0.0132392815430458,0.027187195220174456,M0,raw,42,4,True,172,4,True,1456,4,True,1438,4,True,True,supported
120.0,240.0,innate-lymphoid-cell,non_specific_hematopoietic,0.0012993693180833672,0.03384434945021031,0.027187195220174456,M0,raw,42,4,True,94,4,True,1456,4,True,1438,4,True,True,supported
120.0,240.0,macrophage,erythroblast,0.02009536202131863,0.04735413231882118,0.30050791817799793,M0,raw,425,4,True,585,4,True,1456,4,True,1438,4,True,True,supported
120.0,240.0,macrophage,hematopoietic_stem_and_progenitor_HSPC,0.16850346321890722,0.39707347819773975,0.30050791817799793,M0,raw,425,4,True,314,4,True,1456,4,True,1438,4,True,True,supported
120.0,240.0,macrophage,innate-lymphoid-cell,0.02013867820782401,0.047456205644255504,0.30050791817799793,M0,raw,425,4,True,69,4,True,1456,4,True,1438,4,True,True,supported
120.0,240.0,macrophage,macrophage,0.10499494237513146,0.24741750801823714,0.30050791817799793,M0,raw,425,4,True,107,4,True,1456,4,True,1438,4,True,True,supported
120.0,240.0,macrophage,macrophage_immature,0.018671097635435095,0.04399789498830864,0.30050791817799793,M0,raw,425,4,True,48,4,True,1456,4,True,1438,4,True,True,supported
120.0,240.0,macrophage,microglia,0.017511748508571425,0.04126592271037854,0.30050791817799793,M0,raw,425,4,True,49,4,True,1456,4,True,1438,4,True,True,supported
120.0,240.0,macrophage,neutrophil,0.05122819190862066,0.12071773454597387,0.30050791817799793,M0,raw,425,4,True,172,4,True,1456,4,True,1438,4,True,True,supported
120.0,240.0,macrophage,non_specific_hematopoietic,0.023219946247302652,0.05471712357628546,0.30050791817799793,M0,raw,425,4,True,94,4,True,1456,4,True,1438,4,True,True,supported
120.0,240.0,macrophage_immature,erythroblast,0.0043446747863512625,0.05462543967442721,0.05632228900084095,M0,raw,75,4,True,585,4,True,1456,4,True,1438,4,True,True,supported
120.0,240.0,macrophage_immature,hematopoietic_stem_and_progenitor_HSPC,0.04293426566197363,0.5398109764743981,0.05632228900084095,M0,raw,75,4,True,314,4,True,1456,4,True,1438,4,True,True,supported
120.0,240.0,macrophage_immature,innate-lymphoid-cell,0.004953766970507333,0.06228353377765121,0.05632228900084095,M0,raw,75,4,True,69,4,True,1456,4,True,1438,4,True,True,supported
120.0,240.0,macrophage_immature,macrophage,0.008951756044242243,0.11255010646852343,0.05632228900084095,M0,raw,75,4,True,107,4,True,1456,4,True,1438,4,True,True,supported
120.0,240.0,macrophage_immature,macrophage_immature,0.006165285097350637,0.0775159075701055,0.05632228900084095,M0,raw,75,4,True,48,4,True,1456,4,True,1438,4,True,True,supported
120.0,240.0,macrophage_immature,microglia,0.002536201362517162,0.03188756842413301,0.05632228900084095,M0,raw,75,4,True,49,4,True,1456,4,True,1438,4,True,True,supported
120.0,240.0,macrophage_immature,neutrophil,0.0032586579560109166,0.04097098916468245,0.05632228900084095,M0,raw,75,4,True,172,4,True,1456,4,True,1438,4,True,True,supported
120.0,240.0,macrophage_immature,non_specific_hematopoietic,0.006391132469242375,0.08035547844607914,0.05632228900084095,M0,raw,75,4,True,94,4,True,1456,4,True,1438,4,True,True,supported
120.0,240.0,microglia,erythroblast,0.002310912900485262,0.0327136363829875,0.05002334436373009,M0,raw,75,4,True,585,4,True,1456,4,True,1438,4,True,True,supported
120.0,240.0,microglia,hematopoietic_stem_and_progenitor_HSPC,0.011598718575479955,0.16419323372472294,0.05002334436373009,M0,raw,75,4,True,314,4,True,1456,4,True,1438,4,True,True,supported
120.0,240.0,microglia,innate-lymphoid-cell,0.0014336387739655892,0.020294809703219015,0.05002334436373009,M0,raw,75,4,True,69,4,True,1456,4,True,1438,4,True,True,supported
120.0,240.0,microglia,macrophage,0.006207624297413251,0.08787607876745698,0.05002334436373009,M0,raw,75,4,True,107,4,True,1456,4,True,1438,4,True,True,supported
120.0,240.0,microglia,macrophage_immature,0.002469287656815423,0.03495561365082014,0.05002334436373009,M0,raw,75,4,True,48,4,True,1456,4,True,1438,4,True,True,supported
120.0,240.0,microglia,microglia,0.03791747075162988,0.5367655139537764,0.05002334436373009,M0,raw,75,4,True,49,4,True,1456,4,True,1438,4,True,True,supported
120.0,240.0,microglia,neutrophil,0.004489405121813212,0.06355270538326192,0.05002334436373009,M0,raw,75,4,True,172,4,True,1456,4,True,1438,4,True,True,supported
120.0,240.0,microglia,non_specific_hematopoietic,0.004213603004240237,0.05964840843375523,0.05002334436373009,M0,raw,75,4,True,94,4,True,1456,4,True,1438,4,True,True,supported
120.0,240.0,neutrophil,erythroblast,0.0013554816690357636,0.006999218426410408,0.13713934490741825,M0,raw,244,4,True,585,4,True,1456,4,True,1438,4,True,True,supported
120.0,240.0,neutrophil,hematopoietic_stem_and_progenitor_HSPC,0.01134808970473188,0.05859744206088704,0.13713934490741825,M0,raw,244,4,True,314,4,True,1456,4,True,1438,4,True,True,supported
120.0,240.0,neutrophil,innate-lymphoid-cell,0.0007502869763896476,0.0038742113229593344,0.13713934490741825,M0,raw,244,4,True,69,4,True,1456,4,True,1438,4,True,True,supported
120.0,240.0,neutrophil,macrophage,0.007775289260629516,0.040148789250969354,0.13713934490741825,M0,raw,244,4,True,107,4,True,1456,4,True,1438,4,True,True,supported
120.0,240.0,neutrophil,macrophage_immature,0.0016339511385081835,0.008437134324830918,0.13713934490741825,M0,raw,244,4,True,48,4,True,1456,4,True,1438,4,True,True,supported
120.0,240.0,neutrophil,microglia,0.001035028480167764,0.005344513744256791,0.13713934490741825,M0,raw,244,4,True,49,4,True,1456,4,True,1438,4,True,True,supported
120.0,240.0,neutrophil,neutrophil,0.1671203745168188,0.8629493348875855,0.13713934490741825,M0,raw,244,4,True,172,4,True,1456,4,True,1438,4,True,True,supported
120.0,240.0,neutrophil,non_specific_hematopoietic,0.0026433596868571645,0.013649355982100679,0.13713934490741825,M0,raw,244,4,True,94,4,True,1456,4,True,1438,4,True,True,supported
120.0,240.0,non_specific_hematopoietic,erythroblast,0.0041836452787120375,0.04861429014366687,0.060940901530842535,M0,raw,75,4,True,585,4,True,1456,4,True,1438,4,True,True,supported
120.0,240.0,non_specific_hematopoietic,hematopoietic_stem_and_progenitor_HSPC,0.04150625382005378,0.4823059632354796,0.060940901530842535,M0,raw,75,4,True,314,4,True,1456,4,True,1438,4,True,True,supported
120.0,240.0,non_specific_hematopoietic,innate-lymphoid-cell,0.005205178122122344,0.060484582850729766,0.060940901530842535,M0,raw,75,4,True,69,4,True,1456,4,True,1438,4,True,True,supported
120.0,240.0,non_specific_hematopoietic,macrophage,0.008008769154234185,0.09306253313078475,0.060940901530842535,M0,raw,75,4,True,107,4,True,1456,4,True,1438,4,True,True,supported
120.0,240.0,non_specific_hematopoietic,macrophage_immature,0.005907815593828249,0.06864928603174114,0.060940901530842535,M0,raw,75,4,True,48,4,True,1456,4,True,1438,4,True,True,supported
120.0,240.0,non_specific_hematopoietic,microglia,0.0018727322388923512,0.0217612972319057,0.060940901530842535,M0,raw,75,4,True,49,4,True,1456,4,True,1438,4,True,True,supported
120.0,240.0,non_specific_hematopoietic,neutrophil,0.005129571002507658,0.05960602212078977,0.060940901530842535,M0,raw,75,4,True,172,4,True,1456,4,True,1438,4,True,True,supported
120.0,240.0,non_specific_hematopoietic,non_specific_hematopoietic,0.0142439668575324,0.16551602525490242,0.060940901530842535,M0,raw,75,4,True,94,4,True,1456,4,True,1438,4,True,True,supported
120.0,240.0,erythroblast,erythroblast,0.20389364253356768,0.603857591341936,0.23970124920018757,M1,raw,330,4,True,585,4,True,1456,4,True,1438,4,True,True,supported
120.0,240.0,erythroblast,hematopoietic_stem_and_progenitor_HSPC,0.07813132263137171,0.23139609311149748,0.23970124920018757,M1,raw,330,4,True,314,4,True,1456,4,True,1438,4,True,True,supported
120.0,240.0,erythroblast,innate-lymphoid-cell,0.010644102477864122,0.03152389650021372,0.23970124920018757,M1,raw,330,4,True,69,4,True,1456,4,True,1438,4,True,True,supported
120.0,240.0,erythroblast,macrophage,0.008844910432815377,0.02619535480963187,0.23970124920018757,M1,raw,330,4,True,107,4,True,1456,4,True,1438,4,True,True,supported
120.0,240.0,erythroblast,macrophage_immature,0.007305414783913869,0.021635937836765706,0.23970124920018757,M1,raw,330,4,True,48,4,True,1456,4,True,1438,4,True,True,supported
120.0,240.0,erythroblast,microglia,0.0042690648917315475,0.0126433919702966,0.23970124920018757,M1,raw,330,4,True,49,4,True,1456,4,True,1438,4,True,True,supported
120.0,240.0,erythroblast,neutrophil,0.005304545321854421,0.015710102195519868,0.23970124920018757,M1,raw,330,4,True,172,4,True,1456,4,True,1438,4,True,True,supported
120.0,240.0,erythroblast,non_specific_hematopoietic,0.019258862957844784,0.05703763223413875,0.23970124920018757,M1,raw,330,4,True,94,4,True,1456,4,True,1438,4,True,True,supported
120.0,240.0,hematopoietic_stem_and_progenitor_HSPC,erythroblast,0.011678710458858491,0.05500440445883672,0.15072960732790872,M1,raw,190,4,True,585,4,True,1456,4,True,1438,4,True,True,supported
120.0,240.0,hematopoietic_stem_and_progenitor_HSPC,hematopoietic_stem_and_progenitor_HSPC,0.12101188541948338,0.5699419223884298,0.15072960732790872,M1,raw,190,4,True,314,4,True,1456,4,True,1438,4,True,True,supported
120.0,240.0,hematopoietic_stem_and_progenitor_HSPC,innate-lymphoid-cell,0.013631993974352163,0.06420398149154738,0.15072960732790872,M1,raw,190,4,True,69,4,True,1456,4,True,1438,4,True,True,supported
120.0,240.0,hematopoietic_stem_and_progenitor_HSPC,macrophage,0.016624369946007193,0.07829747741454722,0.15072960732790872,M1,raw,190,4,True,107,4,True,1456,4,True,1438,4,True,True,supported
120.0,240.0,hematopoietic_stem_and_progenitor_HSPC,macrophage_immature,0.011687928623880982,0.055047820183462444,0.15072960732790872,M1,raw,190,4,True,48,4,True,1456,4,True,1438,4,True,True,supported
120.0,240.0,hematopoietic_stem_and_progenitor_HSPC,microglia,0.0026927203739647177,0.012682177631329188,0.15072960732790872,M1,raw,190,4,True,49,4,True,1456,4,True,1438,4,True,True,supported
120.0,240.0,hematopoietic_stem_and_progenitor_HSPC,neutrophil,0.017924202401651775,0.08441942986562168,0.15072960732790872,M1,raw,190,4,True,172,4,True,1456,4,True,1438,4,True,True,supported
120.0,240.0,hematopoietic_stem_and_progenitor_HSPC,non_specific_hematopoietic,0.017071375894907818,0.08040278656622554,0.15072960732790872,M1,raw,190,4,True,94,4,True,1456,4,True,1438,4,True,True,supported
120.0,240.0,innate-lymphoid-cell,erythroblast,0.0007582857344762448,0.01989464455888917,0.027058134083168855,M1,raw,42,4,True,585,4,True,1456,4,True,1438,4,True,True,supported
120.0,240.0,innate-lymphoid-cell,hematopoietic_stem_and_progenitor_HSPC,0.008828264142587762,0.23162136540796574,0.027058134083168855,M1,raw,42,4,True,314,4,True,1456,4,True,1438,4,True,True,supported
120.0,240.0,innate-lymphoid-cell,innate-lymphoid-cell,0.024758869563090088,0.6495821920978099,0.027058134083168855,M1,raw,42,4,True,69,4,True,1456,4,True,1438,4,True,True,supported
120.0,240.0,innate-lymphoid-cell,macrophage,0.001034511747865203,0.027141804968794578,0.027058134083168855,M1,raw,42,4,True,107,4,True,1456,4,True,1438,4,True,True,supported
120.0,240.0,innate-lymphoid-cell,macrophage_immature,0.0006885713278505701,0.018065593480393487,0.027058134083168855,M1,raw,42,4,True,48,4,True,1456,4,True,1438,4,True,True,supported
120.0,240.0,innate-lymphoid-cell,microglia,0.00017871736776239587,0.004688890145861671,0.027058134083168855,M1,raw,42,4,True,49,4,True,1456,4,True,1438,4,True,True,supported
120.0,240.0,innate-lymphoid-cell,neutrophil,0.0005569398629621217,0.014612065228895542,0.027058134083168855,M1,raw,42,4,True,172,4,True,1456,4,True,1438,4,True,True,supported
120.0,240.0,innate-lymphoid-cell,non_specific_hematopoietic,0.0013109084684561586,0.03439344411139001,0.027058134083168855,M1,raw,42,4,True,94,4,True,1456,4,True,1438,4,True,True,supported
120.0,240.0,macrophage,erythroblast,0.017948819871956116,0.04610622404240273,0.27636146487671026,M1,raw,425,4,True,585,4,True,1456,4,True,1438,4,True,True,supported
120.0,240.0,macrophage,hematopoietic_stem_and_progenitor_HSPC,0.1495367939349798,0.3841242473284343,0.27636146487671026,M1,raw,425,4,True,314,4,True,1456,4,True,1438,4,True,True,supported
120.0,240.0,macrophage,innate-lymphoid-cell,0.017837013654589288,0.04581902061933518,0.27636146487671026,M1,raw,425,4,True,69,4,True,1456,4,True,1438,4,True,True,supported
120.0,240.0,macrophage,macrophage,0.09875856959935894,0.2536871375688403,0.27636146487671026,M1,raw,425,4,True,107,4,True,1456,4,True,1438,4,True,True,supported
120.0,240.0,macrophage,macrophage_immature,0.016718910225376457,0.04294688041303608,0.27636146487671026,M1,raw,425,4,True,48,4,True,1456,4,True,1438,4,True,True,supported
120.0,240.0,macrophage,microglia,0.017071030025393022,0.04385139193552875,0.27636146487671026,M1,raw,425,4,True,49,4,True,1456,4,True,1438,4,True,True,supported
120.0,240.0,macrophage,neutrophil,0.0507097679921687,0.1302612617912682,0.27636146487671026,M1,raw,425,4,True,172,4,True,1456,4,True,1438,4,True,True,supported
120.0,240.0,macrophage,non_specific_hematopoietic,0.020711869039377866,0.05320383630115441,0.27636146487671026,M1,raw,425,4,True,94,4,True,1456,4,True,1438,4,True,True,supported
120.0,240.0,macrophage_immature,erythroblast,0.00529539450351316,0.05404288322548912,0.06956022091502172,M1,raw,75,4,True,585,4,True,1456,4,True,1438,4,True,True,supported
120.0,240.0,macrophage_immature,hematopoietic_stem_and_progenitor_HSPC,0.053038517032200576,0.541291943503489,0.06956022091502172,M1,raw,75,4,True,314,4,True,1456,4,True,1438,4,True,True,supported
120.0,240.0,macrophage_immature,innate-lymphoid-cell,0.00610732665391808,0.062329169424230745,0.06956022091502172,M1,raw,75,4,True,69,4,True,1456,4,True,1438,4,True,True,supported
120.0,240.0,macrophage_immature,macrophage,0.010860480864524279,0.11083814411650587,0.06956022091502172,M1,raw,75,4,True,107,4,True,1456,4,True,1438,4,True,True,supported
120.0,240.0,macrophage_immature,macrophage_immature,0.007227906090014615,0.07376539831514192,0.06956022091502172,M1,raw,75,4,True,48,4,True,1456,4,True,1438,4,True,True,supported
120.0,240.0,macrophage_immature,microglia,0.003392419413468289,0.034621806947965274,0.06956022091502172,M1,raw,75,4,True,49,4,True,1456,4,True,1438,4,True,True,supported
120.0,240.0,macrophage_immature,neutrophil,0.004312087431159506,0.04400760648628667,0.06956022091502172,M1,raw,75,4,True,172,4,True,1456,4,True,1438,4,True,True,supported
120.0,240.0,macrophage_immature,non_specific_hematopoietic,0.007750915948384972,0.07910304798089143,0.06956022091502172,M1,raw,75,4,True,94,4,True,1456,4,True,1438,4,True,True,supported
120.0,240.0,microglia,erythroblast,0.0019957728118488905,0.03118779176935083,0.045428418632711354,M1,raw,75,4,True,585,4,True,1456,4,True,1438,4,True,True,supported
120.0,240.0,microglia,hematopoietic_stem_and_progenitor_HSPC,0.009833071692209377,0.15366067248186555,0.045428418632711354,M1,raw,75,4,True,314,4,True,1456,4,True,1438,4,True,True,supported
120.0,240.0,microglia,innate-lymphoid-cell,0.0012125101302137566,0.018947804697420786,0.045428418632711354,M1,raw,75,4,True,69,4,True,1456,4,True,1438,4,True,True,supported
120.0,240.0,microglia,macrophage,0.005668127327322115,0.08857539984369411,0.045428418632711354,M1,raw,75,4,True,107,4,True,1456,4,True,1438,4,True,True,supported
120.0,240.0,microglia,macrophage_immature,0.0021726616311864917,0.03395202005779849,0.045428418632711354,M1,raw,75,4,True,48,4,True,1456,4,True,1438,4,True,True,supported
120.0,240.0,microglia,microglia,0.035144596664299144,0.5492019713248669,0.045428418632711354,M1,raw,75,4,True,49,4,True,1456,4,True,1438,4,True,True,supported
120.0,240.0,microglia,neutrophil,0.004230613907637164,0.06611148564834621,0.045428418632711354,M1,raw,75,4,True,172,4,True,1456,4,True,1438,4,True,True,supported
120.0,240.0,microglia,non_specific_hematopoietic,0.0037347625779052787,0.05836285417665712,0.045428418632711354,M1,raw,75,4,True,94,4,True,1456,4,True,1438,4,True,True,supported
120.0,240.0,neutrophil,erythroblast,0.0011700065068298326,0.00644466033914496,0.1288811453824935,M1,raw,244,4,True,585,4,True,1456,4,True,1438,4,True,True,supported
120.0,240.0,neutrophil,hematopoietic_stem_and_progenitor_HSPC,0.009846565699172919,0.05423710985179526,0.1288811453824935,M1,raw,244,4,True,314,4,True,1456,4,True,1438,4,True,True,supported
120.0,240.0,neutrophil,innate-lymphoid-cell,0.0006280061533980154,0.003459199864203677,0.1288811453824935,M1,raw,244,4,True,69,4,True,1456,4,True,1438,4,True,True,supported
120.0,240.0,neutrophil,macrophage,0.006956661590393425,0.03831886470951245,0.1288811453824935,M1,raw,244,4,True,107,4,True,1456,4,True,1438,4,True,True,supported
120.0,240.0,neutrophil,macrophage_immature,0.0014369806272442902,0.007915214148349892,0.1288811453824935,M1,raw,244,4,True,48,4,True,1456,4,True,1438,4,True,True,supported
120.0,240.0,neutrophil,microglia,0.0009545161159333857,0.005257690550882783,0.1288811453824935,M1,raw,244,4,True,49,4,True,1456,4,True,1438,4,True,True,supported
120.0,240.0,neutrophil,neutrophil,0.1581064021954454,0.8708858058873042,0.1288811453824935,M1,raw,244,4,True,172,4,True,1456,4,True,1438,4,True,True,supported
120.0,240.0,neutrophil,non_specific_hematopoietic,0.002447512953448833,0.01348145464880679,0.1288811453824935,M1,raw,244,4,True,94,4,True,1456,4,True,1438,4,True,True,supported
120.0,240.0,non_specific_hematopoietic,erythroblast,0.004173752821154223,0.04757523491338845,0.062279759581797885,M1,raw,75,4,True,585,4,True,1456,4,True,1438,4,True,True,supported
120.0,240.0,non_specific_hematopoietic,hematopoietic_stem_and_progenitor_HSPC,0.04195002656056627,0.4781745478856376,0.062279759581797885,M1,raw,75,4,True,314,4,True,1456,4,True,1438,4,True,True,supported
120.0,240.0,non_specific_hematopoietic,innate-lymphoid-cell,0.005245204176208738,0.05978835631737477,0.062279759581797885,M1,raw,75,4,True,69,4,True,1456,4,True,1438,4,True,True,supported
120.0,240.0,non_specific_hematopoietic,macrophage,0.008560990201501254,0.09758391006370264,0.062279759581797885,M1,raw,75,4,True,107,4,True,1456,4,True,1438,4,True,True,supported
120.0,240.0,non_specific_hematopoietic,macrophage_immature,0.005906972220130619,0.06733163247598793,0.062279759581797885,M1,raw,75,4,True,48,4,True,1456,4,True,1438,4,True,True,supported
120.0,240.0,non_specific_hematopoietic,microglia,0.0021899504325445696,0.02496252431359177,0.062279759581797885,M1,raw,75,4,True,49,4,True,1456,4,True,1438,4,True,True,supported
120.0,240.0,non_specific_hematopoietic,neutrophil,0.005844964730564022,0.06662482950778903,0.062279759581797885,M1,raw,75,4,True,172,4,True,1456,4,True,1438,4,True,True,supported
120.0,240.0,non_specific_hematopoietic,non_specific_hematopoietic,0.013857665127723151,0.15795896452252775,0.062279759581797885,M1,raw,75,4,True,94,4,True,1456,4,True,1438,4,True,True,supported
