source_hpf,target_hpf,source,target,mass,conditional_target_fraction,source_mass_fraction,model,matrix_kind
12.0,14.0,erythroblast,erythroblast,0.00039983493493497575,0.0024892267035418196,0.3114757023709828,M0,raw
12.0,14.0,erythroblast,hematopoietic_stem_and_progenitor_HSPC,1.7492111839181464e-10,1.088995184938295e-09,0.3114757023709828,M0,raw
12.0,14.0,erythroblast,macrophage,0.008600022055331034,0.05354060558680309,0.3114757023709828,M0,raw
12.0,14.0,erythroblast,macrophage_immature,0.15135425611580816,0.9422764823675256,0.3114757023709828,M0,raw
12.0,14.0,erythroblast,non_specific_hematopoietic,0.00027205000339614884,0.0016936842531342763,0.3114757023709828,M0,raw
12.0,14.0,macrophage_immature,erythroblast,0.013236590746988712,0.08373210452229887,0.3065434369731083,M0,raw
12.0,14.0,macrophage_immature,hematopoietic_stem_and_progenitor_HSPC,3.1157189738135936e-07,1.9709433627146053e-06,0.3065434369731083,M0,raw
12.0,14.0,macrophage_immature,macrophage,0.027686964066867326,0.1751423620677758,0.3065434369731083,M0,raw
12.0,14.0,macrophage_immature,macrophage_immature,0.10050107455422769,0.6357502955277492,0.3065434369731083,M0,raw
12.0,14.0,macrophage_immature,non_specific_hematopoietic,0.01665768247555298,0.10537326693881335,0.3065434369731083,M0,raw
12.0,14.0,microglia,erythroblast,0.0106735049583796,0.38832621839907694,0.05329889809999079,M0,raw
12.0,14.0,microglia,hematopoietic_stem_and_progenitor_HSPC,9.202523513069134e-13,3.3480859094492326e-11,0.05329889809999079,M0,raw
12.0,14.0,microglia,macrophage,0.010204983409494162,0.3712803462112046,0.05329889809999079,M0,raw
12.0,14.0,microglia,macrophage_immature,0.003265777677978724,0.11881636826579282,0.05329889809999079,M0,raw
12.0,14.0,microglia,non_specific_hematopoietic,0.003341658036289306,0.12157706709044477,0.05329889809999079,M0,raw
12.0,14.0,non_specific_hematopoietic,erythroblast,0.01937488383745437,0.11430655176699629,0.32868196255591803,M0,raw
12.0,14.0,non_specific_hematopoietic,hematopoietic_stem_and_progenitor_HSPC,0.002580123948873509,0.015222030449392689,0.32868196255591803,M0,raw
12.0,14.0,non_specific_hematopoietic,macrophage,0.004819235293858859,0.028432179166406352,0.32868196255591803,M0,raw
12.0,14.0,non_specific_hematopoietic,macrophage_immature,0.12490984714899626,0.7369341684383641,0.32868196255591803,M0,raw
12.0,14.0,non_specific_hematopoietic,non_specific_hematopoietic,0.017815238881438246,0.1051050701788406,0.32868196255591803,M0,raw
12.0,14.0,erythroblast,erythroblast,0.00039956864588295703,0.0024876699737364323,0.3114552632774551,M1,raw
12.0,14.0,erythroblast,hematopoietic_stem_and_progenitor_HSPC,1.7476708752388265e-10,1.0880804600416072e-09,0.3114552632774551,M1,raw
12.0,14.0,erythroblast,macrophage,0.008595803904061231,0.053516519608305946,0.3114552632774551,M1,raw
12.0,14.0,erythroblast,macrophage_immature,0.1513523819569436,0.9423031059300541,0.3114552632774551,M1,raw
12.0,14.0,erythroblast,non_specific_hematopoietic,0.00027188140408069547,0.001692703399823236,0.3114552632774551,M1,raw
12.0,14.0,macrophage_immature,erythroblast,0.0132457200915827,0.08373837428936176,0.306724230041764,M1,raw
12.0,14.0,macrophage_immature,hematopoietic_stem_and_progenitor_HSPC,3.109725610324919e-07,1.965943454143209e-06,0.306724230041764,M1,raw
12.0,14.0,macrophage_immature,macrophage,0.027700407561403573,0.1751197428532945,0.306724230041764,M1,raw
12.0,14.0,macrophage_immature,macrophage_immature,0.10057009496622879,0.635796030443857,0.306724230041764,M1,raw
12.0,14.0,macrophage_immature,non_specific_hematopoietic,0.016663275892123276,0.10534388647003257,0.306724230041764,M1,raw
12.0,14.0,microglia,erythroblast,0.010662348642841825,0.3883726908298536,0.05323548707240286,M1,raw
12.0,14.0,microglia,hematopoietic_stem_and_progenitor_HSPC,9.167241501184736e-13,3.339138841321266e-11,0.05323548707240286,M1,raw
12.0,14.0,microglia,macrophage,0.01019347133114934,0.3712939824410287,0.05323548707240286,M1,raw
12.0,14.0,microglia,macrophage_immature,0.0032609359007070345,0.11877856303559357,0.05323548707240286,M1,raw
12.0,14.0,microglia,non_specific_hematopoietic,0.0033371534609532606,0.12155476366013288,0.05323548707240286,M1,raw
12.0,14.0,non_specific_hematopoietic,erythroblast,0.019379464993687767,0.11436445386282006,0.32858501960837805,M1,raw
12.0,14.0,non_specific_hematopoietic,hematopoietic_stem_and_progenitor_HSPC,0.0025807963904178766,0.015230109284101175,0.32858501960837805,M1,raw
12.0,14.0,non_specific_hematopoietic,macrophage,0.0048193460075587335,0.028440510319038218,0.32858501960837805,M1,raw
12.0,14.0,non_specific_hematopoietic,macrophage_immature,0.12485750451546397,0.7368242786494175,0.32858501960837805,M1,raw
12.0,14.0,non_specific_hematopoietic,non_specific_hematopoietic,0.017816458141248725,0.10514064788462307,0.32858501960837805,M1,raw
14.0,16.0,erythroblast,erythroblast,0.2100674547066425,0.5654309587039698,0.5887240804450797,M0,raw
14.0,16.0,erythroblast,hematopoietic_stem_and_progenitor_HSPC,0.05650414019259729,0.1520901474455459,0.5887240804450797,M0,raw
14.0,16.0,erythroblast,macrophage,0.014226602446004624,0.03829323048340944,0.5887240804450797,M0,raw
14.0,16.0,erythroblast,macrophage_immature,0.034997495948234286,0.09420149215347576,0.5887240804450797,M0,raw
14.0,16.0,erythroblast,neutrophil,0.00229680743642188,0.006182233380930117,0.5887240804450797,M0,raw
14.0,16.0,erythroblast,non_specific_hematopoietic,0.05342492588596839,0.1438019378326691,0.5887240804450797,M0,raw
14.0,16.0,hematopoietic_stem_and_progenitor_HSPC,erythroblast,0.0013106372105057458,0.054109432257148087,0.03838328378588224,M0,raw
14.0,16.0,hematopoietic_stem_and_progenitor_HSPC,hematopoietic_stem_and_progenitor_HSPC,0.014749948495489142,0.608949091720904,0.03838328378588224,M0,raw
14.0,16.0,hematopoietic_stem_and_progenitor_HSPC,macrophage,7.975683039696298e-05,0.003292747052209837,0.03838328378588224,M0,raw
14.0,16.0,hematopoietic_stem_and_progenitor_HSPC,macrophage_immature,0.006138017668191334,0.2534070058044648,0.03838328378588224,M0,raw
14.0,16.0,hematopoietic_stem_and_progenitor_HSPC,neutrophil,0.0013377859320119045,0.05523026256429221,0.03838328378588224,M0,raw
14.0,16.0,hematopoietic_stem_and_progenitor_HSPC,non_specific_hematopoietic,0.0006058269249057542,0.02501146060098111,0.03838328378588224,M0,raw
14.0,16.0,macrophage,erythroblast,1.3366366562617715e-07,2.1188501353783617e-05,0.00999644859027102,M0,raw
14.0,16.0,macrophage,hematopoietic_stem_and_progenitor_HSPC,1.5061147477053446e-05,0.0023875085440166434,0.00999644859027102,M0,raw
14.0,16.0,macrophage,macrophage,7.858146263453846e-06,0.001245681404601649,0.00999644859027102,M0,raw
14.0,16.0,macrophage,macrophage_immature,0.006285258335995839,0.9963455972663832,0.00999644859027102,M0,raw
14.0,16.0,macrophage,neutrophil,1.3880413559225335e-10,2.2003373924613057e-08,0.00999644859027102,M0,raw
14.0,16.0,macrophage,non_specific_hematopoietic,1.4384658114810773e-11,2.2802707565405236e-09,0.00999644859027102,M0,raw
14.0,16.0,macrophage_immature,erythroblast,0.004952922209033508,0.08708720018466684,0.09012386093203932,M0,raw
14.0,16.0,macrophage_immature,hematopoietic_stem_and_progenitor_HSPC,0.014991231952358686,0.26359073753847495,0.09012386093203932,M0,raw
14.0,16.0,macrophage_immature,macrophage,0.003097886594001748,0.054470120582384624,0.09012386093203932,M0,raw
14.0,16.0,macrophage_immature,macrophage_immature,0.02551293978169974,0.4485938604115081,0.09012386093203932,M0,raw
14.0,16.0,macrophage_immature,neutrophil,0.00020537258423004872,0.003611064862408706,0.09012386093203932,M0,raw
14.0,16.0,macrophage_immature,non_specific_hematopoietic,0.008112783212499435,0.14264701642055672,0.09012386093203932,M0,raw
14.0,16.0,non_specific_hematopoietic,erythroblast,0.044071444578017545,0.25602925282866357,0.2727723262467277,M0,raw
14.0,16.0,non_specific_hematopoietic,hematopoietic_stem_and_progenitor_HSPC,0.05854490344905763,0.3401115627252428,0.2727723262467277,M0,raw
14.0,16.0,non_specific_hematopoietic,macrophage,0.016836127510452374,0.09780802940095343,0.2727723262467277,M0,raw
14.0,16.0,non_specific_hematopoietic,macrophage_immature,0.024495236912067047,0.14230296430051206,0.2727723262467277,M0,raw
14.0,16.0,non_specific_hematopoietic,neutrophil,0.0041853053874871555,0.024314170354030145,0.2727723262467277,M0,raw
14.0,16.0,non_specific_hematopoietic,non_specific_hematopoietic,0.02400139294257412,0.13943402039059807,0.2727723262467277,M0,raw
14.0,16.0,erythroblast,erythroblast,0.21011977708331048,0.5654123974929063,0.588925571639728,M1,raw
14.0,16.0,erythroblast,hematopoietic_stem_and_progenitor_HSPC,0.05653061476054139,0.15211852433496784,0.588925571639728,M1,raw
14.0,16.0,erythroblast,macrophage,0.014231162677629989,0.03829470942889869,0.588925571639728,M1,raw
14.0,16.0,erythroblast,macrophage_immature,0.035005070482706756,0.09419532564127905,0.588925571639728,M1,raw
14.0,16.0,erythroblast,neutrophil,0.0022976647841154245,0.0061827980795288555,0.588925571639728,M1,raw
14.0,16.0,erythroblast,non_specific_hematopoietic,0.05343787133692432,0.1437962450224193,0.588925571639728,M1,raw
14.0,16.0,hematopoietic_stem_and_progenitor_HSPC,erythroblast,0.0013054646436818909,0.05402151620514791,0.03829632962157623,M1,raw
14.0,16.0,hematopoietic_stem_and_progenitor_HSPC,hematopoietic_stem_and_progenitor_HSPC,0.014708736352448099,0.6086631630099087,0.03829632962157623,M1,raw
14.0,16.0,hematopoietic_stem_and_progenitor_HSPC,macrophage,7.93460166808869e-05,0.0032834226087129137,0.03829632962157623,M1,raw
14.0,16.0,hematopoietic_stem_and_progenitor_HSPC,macrophage_immature,0.0061358125571452345,0.25390645322474265,0.03829632962157623,M1,raw
14.0,16.0,hematopoietic_stem_and_progenitor_HSPC,neutrophil,0.0013331644702765846,0.05516776450724262,0.03829632962157623,M1,raw
14.0,16.0,hematopoietic_stem_and_progenitor_HSPC,non_specific_hematopoietic,0.0006031183812861613,0.024957680444245112,0.03829632962157623,M1,raw
14.0,16.0,macrophage,erythroblast,1.3347580317466407e-07,2.1199192016997017e-05,0.009977966507132677,M1,raw
14.0,16.0,macrophage,hematopoietic_stem_and_progenitor_HSPC,1.5036949554691496e-05,0.0023882319744700435,0.009977966507132677,M1,raw
14.0,16.0,macrophage,macrophage,7.855194097285387e-06,0.0012475951748439711,0.009977966507132677,M1,raw
14.0,16.0,macrophage,macrophage_immature,0.006273242644968789,0.9963429493350365,0.009977966507132677,M1,raw
14.0,16.0,macrophage,neutrophil,1.388057481795365e-10,2.20457164424801e-08,0.009977966507132677,M1,raw
14.0,16.0,macrophage,non_specific_hematopoietic,1.434237136163202e-11,2.2779161259396664e-09,0.009977966507132677,M1,raw
14.0,16.0,macrophage_immature,erythroblast,0.004950923583840612,0.08704460479591575,0.09013701523817962,M1,raw
14.0,16.0,macrophage_immature,hematopoietic_stem_and_progenitor_HSPC,0.014993825295073177,0.26361376318723373,0.09013701523817962,M1,raw
14.0,16.0,macrophage_immature,macrophage,0.003095733678232679,0.05442760527645528,0.09013701523817962,M1,raw
14.0,16.0,macrophage_immature,macrophage_immature,0.02551791402296677,0.44864290545608376,0.09013701523817962,M1,raw
14.0,16.0,macrophage_immature,neutrophil,0.00020584730765913062,0.0036191020200705137,0.09013701523817962,M1,raw
14.0,16.0,macrophage_immature,non_specific_hematopoietic,0.008113762456773827,0.14265201926424104,0.09013701523817962,M1,raw
14.0,16.0,non_specific_hematopoietic,erythroblast,0.04403006074050548,0.2559067238975267,0.2726631169933832,M1,raw
14.0,16.0,non_specific_hematopoietic,hematopoietic_stem_and_progenitor_HSPC,0.05853392383477533,0.3402044974161155,0.2726631169933832,M1,raw
14.0,16.0,non_specific_hematopoietic,macrophage,0.01683114755681742,0.09782416281653211,0.2726631169933832,M1,raw
14.0,16.0,non_specific_hematopoietic,macrophage_immature,0.02448697228682071,0.14232051354689718,0.2726631169933832,M1,raw
14.0,16.0,non_specific_hematopoietic,neutrophil,0.004186785211368918,0.024333977039426937,0.2726631169933832,M1,raw
14.0,16.0,non_specific_hematopoietic,non_specific_hematopoietic,0.023986225100251748,0.13941012528350147,0.2726631169933832,M1,raw
16.0,19.0,erythroblast,erythroblast,0.26965058791125635,0.7217671795076754,0.4858709855549445,M0,raw
16.0,19.0,erythroblast,hematopoietic_stem_and_progenitor_HSPC,0.06047955729299123,0.16188416210537368,0.4858709855549445,M0,raw
16.0,19.0,erythroblast,macrophage,0.0031590248007033156,0.00845568495904343,0.4858709855549445,M0,raw
16.0,19.0,erythroblast,macrophage_immature,0.02042435625066487,0.054669378318410726,0.4858709855549445,M0,raw
16.0,19.0,erythroblast,neutrophil,0.0011510896277501434,0.003081093649442324,0.4858709855549445,M0,raw
16.0,19.0,erythroblast,non_specific_hematopoietic,0.018733125281849883,0.05014250146005447,0.4858709855549445,M0,raw
16.0,19.0,hematopoietic_stem_and_progenitor_HSPC,erythroblast,0.034639343786639576,0.27869534613282154,0.16164291104150538,M0,raw
16.0,19.0,hematopoietic_stem_and_progenitor_HSPC,hematopoietic_stem_and_progenitor_HSPC,0.05445414799432437,0.4381179307876947,0.16164291104150538,M0,raw
16.0,19.0,hematopoietic_stem_and_progenitor_HSPC,macrophage,0.01999064482768175,0.16083733323545002,0.16164291104150538,M0,raw
16.0,19.0,hematopoietic_stem_and_progenitor_HSPC,macrophage_immature,4.381024243312247e-05,0.00035248100409370885,0.16164291104150538,M0,raw
16.0,19.0,hematopoietic_stem_and_progenitor_HSPC,neutrophil,0.00415657601565797,0.03344227299877387,0.16164291104150538,M0,raw
16.0,19.0,hematopoietic_stem_and_progenitor_HSPC,non_specific_hematopoietic,0.011006550763646122,0.0885546358411661,0.16164291104150538,M0,raw
16.0,19.0,macrophage,erythroblast,0.0218990618854479,0.13722678147533127,0.20754073813023946,M0,raw
16.0,19.0,macrophage,hematopoietic_stem_and_progenitor_HSPC,0.04245248072992944,0.2660213175653386,0.20754073813023946,M0,raw
16.0,19.0,macrophage,macrophage,0.05448372915953673,0.3414131086731692,0.20754073813023946,M0,raw
16.0,19.0,macrophage,macrophage_immature,7.581446244414887e-12,4.7507855473052555e-11,0.20754073813023946,M0,raw
16.0,19.0,macrophage,neutrophil,0.027671122044424023,0.1733964239121439,0.20754073813023946,M0,raw
16.0,19.0,macrophage,non_specific_hematopoietic,0.01307660921381425,0.08194236832650924,0.20754073813023946,M0,raw
16.0,19.0,macrophage_immature,erythroblast,0.00968607674132579,0.25138320079085896,0.050110458619441925,M0,raw
16.0,19.0,macrophage_immature,hematopoietic_stem_and_progenitor_HSPC,0.018800820026689643,0.4879385577896238,0.050110458619441925,M0,raw
16.0,19.0,macrophage_immature,macrophage,0.004202031006765436,0.10905550642566415,0.050110458619441925,M0,raw
16.0,19.0,macrophage_immature,macrophage_immature,0.0008337791190611073,0.021639108309756683,0.050110458619441925,M0,raw
16.0,19.0,macrophage_immature,neutrophil,0.0033048852520799837,0.08577184087028569,0.050110458619441925,M0,raw
16.0,19.0,macrophage_immature,non_specific_hematopoietic,0.0017035297065053606,0.04421178581381078,0.050110458619441925,M0,raw
16.0,19.0,neutrophil,erythroblast,0.004188977838832589,0.27260617715541113,0.019984307050701783,M0,raw
16.0,19.0,neutrophil,hematopoietic_stem_and_progenitor_HSPC,0.005251467217165287,0.34174981525501613,0.019984307050701783,M0,raw
16.0,19.0,neutrophil,macrophage,0.003921960184607554,0.25522946504285,0.019984307050701783,M0,raw
16.0,19.0,neutrophil,macrophage_immature,1.0358348418624896e-12,6.740904040762536e-11,0.019984307050701783,M0,raw
16.0,19.0,neutrophil,neutrophil,0.0014646575311600858,0.09531554134998858,0.019984307050701783,M0,raw
16.0,19.0,neutrophil,non_specific_hematopoietic,0.0005393455842788267,0.03509900112932503,0.019984307050701783,M0,raw
16.0,19.0,non_specific_hematopoietic,erythroblast,0.02428894261242438,0.42201709990285263,0.07485059960316666,M0,raw
16.0,19.0,non_specific_hematopoietic,hematopoietic_stem_and_progenitor_HSPC,0.02084930936178816,0.36225393637920056,0.07485059960316666,M0,raw
16.0,19.0,non_specific_hematopoietic,macrophage,0.0004198476985558151,0.007294797100585962,0.07485059960316666,M0,raw
16.0,19.0,non_specific_hematopoietic,macrophage_immature,0.000655802887262259,0.011394486660311287,0.07485059960316666,M0,raw
16.0,19.0,non_specific_hematopoietic,neutrophil,1.8545560942034888e-06,3.2222661849535244e-05,0.07485059960316666,M0,raw
16.0,19.0,non_specific_hematopoietic,non_specific_hematopoietic,0.011338646764702849,0.1970074572952,0.07485059960316666,M0,raw
16.0,19.0,erythroblast,erythroblast,0.2699139055958139,0.7216348332237905,0.4866435610779808,M1,raw
16.0,19.0,erythroblast,hematopoietic_stem_and_progenitor_HSPC,0.06058181763478154,0.16196997990439102,0.4866435610779808,M1,raw
16.0,19.0,erythroblast,macrophage,0.003179042363046663,0.008499405395229564,0.4866435610779808,M1,raw
16.0,19.0,erythroblast,macrophage_immature,0.020441193102299214,0.05465104490526762,0.4866435610779808,M1,raw
16.0,19.0,erythroblast,neutrophil,0.0011554362927254974,0.0030891445720853984,0.4866435610779808,M1,raw
16.0,19.0,erythroblast,non_specific_hematopoietic,0.018759753688034102,0.050155591999235756,0.4866435610779808,M1,raw
16.0,19.0,hematopoietic_stem_and_progenitor_HSPC,erythroblast,0.03453072147201679,0.2784125486430127,0.16136898114123543,M1,raw
16.0,19.0,hematopoietic_stem_and_progenitor_HSPC,hematopoietic_stem_and_progenitor_HSPC,0.05435474052092039,0.4382486433572691,0.16136898114123543,M1,raw
16.0,19.0,hematopoietic_stem_and_progenitor_HSPC,macrophage,0.019955172412948984,0.16089355140182005,0.16136898114123543,M1,raw
16.0,19.0,hematopoietic_stem_and_progenitor_HSPC,macrophage_immature,4.359917851732327e-05,0.0003515292438817583,0.16136898114123543,M1,raw
16.0,19.0,hematopoietic_stem_and_progenitor_HSPC,neutrophil,0.004155054085324978,0.033501159209267,0.16136898114123543,M1,raw
16.0,19.0,hematopoietic_stem_and_progenitor_HSPC,non_specific_hematopoietic,0.010987885819110633,0.08859256814474939,0.16136898114123543,M1,raw
16.0,19.0,macrophage,erythroblast,0.021779543506626694,0.13700907053746425,0.20682482387867604,M1,raw
16.0,19.0,macrophage,hematopoietic_stem_and_progenitor_HSPC,0.042264809629024735,0.26587620084661867,0.20682482387867604,M1,raw
16.0,19.0,macrophage,macrophage,0.05430616758735477,0.3416250456916785,0.20682482387867604,M1,raw
16.0,19.0,macrophage,macrophage_immature,7.41801312520242e-12,4.666466417027801e-11,0.20682482387867604,M1,raw
16.0,19.0,macrophage,neutrophil,0.027579808458749095,0.17349692941841488,0.20682482387867604,M1,raw
16.0,19.0,macrophage,non_specific_hematopoietic,0.01303391617932014,0.08199275345915899,0.20682482387867604,M1,raw
16.0,19.0,macrophage_immature,erythroblast,0.009704827585368404,0.25142054022169935,0.050221569323900636,M1,raw
16.0,19.0,macrophage_immature,hematopoietic_stem_and_progenitor_HSPC,0.018822543966285528,0.4876309373579201,0.050221569323900636,M1,raw
16.0,19.0,macrophage_immature,macrophage,0.004218199731527826,0.10927984510128669,0.050221569323900636,M1,raw
16.0,19.0,macrophage_immature,macrophage_immature,0.0008348818205139625,0.0216290744465532,0.050221569323900636,M1,raw
16.0,19.0,macrophage_immature,neutrophil,0.0033136239686659416,0.08584522712692137,0.050221569323900636,M1,raw
16.0,19.0,macrophage_immature,non_specific_hematopoietic,0.0017059019779212343,0.04419437574561927,0.050221569323900636,M1,raw
16.0,19.0,neutrophil,erythroblast,0.004182898652288947,0.27222270845769186,0.01999199810597336,M1,raw
16.0,19.0,neutrophil,hematopoietic_stem_and_progenitor_HSPC,0.005249377857002518,0.3416290894758086,0.01999199810597336,M1,raw
16.0,19.0,neutrophil,macrophage,0.003926923054906287,0.25556383713159553,0.01999199810597336,M1,raw
16.0,19.0,neutrophil,macrophage_immature,1.01363320569547e-12,6.596716764487665e-11,0.01999199810597336,M1,raw
16.0,19.0,neutrophil,neutrophil,0.001467601316830609,0.09551137586971732,0.01999199810597336,M1,raw
16.0,19.0,neutrophil,non_specific_hematopoietic,0.0005389218234134965,0.03507298899921942,0.01999199810597336,M1,raw
16.0,19.0,non_specific_hematopoietic,erythroblast,0.024302146458840428,0.42187288843721005,0.07494906647223376,M1,raw
16.0,19.0,non_specific_hematopoietic,hematopoietic_stem_and_progenitor_HSPC,0.020882591440068935,0.36251115446929116,0.07494906647223376,M1,raw
16.0,19.0,non_specific_hematopoietic,macrophage,0.00042429160372624557,0.007365486201262411,0.07494906647223376,M1,raw
16.0,19.0,non_specific_hematopoietic,macrophage_immature,0.0006560695443985121,0.011389033235391468,0.07494906647223376,M1,raw
16.0,19.0,non_specific_hematopoietic,neutrophil,1.876951649131984e-06,3.258292492876686e-05,0.07494906647223376,M1,raw
16.0,19.0,non_specific_hematopoietic,non_specific_hematopoietic,0.01133840022936859,0.19682885473191614,0.07494906647223376,M1,raw
19.0,24.0,erythroblast,erythroblast,0.24001255289230092,0.6736262843242389,0.48341767204113534,M0,raw
19.0,24.0,erythroblast,hematopoietic_stem_and_progenitor_HSPC,0.03469792351657225,0.09738421182796794,0.48341767204113534,M0,raw
19.0,24.0,erythroblast,innate-lymphoid-cell,0.0002203462054507982,0.0006184301356494921,0.48341767204113534,M0,raw
19.0,24.0,erythroblast,macrophage,0.0253826589564482,0.07123971656088345,0.48341767204113534,M0,raw
19.0,24.0,erythroblast,macrophage_immature,0.02843230397081749,0.07979893987975438,0.48341767204113534,M0,raw
19.0,24.0,erythroblast,neutrophil,0.01095877841436681,0.030757229549219098,0.48341767204113534,M0,raw
19.0,24.0,erythroblast,non_specific_hematopoietic,0.016594705353396706,0.04657518772228669,0.48341767204113534,M0,raw
19.0,24.0,hematopoietic_stem_and_progenitor_HSPC,erythroblast,0.012115476932629708,0.16860473551056573,0.09749410071978291,M0,raw
19.0,24.0,hematopoietic_stem_and_progenitor_HSPC,hematopoietic_stem_and_progenitor_HSPC,0.01229708405907392,0.17113206660047883,0.09749410071978291,M0,raw
19.0,24.0,hematopoietic_stem_and_progenitor_HSPC,innate-lymphoid-cell,0.00016561448160246073,0.0023047698429517352,0.09749410071978291,M0,raw
19.0,24.0,hematopoietic_stem_and_progenitor_HSPC,macrophage,0.02001421915864418,0.27852738661945964,0.09749410071978291,M0,raw
19.0,24.0,hematopoietic_stem_and_progenitor_HSPC,macrophage_immature,0.016020715616517283,0.22295189320513098,0.09749410071978291,M0,raw
19.0,24.0,hematopoietic_stem_and_progenitor_HSPC,neutrophil,0.009285935220958663,0.12922748816279175,0.09749410071978291,M0,raw
19.0,24.0,hematopoietic_stem_and_progenitor_HSPC,non_specific_hematopoietic,0.0019582300450594627,0.0272516600586214,0.09749410071978291,M0,raw
19.0,24.0,macrophage,erythroblast,0.0069463815370405845,0.03575348482652937,0.26360148135937955,M0,raw
19.0,24.0,macrophage,hematopoietic_stem_and_progenitor_HSPC,0.00312284030140047,0.01607346540589882,0.26360148135937955,M0,raw
19.0,24.0,macrophage,innate-lymphoid-cell,0.0012127067839173833,0.006241881959206593,0.26360148135937955,M0,raw
19.0,24.0,macrophage,macrophage,0.10325109322725723,0.5314402002450419,0.26360148135937955,M0,raw
19.0,24.0,macrophage,macrophage_immature,0.057507298658421746,0.29599386659583676,0.26360148135937955,M0,raw
19.0,24.0,macrophage,neutrophil,0.016196513730820428,0.08336452652790405,0.26360148135937955,M0,raw
19.0,24.0,macrophage,non_specific_hematopoietic,0.006048605928538508,0.031132574439582443,0.26360148135937955,M0,raw
19.0,24.0,macrophage_immature,erythroblast,0.002316482247886389,0.3600874073804882,0.008728279267914259,M0,raw
19.0,24.0,macrophage_immature,hematopoietic_stem_and_progenitor_HSPC,0.0019322710186025116,0.3003633902568798,0.008728279267914259,M0,raw
19.0,24.0,macrophage_immature,innate-lymphoid-cell,4.1038792915060185e-06,0.0006379307484998924,0.008728279267914259,M0,raw
19.0,24.0,macrophage_immature,macrophage,0.000814253904806661,0.12657233950262048,0.008728279267914259,M0,raw
19.0,24.0,macrophage_immature,macrophage_immature,0.0006868493291623352,0.10676783490344402,0.008728279267914259,M0,raw
19.0,24.0,macrophage_immature,neutrophil,0.0005993326365469898,0.09316373369561969,0.008728279267914259,M0,raw
19.0,24.0,macrophage_immature,non_specific_hematopoietic,7.981794622795325e-05,0.012407363512447915,0.008728279267914259,M0,raw
19.0,24.0,neutrophil,erythroblast,0.002492298643776937,0.04580515795456966,0.0738232714662473,M0,raw
19.0,24.0,neutrophil,hematopoietic_stem_and_progenitor_HSPC,0.001428340524837208,0.026251012701243866,0.0738232714662473,M0,raw
19.0,24.0,neutrophil,innate-lymphoid-cell,0.00031975252932170406,0.0058766292508822945,0.0738232714662473,M0,raw
19.0,24.0,neutrophil,macrophage,0.024926699474065117,0.45811982024969183,0.0738232714662473,M0,raw
19.0,24.0,neutrophil,macrophage_immature,0.016335396336216945,0.3002230135217633,0.0738232714662473,M0,raw
19.0,24.0,neutrophil,neutrophil,0.006812897942779728,0.12521206765352566,0.0738232714662473,M0,raw
19.0,24.0,neutrophil,non_specific_hematopoietic,0.002095487801504657,0.03851229866832339,0.0738232714662473,M0,raw
19.0,24.0,non_specific_hematopoietic,erythroblast,0.014513126752317293,0.26997989859101124,0.07293519514554052,M0,raw
19.0,24.0,non_specific_hematopoietic,hematopoietic_stem_and_progenitor_HSPC,0.022347795378091725,0.4157240292100749,0.07293519514554052,M0,raw
19.0,24.0,non_specific_hematopoietic,innate-lymphoid-cell,3.4844942774725496e-05,0.0006482017470995976,0.07293519514554052,M0,raw
19.0,24.0,non_specific_hematopoietic,macrophage,0.006269342853541262,0.1166252163794474,0.07293519514554052,M0,raw
19.0,24.0,non_specific_hematopoietic,macrophage_immature,0.005602980128675088,0.10422922866746284,0.07293519514554052,M0,raw
19.0,24.0,non_specific_hematopoietic,neutrophil,0.0041189565256598,0.07662273499546605,0.07293519514554052,M0,raw
19.0,24.0,non_specific_hematopoietic,non_specific_hematopoietic,0.000869276863979339,0.016170690409437926,0.07293519514554052,M0,raw
19.0,24.0,erythroblast,erythroblast,0.24056772007023114,0.6730841085801766,0.484982163384052,M1,raw
19.0,24.0,erythroblast,hematopoietic_stem_and_progenitor_HSPC,0.03478708395611605,0.09733073659205187,0.484982163384052,M1,raw
19.0,24.0,erythroblast,innate-lymphoid-cell,0.00022229086282728126,0.0006219473136626096,0.484982163384052,M1,raw
19.0,24.0,erythroblast,macrophage,0.025577364577196372,0.07156287481648188,0.484982163384052,M1,raw
19.0,24.0,erythroblast,macrophage_immature,0.028590582180831,0.07999355239911189,0.484982163384052,M1,raw
19.0,24.0,erythroblast,neutrophil,0.01102337003549266,0.030842272569748422,0.484982163384052,M1,raw
19.0,24.0,erythroblast,non_specific_hematopoietic,0.016642671127879868,0.046564507728766705,0.484982163384052,M1,raw
19.0,24.0,hematopoietic_stem_and_progenitor_HSPC,erythroblast,0.01206807024083228,0.1684114687180066,0.09723529074827851,M1,raw
19.0,24.0,hematopoietic_stem_and_progenitor_HSPC,hematopoietic_stem_and_progenitor_HSPC,0.012261635607904175,0.17111269825271885,0.09723529074827851,M1,raw
19.0,24.0,hematopoietic_stem_and_progenitor_HSPC,innate-lymphoid-cell,0.00016559510982006032,0.002310901005776102,0.09723529074827851,M1,raw
19.0,24.0,hematopoietic_stem_and_progenitor_HSPC,macrophage,0.019973040541073572,0.27872634357939496,0.09723529074827851,M1,raw
19.0,24.0,hematopoietic_stem_and_progenitor_HSPC,macrophage_immature,0.015982027742750708,0.22303124787438677,0.09723529074827851,M1,raw
19.0,24.0,hematopoietic_stem_and_progenitor_HSPC,neutrophil,0.009254116811822755,0.1291423875454328,0.09723529074827851,M1,raw
19.0,24.0,hematopoietic_stem_and_progenitor_HSPC,non_specific_hematopoietic,0.0019537586763820466,0.02726495302428377,0.09723529074827851,M1,raw
19.0,24.0,macrophage,erythroblast,0.006895391389480229,0.03569496754051101,0.2621257475788963,M1,raw
19.0,24.0,macrophage,hematopoietic_stem_and_progenitor_HSPC,0.003094040684023078,0.01601673865151682,0.2621257475788963,M1,raw
19.0,24.0,macrophage,innate-lymphoid-cell,0.0012060978660883848,0.006243535971922501,0.2621257475788963,M1,raw
19.0,24.0,macrophage,macrophage,0.10270931268025407,0.5316892653581803,0.2621257475788963,M1,raw
19.0,24.0,macrophage,macrophage_immature,0.05717525777851051,0.2959757982176153,0.2621257475788963,M1,raw
19.0,24.0,macrophage,neutrophil,0.01608691370469728,0.08327618115952308,0.2621257475788963,M1,raw
19.0,24.0,macrophage,non_specific_hematopoietic,0.006008435115509156,0.03110351310073097,0.2621257475788963,M1,raw
19.0,24.0,macrophage_immature,erythroblast,0.0023173898977610946,0.3580593024683179,0.008782171206988843,M1,raw
19.0,24.0,macrophage_immature,hematopoietic_stem_and_progenitor_HSPC,0.0019432928750074542,0.3002576700576237,0.008782171206988843,M1,raw
19.0,24.0,macrophage_immature,innate-lymphoid-cell,4.182104476058157e-06,0.0006461758606066853,0.008782171206988843,M1,raw
19.0,24.0,macrophage_immature,macrophage,0.0008243425261907911,0.12736894650659034,0.008782171206988843,M1,raw
19.0,24.0,macrophage_immature,macrophage_immature,0.0006956514129912084,0.10748491651637058,0.008782171206988843,M1,raw
19.0,24.0,macrophage_immature,neutrophil,0.0006062473425103576,0.09367111714444376,0.008782171206988843,M1,raw
19.0,24.0,macrophage_immature,non_specific_hematopoietic,8.097788352732518e-05,0.012511871446046968,0.008782171206988843,M1,raw
19.0,24.0,neutrophil,erythroblast,0.002487194818150608,0.04568839497868178,0.07386890372461556,M1,raw
19.0,24.0,neutrophil,hematopoietic_stem_and_progenitor_HSPC,0.0014235165978987562,0.026149213607588588,0.07386890372461556,M1,raw
19.0,24.0,neutrophil,innate-lymphoid-cell,0.00032041991289588623,0.005885936812262848,0.07386890372461556,M1,raw
19.0,24.0,neutrophil,macrophage,0.024954411348943495,0.4583987526231615,0.07386890372461556,M1,raw
19.0,24.0,neutrophil,macrophage_immature,0.016348380220847503,0.3003107144405929,0.07386890372461556,M1,raw
19.0,24.0,neutrophil,neutrophil,0.006807816558080049,0.12505582979593388,0.07386890372461556,M1,raw
19.0,24.0,neutrophil,non_specific_hematopoietic,0.002096478810888963,0.038511157741778455,0.07386890372461556,M1,raw
19.0,24.0,non_specific_hematopoietic,erythroblast,0.014508763165134036,0.2696691301915561,0.07300572335716876,M1,raw
19.0,24.0,non_specific_hematopoietic,hematopoietic_stem_and_progenitor_HSPC,0.022306046206065064,0.4145944082165087,0.07300572335716876,M1,raw
19.0,24.0,non_specific_hematopoietic,innate-lymphoid-cell,3.524051673764461e-05,0.0006550027309687498,0.07300572335716876,M1,raw
19.0,24.0,non_specific_hematopoietic,macrophage,0.006312049978019376,0.11731978859428785,0.07300572335716876,M1,raw
19.0,24.0,non_specific_hematopoietic,macrophage_immature,0.0056329766156110045,0.10469809776560383,0.07300572335716876,M1,raw
19.0,24.0,non_specific_hematopoietic,neutrophil,0.0041328578512189185,0.07681593318869598,0.07300572335716876,M1,raw
19.0,24.0,non_specific_hematopoietic,non_specific_hematopoietic,0.0008741569738010967,0.01624763931237876,0.07300572335716876,M1,raw
24.0,48.0,erythroblast,erythroblast,0.12286293339280467,0.701064126440684,0.23850654514904393,M0,raw
24.0,48.0,erythroblast,hematopoietic_stem_and_progenitor_HSPC,0.007663593061796555,0.04372897526456041,0.23850654514904393,M0,raw
24.0,48.0,erythroblast,macrophage,0.011545654994826255,0.06588028064782815,0.23850654514904393,M0,raw
24.0,48.0,erythroblast,macrophage_immature,0.016073459538155296,0.09171623661279482,0.23850654514904393,M0,raw
24.0,48.0,erythroblast,microglia,0.0025870843274769088,0.014762076437426178,0.23850654514904393,M0,raw
24.0,48.0,erythroblast,neutrophil,0.0012444173144448096,0.007100728538604179,0.23850654514904393,M0,raw
24.0,48.0,erythroblast,non_specific_hematopoietic,0.013274918856770858,0.07574757605810227,0.23850654514904393,M0,raw
24.0,48.0,hematopoietic_stem_and_progenitor_HSPC,erythroblast,0.010713011321604467,0.2065174662420793,0.07059792590303955,M0,raw
24.0,48.0,hematopoietic_stem_and_progenitor_HSPC,hematopoietic_stem_and_progenitor_HSPC,0.008119189919940586,0.15651570598295944,0.07059792590303955,M0,raw
24.0,48.0,hematopoietic_stem_and_progenitor_HSPC,macrophage,0.008131522058951781,0.15675343578884524,0.07059792590303955,M0,raw
24.0,48.0,hematopoietic_stem_and_progenitor_HSPC,macrophage_immature,0.012456809528748617,0.2401331114202602,0.07059792590303955,M0,raw
24.0,48.0,hematopoietic_stem_and_progenitor_HSPC,microglia,0.0016439211785187187,0.0316902900872257,0.07059792590303955,M0,raw
24.0,48.0,hematopoietic_stem_and_progenitor_HSPC,neutrophil,0.001072724999820978,0.020679194886203504,0.07059792590303955,M0,raw
24.0,48.0,hematopoietic_stem_and_progenitor_HSPC,non_specific_hematopoietic,0.00973742277087508,0.18771079559242665,0.07059792590303955,M0,raw
24.0,48.0,innate-lymphoid-cell,erythroblast,0.0002551612412184168,0.096664162590463,0.003592413993287759,M0,raw
24.0,48.0,innate-lymphoid-cell,hematopoietic_stem_and_progenitor_HSPC,4.349919342416797e-05,0.016479043155729407,0.003592413993287759,M0,raw
24.0,48.0,innate-lymphoid-cell,macrophage,0.0007691938196785486,0.2913980042342727,0.003592413993287759,M0,raw
24.0,48.0,innate-lymphoid-cell,macrophage_immature,0.0006155491123394086,0.23319191893512828,0.003592413993287759,M0,raw
24.0,48.0,innate-lymphoid-cell,microglia,0.00017692122264634236,0.06702405800319164,0.003592413993287759,M0,raw
24.0,48.0,innate-lymphoid-cell,neutrophil,1.8391848724800054e-06,0.0006967487095547775,0.003592413993287759,M0,raw
24.0,48.0,innate-lymphoid-cell,non_specific_hematopoietic,0.0007775036514772182,0.29454606437166014,0.003592413993287759,M0,raw
24.0,48.0,macrophage,erythroblast,0.025486851346372838,0.10442151237425225,0.33217226910912007,M0,raw
24.0,48.0,macrophage,hematopoietic_stem_and_progenitor_HSPC,0.0046475697454735065,0.01904143650746519,0.33217226910912007,M0,raw
24.0,48.0,macrophage,macrophage,0.07142469260331907,0.292632240881574,0.33217226910912007,M0,raw
24.0,48.0,macrophage,macrophage_immature,0.05485602276309172,0.22474917681715306,0.33217226910912007,M0,raw
24.0,48.0,macrophage,microglia,0.016594648142221224,0.06798949908639557,0.33217226910912007,M0,raw
24.0,48.0,macrophage,neutrophil,0.0002995809411032753,0.001227405242152746,0.33217226910912007,M0,raw
24.0,48.0,macrophage,non_specific_hematopoietic,0.07076726930954569,0.2899387290910072,0.33217226910912007,M0,raw
24.0,48.0,macrophage_immature,erythroblast,0.019862203969054318,0.13067329458985236,0.20686059182650987,M0,raw
24.0,48.0,macrophage_immature,hematopoietic_stem_and_progenitor_HSPC,0.0033502668720138055,0.022041381238626326,0.20686059182650987,M0,raw
24.0,48.0,macrophage_immature,macrophage,0.04415993638439248,0.2905278983750968,0.20686059182650987,M0,raw
24.0,48.0,macrophage_immature,macrophage_immature,0.03471335018971717,0.22837887691662812,0.20686059182650987,M0,raw
24.0,48.0,macrophage_immature,microglia,0.009337742290518945,0.06143293820938446,0.20686059182650987,M0,raw
24.0,48.0,macrophage_immature,neutrophil,0.00026656894191630934,0.001753755118505795,0.20686059182650987,M0,raw
24.0,48.0,macrophage_immature,non_specific_hematopoietic,0.04030888440087581,0.2651918555519061,0.20686059182650987,M0,raw
24.0,48.0,neutrophil,erythroblast,0.0071970214601752925,0.09225527549905935,0.10616925107894631,M0,raw
24.0,48.0,neutrophil,hematopoietic_stem_and_progenitor_HSPC,0.0020367229554404797,0.026107805626140696,0.10616925107894631,M0,raw
24.0,48.0,neutrophil,macrophage,0.01500963659043358,0.192401560347367,0.10616925107894631,M0,raw
24.0,48.0,neutrophil,macrophage_immature,0.014265429752582935,0.18286191853386005,0.10616925107894631,M0,raw
24.0,48.0,neutrophil,microglia,0.003126355895584815,0.0400753042145661,0.10616925107894631,M0,raw
24.0,48.0,neutrophil,neutrophil,0.018746541803137264,0.24030321269334354,0.10616925107894631,M0,raw
24.0,48.0,neutrophil,non_specific_hematopoietic,0.01763032306325688,0.2259949230856633,0.10616925107894631,M0,raw
24.0,48.0,non_specific_hematopoietic,erythroblast,0.015711589294178402,0.5078843638137721,0.04210100294005261,M0,raw
24.0,48.0,non_specific_hematopoietic,hematopoietic_stem_and_progenitor_HSPC,0.0005370908065037178,0.017361707810962152,0.04210100294005261,M0,raw
24.0,48.0,non_specific_hematopoietic,macrophage,0.004589546740107272,0.14835921323100276,0.04210100294005261,M0,raw
24.0,48.0,non_specific_hematopoietic,macrophage_immature,0.004186335025162357,0.13532520874598628,0.04210100294005261,M0,raw
24.0,48.0,non_specific_hematopoietic,microglia,0.0009583755268876432,0.03097993052481152,0.04210100294005261,M0,raw
24.0,48.0,non_specific_hematopoietic,neutrophil,6.255874844195362e-05,0.0020222403703742493,0.04210100294005261,M0,raw
24.0,48.0,non_specific_hematopoietic,non_specific_hematopoietic,0.0048898710675020895,0.15806733550309096,0.04210100294005261,M0,raw
24.0,48.0,erythroblast,erythroblast,0.12354193848117176,0.6973738224047871,0.24280996802068328,M1,raw
24.0,48.0,erythroblast,hematopoietic_stem_and_progenitor_HSPC,0.007845845154622761,0.044288499053373905,0.24280996802068328,M1,raw
24.0,48.0,erythroblast,macrophage,0.011810993341106435,0.06667110516434208,0.24280996802068328,M1,raw
24.0,48.0,erythroblast,macrophage_immature,0.01646250072494011,0.09292809549562585,0.24280996802068328,M1,raw
24.0,48.0,erythroblast,microglia,0.002638694781044811,0.01489499588754817,0.24280996802068328,M1,raw
24.0,48.0,erythroblast,neutrophil,0.0012790786527335691,0.00722018757500003,0.24280996802068328,M1,raw
24.0,48.0,erythroblast,non_specific_hematopoietic,0.013574054576258683,0.07662329441932297,0.24280996802068328,M1,raw
24.0,48.0,hematopoietic_stem_and_progenitor_HSPC,erythroblast,0.010487573469913998,0.2053562848211468,0.06999785935776524,M1,raw
24.0,48.0,hematopoietic_stem_and_progenitor_HSPC,hematopoietic_stem_and_progenitor_HSPC,0.007951890727629862,0.15570529654112497,0.06999785935776524,M1,raw
24.0,48.0,hematopoietic_stem_and_progenitor_HSPC,macrophage,0.008052500657556357,0.15767533102861547,0.06999785935776524,M1,raw
24.0,48.0,hematopoietic_stem_and_progenitor_HSPC,macrophage_immature,0.012283329401009811,0.2405188290944504,0.06999785935776524,M1,raw
24.0,48.0,hematopoietic_stem_and_progenitor_HSPC,microglia,0.0016190421600939039,0.031702326941449775,0.06999785935776524,M1,raw
24.0,48.0,hematopoietic_stem_and_progenitor_HSPC,neutrophil,0.0010505559184100972,0.020570846156211433,0.06999785935776524,M1,raw
24.0,48.0,hematopoietic_stem_and_progenitor_HSPC,non_specific_hematopoietic,0.009625244033737474,0.18847108541700117,0.06999785935776524,M1,raw
24.0,48.0,innate-lymphoid-cell,erythroblast,0.0002490432427309887,0.09652929799732637,0.003536171796630983,M1,raw
24.0,48.0,innate-lymphoid-cell,hematopoietic_stem_and_progenitor_HSPC,4.226083882485909e-05,0.016380324395905397,0.003536171796630983,M1,raw
24.0,48.0,innate-lymphoid-cell,macrophage,0.0007519043297179451,0.2914385321717953,0.003536171796630983,M1,raw
24.0,48.0,innate-lymphoid-cell,macrophage_immature,0.0006007679037622893,0.23285797026077332,0.003536171796630983,M1,raw
24.0,48.0,innate-lymphoid-cell,microglia,0.00017326373443893317,0.06715711886168871,0.003536171796630983,M1,raw
24.0,48.0,innate-lymphoid-cell,neutrophil,1.7613726313421345e-06,0.0006827090016604717,0.003536171796630983,M1,raw
24.0,48.0,innate-lymphoid-cell,non_specific_hematopoietic,0.0007609742733336589,0.29495404731085045,0.003536171796630983,M1,raw
24.0,48.0,macrophage,erythroblast,0.02480802051202439,0.1043415426215604,0.3258761677442248,M1,raw
24.0,48.0,macrophage,hematopoietic_stem_and_progenitor_HSPC,0.004495653557354262,0.0189085391572893,0.3258761677442248,M1,raw
24.0,48.0,macrophage,macrophage,0.06960257497717848,0.29274564812744863,0.3258761677442248,M1,raw
24.0,48.0,macrophage,macrophage_immature,0.05338995849589625,0.22455603127475443,0.3258761677442248,M1,raw
24.0,48.0,macrophage,microglia,0.01619404195393509,0.06811149313315248,0.3258761677442248,M1,raw
24.0,48.0,macrophage,neutrophil,0.000287353771873408,0.0012085984780955288,0.3258761677442248,M1,raw
24.0,48.0,macrophage,non_specific_hematopoietic,0.06898024359433796,0.2901281472076992,0.3258761677442248,M1,raw
24.0,48.0,macrophage_immature,erythroblast,0.019985140936704802,0.13024710970921208,0.21030851744434942,M1,raw
24.0,48.0,macrophage_immature,hematopoietic_stem_and_progenitor_HSPC,0.003353920197139948,0.021858160182925183,0.21030851744434942,M1,raw
24.0,48.0,macrophage_immature,macrophage,0.044625203375948094,0.29083126200166587,0.21030851744434942,M1,raw
24.0,48.0,macrophage_immature,macrophage_immature,0.03502439163007599,0.22826087609733323,0.21030851744434942,M1,raw
24.0,48.0,macrophage_immature,microglia,0.009443895511753996,0.06154773182222903,0.21030851744434942,M1,raw
24.0,48.0,macrophage_immature,neutrophil,0.0002648600495613076,0.0017261452417101128,0.21030851744434942,M1,raw
24.0,48.0,macrophage_immature,non_specific_hematopoietic,0.0407427758110252,0.2655287149449245,0.21030851744434942,M1,raw
24.0,48.0,neutrophil,erythroblast,0.007075589752986751,0.09198094047904064,0.10543445071372516,M1,raw
24.0,48.0,neutrophil,hematopoietic_stem_and_progenitor_HSPC,0.001984344869596495,0.02579599916221805,0.10543445071372516,M1,raw
24.0,48.0,neutrophil,macrophage,0.014807586400982316,0.19249501044235517,0.10543445071372516,M1,raw
24.0,48.0,neutrophil,macrophage_immature,0.014052309241535863,0.18267659164286248,0.10543445071372516,M1,raw
24.0,48.0,neutrophil,microglia,0.003084232138361083,0.04009426530451168,0.10543445071372516,M1,raw
24.0,48.0,neutrophil,neutrophil,0.01852254444412631,0.24078855862387888,0.10543445071372516,M1,raw
24.0,48.0,neutrophil,non_specific_hematopoietic,0.017397913777410002,0.226168634345133,0.10543445071372516,M1,raw
24.0,48.0,non_specific_hematopoietic,erythroblast,0.015644392711015153,0.5100892034184282,0.0420368649226211,M1,raw
24.0,48.0,non_specific_hematopoietic,hematopoietic_stem_and_progenitor_HSPC,0.0005291071330732826,0.017251665885523907,0.0420368649226211,M1,raw
24.0,48.0,non_specific_hematopoietic,macrophage,0.004530763307729289,0.14772663210441175,0.0420368649226211,M1,raw
24.0,48.0,non_specific_hematopoietic,macrophage_immature,0.004127709456358044,0.13458496391834462,0.0420368649226211,M1,raw
24.0,48.0,non_specific_hematopoietic,microglia,0.0009475604376075169,0.030895436961878207,0.0420368649226211,M1,raw
24.0,48.0,non_specific_hematopoietic,neutrophil,6.197766850061048e-05,0.002020796852852487,0.0420368649226211,M1,raw
24.0,48.0,non_specific_hematopoietic,non_specific_hematopoietic,0.004828404677322607,0.15743130085856077,0.0420368649226211,M1,raw
48.0,72.0,erythroblast,erythroblast,0.2757496363332868,0.6974726570788378,0.3247044532580022,M0,raw
48.0,72.0,erythroblast,hematopoietic_stem_and_progenitor_HSPC,0.038984092704559443,0.09860516620806349,0.3247044532580022,M0,raw
48.0,72.0,erythroblast,innate-lymphoid-cell,0.0005437779218307809,0.0013754151666104668,0.3247044532580022,M0,raw
48.0,72.0,erythroblast,macrophage,0.03366714110992842,0.08515663222057114,0.3247044532580022,M0,raw
48.0,72.0,erythroblast,macrophage_immature,0.011730957463724295,0.029671923347211044,0.3247044532580022,M0,raw
48.0,72.0,erythroblast,microglia,0.018218329375985134,0.04608088252217184,0.3247044532580022,M0,raw
48.0,72.0,erythroblast,non_specific_hematopoietic,0.016461543953733743,0.041637323456534245,0.3247044532580022,M0,raw
48.0,72.0,hematopoietic_stem_and_progenitor_HSPC,erythroblast,0.005431448177940068,0.12077518941996034,0.03693502490683712,M0,raw
48.0,72.0,hematopoietic_stem_and_progenitor_HSPC,hematopoietic_stem_and_progenitor_HSPC,0.01892768290474578,0.42088121127367606,0.03693502490683712,M0,raw
48.0,72.0,hematopoietic_stem_and_progenitor_HSPC,innate-lymphoid-cell,0.00033660029384918744,0.007484737572119849,0.03693502490683712,M0,raw
48.0,72.0,hematopoietic_stem_and_progenitor_HSPC,macrophage,0.009338802566048798,0.20766020625054019,0.03693502490683712,M0,raw
48.0,72.0,hematopoietic_stem_and_progenitor_HSPC,macrophage_immature,0.001786842635565833,0.039732728860532245,0.03693502490683712,M0,raw
48.0,72.0,hematopoietic_stem_and_progenitor_HSPC,microglia,0.004344295242461271,0.09660095495995029,0.03693502490683712,M0,raw
48.0,72.0,hematopoietic_stem_and_progenitor_HSPC,non_specific_hematopoietic,0.0048058840430176275,0.10686497166322101,0.03693502490683712,M0,raw
48.0,72.0,macrophage,erythroblast,0.015111238744954299,0.061615401051579755,0.20142402530780024,M0,raw
48.0,72.0,macrophage,hematopoietic_stem_and_progenitor_HSPC,0.05303721310309584,0.21625686756464743,0.20142402530780024,M0,raw
48.0,72.0,macrophage,innate-lymphoid-cell,0.0005641100517550512,0.0023001335405226577,0.20142402530780024,M0,raw
48.0,72.0,macrophage,macrophage,0.09067632488745403,0.36972866474559296,0.20142402530780024,M0,raw
48.0,72.0,macrophage,macrophage_immature,0.010204520057882194,0.04160847475957225,0.20142402530780024,M0,raw
48.0,72.0,macrophage,microglia,0.049092282735841763,0.2001715901892187,0.20142402530780024,M0,raw
48.0,72.0,macrophage,non_specific_hematopoietic,0.026565310770443773,0.10831886814886628,0.20142402530780024,M0,raw
48.0,72.0,macrophage_immature,erythroblast,0.01859983516075322,0.08527188419037449,0.1791445990038868,M0,raw
48.0,72.0,macrophage_immature,hematopoietic_stem_and_progenitor_HSPC,0.0592080575709133,0.2714423318641652,0.1791445990038868,M0,raw
48.0,72.0,macrophage_immature,innate-lymphoid-cell,0.0007978777342714238,0.003657910791512414,0.1791445990038868,M0,raw
48.0,72.0,macrophage_immature,macrophage,0.06575159468522429,0.3014415084259186,0.1791445990038868,M0,raw
48.0,72.0,macrophage_immature,macrophage_immature,0.009101393039006367,0.04172579630333685,0.1791445990038868,M0,raw
48.0,72.0,macrophage_immature,microglia,0.03665133292419398,0.1680298878739184,0.1791445990038868,M0,raw
48.0,72.0,macrophage_immature,non_specific_hematopoietic,0.02801379974781182,0.12843068055077403,0.1791445990038868,M0,raw
48.0,72.0,microglia,erythroblast,0.002819270667713717,0.05264057208040623,0.04398622138744406,M0,raw
48.0,72.0,microglia,hematopoietic_stem_and_progenitor_HSPC,0.009488516924392343,0.17716672784017679,0.04398622138744406,M0,raw
48.0,72.0,microglia,innate-lymphoid-cell,8.688264574630011e-05,0.0016222465718956406,0.04398622138744406,M0,raw
48.0,72.0,microglia,macrophage,0.017578377316851856,0.32821816252027963,0.04398622138744406,M0,raw
48.0,72.0,microglia,macrophage_immature,0.0025153572679238456,0.04696599268969674,0.04398622138744406,M0,raw
48.0,72.0,microglia,microglia,0.014398118141741634,0.2688373218443738,0.04398622138744406,M0,raw
48.0,72.0,microglia,non_specific_hematopoietic,0.00667046846435948,0.12454897645317117,0.04398622138744406,M0,raw
48.0,72.0,neutrophil,erythroblast,0.0014989672769495724,0.08815903156544676,0.013964513963537123,M0,raw
48.0,72.0,neutrophil,hematopoietic_stem_and_progenitor_HSPC,0.004850218656238874,0.2852567805781837,0.013964513963537123,M0,raw
48.0,72.0,neutrophil,innate-lymphoid-cell,5.6672680640726745e-05,0.0033331005408414886,0.013964513963537123,M0,raw
48.0,72.0,neutrophil,macrophage,0.005039225103800673,0.2963728507105367,0.013964513963537123,M0,raw
48.0,72.0,neutrophil,macrophage_immature,0.0008140279931877816,0.047875574503961085,0.013964513963537123,M0,raw
48.0,72.0,neutrophil,microglia,0.0030283999287346866,0.17810982869047623,0.013964513963537123,M0,raw
48.0,72.0,neutrophil,non_specific_hematopoietic,0.0017154800033037175,0.10089283341055412,0.013964513963537123,M0,raw
48.0,72.0,non_specific_hematopoietic,erythroblast,0.018484343400612713,0.07596605346226146,0.19984116217249234,M0,raw
48.0,72.0,non_specific_hematopoietic,hematopoietic_stem_and_progenitor_HSPC,0.061055830746795436,0.2509242769499784,0.19984116217249234,M0,raw
48.0,72.0,non_specific_hematopoietic,innate-lymphoid-cell,0.0008499297459820809,0.0034929998390043357,0.19984116217249234,M0,raw
48.0,72.0,non_specific_hematopoietic,macrophage,0.06716844150753332,0.2760455866865642,0.19984116217249234,M0,raw
48.0,72.0,non_specific_hematopoietic,macrophage_immature,0.012411864091835145,0.05100967401067747,0.19984116217249234,M0,raw
48.0,72.0,non_specific_hematopoietic,microglia,0.03827435334466145,0.1572980716381659,0.19984116217249234,M0,raw
48.0,72.0,non_specific_hematopoietic,non_specific_hematopoietic,0.045078966093626605,0.18526333741334824,0.19984116217249234,M0,raw
48.0,72.0,erythroblast,erythroblast,0.2747049954093875,0.6925725808527501,0.3252325707194886,M1,raw
48.0,72.0,erythroblast,hematopoietic_stem_and_progenitor_HSPC,0.03964838033904177,0.099959525880188,0.3252325707194886,M1,raw
48.0,72.0,erythroblast,innate-lymphoid-cell,0.0005531187227586603,0.001394495432338437,0.3252325707194886,M1,raw
48.0,72.0,erythroblast,macrophage,0.03444957897819453,0.08685256628355985,0.3252325707194886,M1,raw
48.0,72.0,erythroblast,macrophage_immature,0.01185300602646139,0.02988320966779564,0.3252325707194886,M1,raw
48.0,72.0,erythroblast,microglia,0.01864916359371488,0.04701734433913715,0.3252325707194886,M1,raw
48.0,72.0,erythroblast,non_specific_hematopoietic,0.01678609862694475,0.04232027754423081,0.3252325707194886,M1,raw
48.0,72.0,hematopoietic_stem_and_progenitor_HSPC,erythroblast,0.005449353816966754,0.12088252875694057,0.03696359804840321,M1,raw
48.0,72.0,hematopoietic_stem_and_progenitor_HSPC,hematopoietic_stem_and_progenitor_HSPC,0.019011855632356855,0.42173829455625544,0.03696359804840321,M1,raw
48.0,72.0,hematopoietic_stem_and_progenitor_HSPC,innate-lymphoid-cell,0.00033633728980930755,0.0074609400440869035,0.03696359804840321,M1,raw
48.0,72.0,hematopoietic_stem_and_progenitor_HSPC,macrophage,0.009362378774937952,0.20768481172411118,0.03696359804840321,M1,raw
48.0,72.0,hematopoietic_stem_and_progenitor_HSPC,macrophage_immature,0.0017909566262392929,0.039728630796506306,0.03696359804840321,M1,raw
48.0,72.0,hematopoietic_stem_and_progenitor_HSPC,microglia,0.004350112737881773,0.0964981621299146,0.03696359804840321,M1,raw
48.0,72.0,hematopoietic_stem_and_progenitor_HSPC,non_specific_hematopoietic,0.004778752153935528,0.10600663199218496,0.03696359804840321,M1,raw
48.0,72.0,macrophage,erythroblast,0.014708535841424413,0.061515549066952974,0.19605472211379155,M1,raw
48.0,72.0,macrophage,hematopoietic_stem_and_progenitor_HSPC,0.05161469414036901,0.21586827432717154,0.19605472211379155,M1,raw
48.0,72.0,macrophage,innate-lymphoid-cell,0.0005487713651746162,0.002295127958682573,0.19605472211379155,M1,raw
48.0,72.0,macrophage,macrophage,0.08843343861673247,0.36985540852176035,0.19605472211379155,M1,raw
48.0,72.0,macrophage,macrophage_immature,0.00996238742076394,0.04166571974349896,0.19605472211379155,M1,raw
48.0,72.0,macrophage,microglia,0.04787497980760236,0.20022765700034076,0.19605472211379155,M1,raw
48.0,72.0,macrophage,non_specific_hematopoietic,0.025959924792260836,0.1085722633815929,0.19605472211379155,M1,raw
48.0,72.0,macrophage_immature,erythroblast,0.019060463030644983,0.08490579401490828,0.18407249015895408,M1,raw
48.0,72.0,macrophage_immature,hematopoietic_stem_and_progenitor_HSPC,0.060791389992743916,0.27079831315248015,0.18407249015895408,M1,raw
48.0,72.0,macrophage_immature,innate-lymphoid-cell,0.0008176595031272882,0.003642305500933497,0.18407249015895408,M1,raw
48.0,72.0,macrophage_immature,macrophage,0.06783571960309587,0.30217763473076725,0.18407249015895408,M1,raw
48.0,72.0,macrophage_immature,macrophage_immature,0.00937121305934141,0.04174454127410228,0.18407249015895408,M1,raw
48.0,72.0,macrophage_immature,microglia,0.03780689895623368,0.16841273845023713,0.18407249015895408,M1,raw
48.0,72.0,macrophage_immature,non_specific_hematopoietic,0.028806200435224305,0.1283186728765714,0.18407249015895408,M1,raw
48.0,72.0,microglia,erythroblast,0.002826914984101931,0.05255288697348925,0.044107144015588955,M1,raw
48.0,72.0,microglia,hematopoietic_stem_and_progenitor_HSPC,0.009512468723471557,0.17683860196533838,0.044107144015588955,M1,raw
48.0,72.0,microglia,innate-lymphoid-cell,8.706610901754175e-05,0.0016185755185962754,0.044107144015588955,M1,raw
48.0,72.0,microglia,macrophage,0.017667427097478594,0.3284408284606112,0.044107144015588955,M1,raw
48.0,72.0,microglia,macrophage_immature,0.002529762952007353,0.047028774205885075,0.044107144015588955,M1,raw
48.0,72.0,microglia,microglia,0.014454392094535251,0.26870989693237185,0.044107144015588955,M1,raw
48.0,72.0,microglia,non_specific_hematopoietic,0.006713779429844635,0.12481043594370793,0.044107144015588955,M1,raw
48.0,72.0,neutrophil,erythroblast,0.001475868327061888,0.08809459587772037,0.013736975183455517,M1,raw
48.0,72.0,neutrophil,hematopoietic_stem_and_progenitor_HSPC,0.004774688500535459,0.28500120653312977,0.013736975183455517,M1,raw
48.0,72.0,neutrophil,innate-lymphoid-cell,5.565327741907446e-05,0.0033219447111953885,0.013736975183455517,M1,raw
48.0,72.0,neutrophil,macrophage,0.004973831622192212,0.2968880615475634,0.013736975183455517,M1,raw
48.0,72.0,neutrophil,macrophage_immature,0.0008012534039087591,0.04782682405923742,0.013736975183455517,M1,raw
48.0,72.0,neutrophil,microglia,0.0029880444738347826,0.17835640589371674,0.013736975183455517,M1,raw
48.0,72.0,neutrophil,non_specific_hematopoietic,0.001683882455461904,0.10051096137743694,0.013736975183455517,M1,raw
48.0,72.0,non_specific_hematopoietic,erythroblast,0.01848665057160767,0.0758551165457701,0.199832499760318,M1,raw
48.0,72.0,non_specific_hematopoietic,hematopoietic_stem_and_progenitor_HSPC,0.06108795970828851,0.2506584026817875,0.199832499760318,M1,raw
48.0,72.0,non_specific_hematopoietic,innate-lymphoid-cell,0.0008494314738527464,0.0034854190161253172,0.199832499760318,M1,raw
48.0,72.0,non_specific_hematopoietic,macrophage,0.06741963899742132,0.2766387861237319,0.199832499760318,M1,raw
48.0,72.0,non_specific_hematopoietic,macrophage_immature,0.012419385711487596,0.05095968828548248,0.199832499760318,M1,raw
48.0,72.0,non_specific_hematopoietic,microglia,0.03840379167121455,0.15757987536658016,0.199832499760318,M1,raw
48.0,72.0,non_specific_hematopoietic,non_specific_hematopoietic,0.04504314342486282,0.18482271198052255,0.199832499760318,M1,raw
72.0,120.0,erythroblast,erythroblast,0.22598619582000734,0.7598676886722893,0.22034365886676632,M0,raw
72.0,120.0,erythroblast,hematopoietic_stem_and_progenitor_HSPC,0.0203635577331423,0.06847148115255644,0.22034365886676632,M0,raw
72.0,120.0,erythroblast,innate-lymphoid-cell,0.0025240654797141254,0.008487048490587859,0.22034365886676632,M0,raw
72.0,120.0,erythroblast,macrophage,0.025951691287425988,0.08726131082546107,0.22034365886676632,M0,raw
72.0,120.0,erythroblast,macrophage_immature,0.007865013056856975,0.026445727232168297,0.22034365886676632,M0,raw
72.0,120.0,erythroblast,microglia,0.0015857392116873927,0.005331971650965941,0.22034365886676632,M0,raw
72.0,120.0,erythroblast,neutrophil,0.005972958405363034,0.020083784682290353,0.22034365886676632,M0,raw
72.0,120.0,erythroblast,non_specific_hematopoietic,0.007152812529390612,0.0240509872936807,0.22034365886676632,M0,raw
72.0,120.0,hematopoietic_stem_and_progenitor_HSPC,erythroblast,0.04730837753690897,0.1561121772523751,0.22452147993616678,M0,raw
72.0,120.0,hematopoietic_stem_and_progenitor_HSPC,hematopoietic_stem_and_progenitor_HSPC,0.07400469033172907,0.24420692351075862,0.22452147993616678,M0,raw
72.0,120.0,hematopoietic_stem_and_progenitor_HSPC,innate-lymphoid-cell,0.010124166339595675,0.03340857861604773,0.22452147993616678,M0,raw
72.0,120.0,hematopoietic_stem_and_progenitor_HSPC,macrophage,0.0951589350173041,0.3140134856448778,0.22452147993616678,M0,raw
72.0,120.0,hematopoietic_stem_and_progenitor_HSPC,macrophage_immature,0.02796346541500716,0.09227620342829217,0.22452147993616678,M0,raw
72.0,120.0,hematopoietic_stem_and_progenitor_HSPC,microglia,0.004821577593974169,0.015910648709086043,0.22452147993616678,M0,raw
72.0,120.0,hematopoietic_stem_and_progenitor_HSPC,neutrophil,0.016975826312001525,0.05601826450626295,0.22452147993616678,M0,raw
72.0,120.0,hematopoietic_stem_and_progenitor_HSPC,non_specific_hematopoietic,0.026683879654427756,0.08805371833229961,0.22452147993616678,M0,raw
72.0,120.0,innate-lymphoid-cell,erythroblast,0.0008903889826525324,0.21740292631136982,0.003034387320998163,M0,raw
72.0,120.0,innate-lymphoid-cell,hematopoietic_stem_and_progenitor_HSPC,0.0010293583110509985,0.25133454412109113,0.003034387320998163,M0,raw
72.0,120.0,innate-lymphoid-cell,innate-lymphoid-cell,0.00016091989813915575,0.03929120579744688,0.003034387320998163,M0,raw
72.0,120.0,innate-lymphoid-cell,macrophage,0.0010272742584129801,0.2508256888332119,0.003034387320998163,M0,raw
72.0,120.0,innate-lymphoid-cell,macrophage_immature,0.0003545950050867219,0.0865801276331967,0.003034387320998163,M0,raw
72.0,120.0,innate-lymphoid-cell,microglia,3.9054163760710026e-05,0.00953570815861629,0.003034387320998163,M0,raw
72.0,120.0,innate-lymphoid-cell,neutrophil,8.160322200195226e-05,0.019924751547138117,0.003034387320998163,M0,raw
72.0,120.0,innate-lymphoid-cell,non_specific_hematopoietic,0.0005123765256769275,0.12510504759792912,0.003034387320998163,M0,raw
72.0,120.0,macrophage,erythroblast,0.023743175577001903,0.06836493617262313,0.2573131695357526,M0,raw
72.0,120.0,macrophage,hematopoietic_stem_and_progenitor_HSPC,0.0424260544431343,0.12215950198635375,0.2573131695357526,M0,raw
72.0,120.0,macrophage,innate-lymphoid-cell,0.005917442595753997,0.017038394213608643,0.2573131695357526,M0,raw
72.0,120.0,macrophage,macrophage,0.15767670910610398,0.45400658892441287,0.2573131695357526,M0,raw
72.0,120.0,macrophage,macrophage_immature,0.017518495416389612,0.050441897171578605,0.2573131695357526,M0,raw
72.0,120.0,macrophage,microglia,0.019561389316102407,0.056324105750139006,0.2573131695357526,M0,raw
72.0,120.0,macrophage,neutrophil,0.06331157407699485,0.18229624368168007,0.2573131695357526,M0,raw
72.0,120.0,macrophage,non_specific_hematopoietic,0.017145645744843563,0.04936833209960403,0.2573131695357526,M0,raw
72.0,120.0,macrophage_immature,erythroblast,0.011503145173316704,0.20363842282314185,0.04185173810537826,M0,raw
72.0,120.0,macrophage_immature,hematopoietic_stem_and_progenitor_HSPC,0.008606841175017171,0.15236559531869512,0.04185173810537826,M0,raw
72.0,120.0,macrophage_immature,innate-lymphoid-cell,0.0009330911996041913,0.016518371051972423,0.04185173810537826,M0,raw
72.0,120.0,macrophage_immature,macrophage,0.01987484843998142,0.3518414076486739,0.04185173810537826,M0,raw
72.0,120.0,macrophage_immature,macrophage_immature,0.004389904808733705,0.07771381462418805,0.04185173810537826,M0,raw
72.0,120.0,macrophage_immature,microglia,0.0016728589064613497,0.029614365826456223,0.04185173810537826,M0,raw
72.0,120.0,macrophage_immature,neutrophil,0.006044119066968522,0.10699811708956015,0.04185173810537826,M0,raw
72.0,120.0,macrophage_immature,non_specific_hematopoietic,0.0034632793512194837,0.06130990561731239,0.04185173810537826,M0,raw
72.0,120.0,microglia,erythroblast,0.009633500036208317,0.04880074982549623,0.14625618176697586,M0,raw
72.0,120.0,microglia,hematopoietic_stem_and_progenitor_HSPC,0.01703391691161471,0.08628929409120348,0.14625618176697586,M0,raw
72.0,120.0,microglia,innate-lymphoid-cell,0.0022613487386249354,0.011455391461779882,0.14625618176697586,M0,raw
72.0,120.0,microglia,macrophage,0.07666520313935443,0.38836553533631823,0.14625618176697586,M0,raw
72.0,120.0,microglia,macrophage_immature,0.008838041187642531,0.04477116679550383,0.14625618176697586,M0,raw
72.0,120.0,microglia,microglia,0.04261943120241085,0.21589870680401424,0.14625618176697586,M0,raw
72.0,120.0,microglia,neutrophil,0.03237172402109622,0.16398654688699296,0.14625618176697586,M0,raw
72.0,120.0,microglia,non_specific_hematopoietic,0.007981589211620843,0.040432608798691205,0.14625618176697586,M0,raw
72.0,120.0,non_specific_hematopoietic,erythroblast,0.013370541799074301,0.09285924063280555,0.10667938446796195,M0,raw
72.0,120.0,non_specific_hematopoietic,hematopoietic_stem_and_progenitor_HSPC,0.02907843056066639,0.20195150063733347,0.10667938446796195,M0,raw
72.0,120.0,non_specific_hematopoietic,innate-lymphoid-cell,0.0032585481368477276,0.02263081856369296,0.10667938446796195,M0,raw
72.0,120.0,non_specific_hematopoietic,macrophage,0.04468097279383215,0.3103121224794012,0.10667938446796195,M0,raw
72.0,120.0,non_specific_hematopoietic,macrophage_immature,0.009157396788443073,0.06359868767673943,0.10667938446796195,M0,raw
72.0,120.0,non_specific_hematopoietic,microglia,0.010229324424922137,0.07104329148057746,0.10667938446796195,M0,raw
72.0,120.0,non_specific_hematopoietic,neutrophil,0.018477552971419318,0.1283277494257735,0.10667938446796195,M0,raw
72.0,120.0,non_specific_hematopoietic,non_specific_hematopoietic,0.015734429791953275,0.10927658910367649,0.10667938446796195,M0,raw
72.0,120.0,erythroblast,erythroblast,0.2303096770112245,0.7462658080609306,0.22830579732244002,M1,raw
72.0,120.0,erythroblast,hematopoietic_stem_and_progenitor_HSPC,0.02220793263821812,0.07195972401461379,0.22830579732244002,M1,raw
72.0,120.0,erythroblast,innate-lymphoid-cell,0.002763083251827534,0.008953139018835946,0.22830579732244002,M1,raw
72.0,120.0,erythroblast,macrophage,0.02857402052497959,0.09258757510039084,0.22830579732244002,M1,raw
72.0,120.0,erythroblast,macrophage_immature,0.008585422171581227,0.02781909599963113,0.22830579732244002,M1,raw
72.0,120.0,erythroblast,microglia,0.0017637056419587346,0.005714884555258226,0.22830579732244002,M1,raw
72.0,120.0,erythroblast,neutrophil,0.006582644701204999,0.02132955388966716,0.22830579732244002,M1,raw
72.0,120.0,erythroblast,non_specific_hematopoietic,0.007829659303087506,0.02537021936067242,0.22830579732244002,M1,raw
72.0,120.0,hematopoietic_stem_and_progenitor_HSPC,erythroblast,0.046226465790036156,0.1530186443745096,0.22348307484260674,M1,raw
72.0,120.0,hematopoietic_stem_and_progenitor_HSPC,hematopoietic_stem_and_progenitor_HSPC,0.07339841969333705,0.24296312704759254,0.22348307484260674,M1,raw
72.0,120.0,hematopoietic_stem_and_progenitor_HSPC,innate-lymphoid-cell,0.010072489880332824,0.033341911838233346,0.22348307484260674,M1,raw
72.0,120.0,hematopoietic_stem_and_progenitor_HSPC,macrophage,0.09594904279837646,0.31761010077486795,0.22348307484260674,M1,raw
72.0,120.0,hematopoietic_stem_and_progenitor_HSPC,macrophage_immature,0.027746084834565643,0.09184496836443212,0.22348307484260674,M1,raw
72.0,120.0,hematopoietic_stem_and_progenitor_HSPC,microglia,0.004952864173190186,0.016394949269861667,0.22348307484260674,M1,raw
72.0,120.0,hematopoietic_stem_and_progenitor_HSPC,neutrophil,0.017244115783441958,0.057081396458132934,0.22348307484260674,M1,raw
72.0,120.0,hematopoietic_stem_and_progenitor_HSPC,non_specific_hematopoietic,0.026507467251676076,0.08774490187236977,0.22348307484260674,M1,raw
72.0,120.0,innate-lymphoid-cell,erythroblast,0.0008520086538219904,0.2131653555890033,0.0029568253987770393,M1,raw
72.0,120.0,innate-lymphoid-cell,hematopoietic_stem_and_progenitor_HSPC,0.0010023613744962745,0.25078233403462835,0.0029568253987770393,M1,raw
72.0,120.0,innate-lymphoid-cell,innate-lymphoid-cell,0.00015753793873862776,0.03941465920485168,0.0029568253987770393,M1,raw
72.0,120.0,innate-lymphoid-cell,macrophage,0.0010186680707171547,0.25486213144374253,0.0029568253987770393,M1,raw
72.0,120.0,innate-lymphoid-cell,macrophage_immature,0.00034516895404834713,0.0863583515237075,0.0029568253987770393,M1,raw
72.0,120.0,innate-lymphoid-cell,microglia,3.9499725152936094e-05,0.009882496991225044,0.0029568253987770393,M1,raw
72.0,120.0,innate-lymphoid-cell,neutrophil,8.178185293606899e-05,0.020461127576160743,0.0029568253987770393,M1,raw
72.0,120.0,innate-lymphoid-cell,non_specific_hematopoietic,0.0004999111663721578,0.12507354363668083,0.0029568253987770393,M1,raw
72.0,120.0,macrophage,erythroblast,0.022489709024322537,0.06663500331988134,0.24967767410135508,M1,raw
72.0,120.0,macrophage,hematopoietic_stem_and_progenitor_HSPC,0.0408012386348382,0.1208904334399059,0.24967767410135508,M1,raw
72.0,120.0,macrophage,innate-lymphoid-cell,0.005684117870326855,0.016841534621466113,0.24967767410135508,M1,raw
72.0,120.0,macrophage,macrophage,0.15366678881026274,0.45530099884588493,0.24967767410135508,M1,raw
72.0,120.0,macrophage,macrophage_immature,0.016872409496844654,0.049991445492723906,0.24967767410135508,M1,raw
72.0,120.0,macrophage,microglia,0.019245455527391542,0.057022569370436524,0.24967767410135508,M1,raw
72.0,120.0,macrophage,neutrophil,0.0622170797981882,0.18434366200211338,0.24967767410135508,M1,raw
72.0,120.0,macrophage,non_specific_hematopoietic,0.0165291347140597,0.04897435290758781,0.24967767410135508,M1,raw
72.0,120.0,macrophage_immature,erythroblast,0.012743170490193486,0.21112558381986957,0.04465138425664744,M1,raw
72.0,120.0,macrophage_immature,hematopoietic_stem_and_progenitor_HSPC,0.009339666333617241,0.15473719894787197,0.04465138425664744,M1,raw
72.0,120.0,macrophage_immature,innate-lymphoid-cell,0.0010282555313405328,0.017035874199230302,0.04465138425664744,M1,raw
72.0,120.0,macrophage_immature,macrophage,0.020871565100876635,0.34579474319581893,0.04465138425664744,M1,raw
72.0,120.0,macrophage_immature,macrophage_immature,0.004698669772634001,0.07784635697117359,0.04465138425664744,M1,raw
72.0,120.0,macrophage_immature,microglia,0.0017856920847958424,0.02958488895798474,0.04465138425664744,M1,raw
72.0,120.0,macrophage_immature,neutrophil,0.006200370678993116,0.10272615284472637,0.04465138425664744,M1,raw
72.0,120.0,macrophage_immature,non_specific_hematopoietic,0.003690858684155973,0.06114920106332454,0.04465138425664744,M1,raw
72.0,120.0,microglia,erythroblast,0.00912016533583606,0.04755845037911931,0.1418643633396168,M1,raw
72.0,120.0,microglia,hematopoietic_stem_and_progenitor_HSPC,0.016306219855161785,0.08503119398565494,0.1418643633396168,M1,raw
72.0,120.0,microglia,innate-lymphoid-cell,0.0021608710881080295,0.011268181730834641,0.1418643633396168,M1,raw
72.0,120.0,microglia,macrophage,0.07446478245094035,0.3883076162303271,0.1418643633396168,M1,raw
72.0,120.0,microglia,macrophage_immature,0.008512533341363593,0.04438986351761424,0.1418643633396168,M1,raw
72.0,120.0,microglia,microglia,0.04190716371624603,0.21853110034062898,0.1418643633396168,M1,raw
72.0,120.0,microglia,neutrophil,0.03162155853577873,0.16489529160453395,0.1418643633396168,M1,raw
72.0,120.0,microglia,non_specific_hematopoietic,0.007674209939914967,0.040018302211286876,0.1418643633396168,M1,raw
72.0,120.0,non_specific_hematopoietic,erythroblast,0.013482186235142775,0.09145124421241459,0.10906088073855696,M1,raw
72.0,120.0,non_specific_hematopoietic,hematopoietic_stem_and_progenitor_HSPC,0.029683620190624538,0.20134746337248008,0.10906088073855696,M1,raw
72.0,120.0,non_specific_hematopoietic,innate-lymphoid-cell,0.003333622090061633,0.022612348068258074,0.10906088073855696,M1,raw
72.0,120.0,non_specific_hematopoietic,macrophage,0.045993492547102166,0.3119792328741977,0.10906088073855696,M1,raw
72.0,120.0,non_specific_hematopoietic,macrophage_immature,0.009380375564468135,0.06362818326261291,0.10906088073855696,M1,raw
72.0,120.0,non_specific_hematopoietic,microglia,0.010559346444279971,0.07162528046691924,0.10906088073855696,M1,raw
72.0,120.0,non_specific_hematopoietic,neutrophil,0.018998624779160513,0.1288698912829281,0.10906088073855696,M1,raw
72.0,120.0,non_specific_hematopoietic,non_specific_hematopoietic,0.015993585154195245,0.10848635646018938,0.10906088073855696,M1,raw
120.0,240.0,erythroblast,erythroblast,0.19172358335175044,0.6147891061029284,0.22083471385347783,M0,raw
120.0,240.0,erythroblast,hematopoietic_stem_and_progenitor_HSPC,0.07012534328251584,0.22486694833322543,0.22083471385347783,M0,raw
120.0,240.0,erythroblast,innate-lymphoid-cell,0.009466952771508419,0.0303571388045474,0.22083471385347783,M0,raw
120.0,240.0,erythroblast,macrophage,0.00778122574150478,0.024951613851427336,0.22083471385347783,M0,raw
120.0,240.0,erythroblast,macrophage_immature,0.006556536549345671,0.021024472700930257,0.22083471385347783,M0,raw
120.0,240.0,erythroblast,microglia,0.0038260887205830985,0.012268901004641609,0.22083471385347783,M0,raw
120.0,240.0,erythroblast,neutrophil,0.004899179453749669,0.015709920002291114,0.22083471385347783,M0,raw
120.0,240.0,erythroblast,non_specific_hematopoietic,0.01747369364549405,0.05603189920000849,0.22083471385347783,M0,raw
120.0,240.0,hematopoietic_stem_and_progenitor_HSPC,erythroblast,0.011566721009612011,0.055703188562109616,0.14704429294551793,M0,raw
120.0,240.0,hematopoietic_stem_and_progenitor_HSPC,hematopoietic_stem_and_progenitor_HSPC,0.11896819594880434,0.5729288228118631,0.14704429294551793,M0,raw
120.0,240.0,hematopoietic_stem_and_progenitor_HSPC,innate-lymphoid-cell,0.013468058905467704,0.06485968012485432,0.14704429294551793,M0,raw
120.0,240.0,hematopoietic_stem_and_progenitor_HSPC,macrophage,0.015929440893591145,0.076713240428927,0.14704429294551793,M0,raw
120.0,240.0,hematopoietic_stem_and_progenitor_HSPC,macrophage_immature,0.011428275496552795,0.0550364605833586,0.14704429294551793,M0,raw
120.0,240.0,hematopoietic_stem_and_progenitor_HSPC,microglia,0.002392875711723517,0.011523646750454333,0.14704429294551793,M0,raw
120.0,240.0,hematopoietic_stem_and_progenitor_HSPC,neutrophil,0.01699942838010741,0.08186610221845092,0.14704429294551793,M0,raw
120.0,240.0,hematopoietic_stem_and_progenitor_HSPC,non_specific_hematopoietic,0.016896176137597762,0.08136885851998217,0.14704429294551793,M0,raw
120.0,240.0,innate-lymphoid-cell,erythroblast,0.0007825281472933163,0.020382316022888747,0.027187195220174456,M0,raw
120.0,240.0,innate-lymphoid-cell,hematopoietic_stem_and_progenitor_HSPC,0.009049122344950988,0.23570023902979223,0.027187195220174456,M0,raw
120.0,240.0,innate-lymphoid-cell,innate-lymphoid-cell,0.02492057250721233,0.6490999538741488,0.027187195220174456,M0,raw
120.0,240.0,innate-lymphoid-cell,macrophage,0.0009833080707193846,0.025611980750574997,0.027187195220174456,M0,raw
120.0,240.0,innate-lymphoid-cell,macrophage_immature,0.0006867306538042348,0.017887102536640567,0.027187195220174456,M0,raw
120.0,240.0,innate-lymphoid-cell,microglia,0.00016258368450718593,0.00423477679269852,0.027187195220174456,M0,raw
120.0,240.0,innate-lymphoid-cell,neutrophil,0.0005082891682054249,0.0132392815430458,0.027187195220174456,M0,raw
120.0,240.0,innate-lymphoid-cell,non_specific_hematopoietic,0.0012993693180833672,0.03384434945021031,0.027187195220174456,M0,raw
120.0,240.0,macrophage,erythroblast,0.02009536202131863,0.04735413231882118,0.30050791817799793,M0,raw
120.0,240.0,macrophage,hematopoietic_stem_and_progenitor_HSPC,0.16850346321890722,0.39707347819773975,0.30050791817799793,M0,raw
120.0,240.0,macrophage,innate-lymphoid-cell,0.02013867820782401,0.047456205644255504,0.30050791817799793,M0,raw
120.0,240.0,macrophage,macrophage,0.10499494237513146,0.24741750801823714,0.30050791817799793,M0,raw
120.0,240.0,macrophage,macrophage_immature,0.018671097635435095,0.04399789498830864,0.30050791817799793,M0,raw
120.0,240.0,macrophage,microglia,0.017511748508571425,0.04126592271037854,0.30050791817799793,M0,raw
120.0,240.0,macrophage,neutrophil,0.05122819190862066,0.12071773454597387,0.30050791817799793,M0,raw
120.0,240.0,macrophage,non_specific_hematopoietic,0.023219946247302652,0.05471712357628546,0.30050791817799793,M0,raw
120.0,240.0,macrophage_immature,erythroblast,0.0043446747863512625,0.05462543967442721,0.05632228900084095,M0,raw
120.0,240.0,macrophage_immature,hematopoietic_stem_and_progenitor_HSPC,0.04293426566197363,0.5398109764743981,0.05632228900084095,M0,raw
120.0,240.0,macrophage_immature,innate-lymphoid-cell,0.004953766970507333,0.06228353377765121,0.05632228900084095,M0,raw
120.0,240.0,macrophage_immature,macrophage,0.008951756044242243,0.11255010646852343,0.05632228900084095,M0,raw
120.0,240.0,macrophage_immature,macrophage_immature,0.006165285097350637,0.0775159075701055,0.05632228900084095,M0,raw
120.0,240.0,macrophage_immature,microglia,0.002536201362517162,0.03188756842413301,0.05632228900084095,M0,raw
120.0,240.0,macrophage_immature,neutrophil,0.0032586579560109166,0.04097098916468245,0.05632228900084095,M0,raw
120.0,240.0,macrophage_immature,non_specific_hematopoietic,0.006391132469242375,0.08035547844607914,0.05632228900084095,M0,raw
120.0,240.0,microglia,erythroblast,0.002310912900485262,0.0327136363829875,0.05002334436373009,M0,raw
120.0,240.0,microglia,hematopoietic_stem_and_progenitor_HSPC,0.011598718575479955,0.16419323372472294,0.05002334436373009,M0,raw
120.0,240.0,microglia,innate-lymphoid-cell,0.0014336387739655892,0.020294809703219015,0.05002334436373009,M0,raw
120.0,240.0,microglia,macrophage,0.006207624297413251,0.08787607876745698,0.05002334436373009,M0,raw
120.0,240.0,microglia,macrophage_immature,0.002469287656815423,0.03495561365082014,0.05002334436373009,M0,raw
120.0,240.0,microglia,microglia,0.03791747075162988,0.5367655139537764,0.05002334436373009,M0,raw
120.0,240.0,microglia,neutrophil,0.004489405121813212,0.06355270538326192,0.05002334436373009,M0,raw
120.0,240.0,microglia,non_specific_hematopoietic,0.004213603004240237,0.05964840843375523,0.05002334436373009,M0,raw
120.0,240.0,neutrophil,erythroblast,0.0013554816690357636,0.006999218426410408,0.13713934490741825,M0,raw
120.0,240.0,neutrophil,hematopoietic_stem_and_progenitor_HSPC,0.01134808970473188,0.05859744206088704,0.13713934490741825,M0,raw
120.0,240.0,neutrophil,innate-lymphoid-cell,0.0007502869763896476,0.0038742113229593344,0.13713934490741825,M0,raw
120.0,240.0,neutrophil,macrophage,0.007775289260629516,0.040148789250969354,0.13713934490741825,M0,raw
120.0,240.0,neutrophil,macrophage_immature,0.0016339511385081835,0.008437134324830918,0.13713934490741825,M0,raw
120.0,240.0,neutrophil,microglia,0.001035028480167764,0.005344513744256791,0.13713934490741825,M0,raw
120.0,240.0,neutrophil,neutrophil,0.1671203745168188,0.8629493348875855,0.13713934490741825,M0,raw
120.0,240.0,neutrophil,non_specific_hematopoietic,0.0026433596868571645,0.013649355982100679,0.13713934490741825,M0,raw
120.0,240.0,non_specific_hematopoietic,erythroblast,0.0041836452787120375,0.04861429014366687,0.060940901530842535,M0,raw
120.0,240.0,non_specific_hematopoietic,hematopoietic_stem_and_progenitor_HSPC,0.04150625382005378,0.4823059632354796,0.060940901530842535,M0,raw
120.0,240.0,non_specific_hematopoietic,innate-lymphoid-cell,0.005205178122122344,0.060484582850729766,0.060940901530842535,M0,raw
120.0,240.0,non_specific_hematopoietic,macrophage,0.008008769154234185,0.09306253313078475,0.060940901530842535,M0,raw
120.0,240.0,non_specific_hematopoietic,macrophage_immature,0.005907815593828249,0.06864928603174114,0.060940901530842535,M0,raw
120.0,240.0,non_specific_hematopoietic,microglia,0.0018727322388923512,0.0217612972319057,0.060940901530842535,M0,raw
120.0,240.0,non_specific_hematopoietic,neutrophil,0.005129571002507658,0.05960602212078977,0.060940901530842535,M0,raw
120.0,240.0,non_specific_hematopoietic,non_specific_hematopoietic,0.0142439668575324,0.16551602525490242,0.060940901530842535,M0,raw
120.0,240.0,erythroblast,erythroblast,0.20389364253356768,0.603857591341936,0.23970124920018757,M1,raw
120.0,240.0,erythroblast,hematopoietic_stem_and_progenitor_HSPC,0.07813132263137171,0.23139609311149748,0.23970124920018757,M1,raw
120.0,240.0,erythroblast,innate-lymphoid-cell,0.010644102477864122,0.03152389650021372,0.23970124920018757,M1,raw
120.0,240.0,erythroblast,macrophage,0.008844910432815377,0.02619535480963187,0.23970124920018757,M1,raw
120.0,240.0,erythroblast,macrophage_immature,0.007305414783913869,0.021635937836765706,0.23970124920018757,M1,raw
120.0,240.0,erythroblast,microglia,0.0042690648917315475,0.0126433919702966,0.23970124920018757,M1,raw
120.0,240.0,erythroblast,neutrophil,0.005304545321854421,0.015710102195519868,0.23970124920018757,M1,raw
120.0,240.0,erythroblast,non_specific_hematopoietic,0.019258862957844784,0.05703763223413875,0.23970124920018757,M1,raw
120.0,240.0,hematopoietic_stem_and_progenitor_HSPC,erythroblast,0.011678710458858491,0.05500440445883672,0.15072960732790872,M1,raw
120.0,240.0,hematopoietic_stem_and_progenitor_HSPC,hematopoietic_stem_and_progenitor_HSPC,0.12101188541948338,0.5699419223884298,0.15072960732790872,M1,raw
120.0,240.0,hematopoietic_stem_and_progenitor_HSPC,innate-lymphoid-cell,0.013631993974352163,0.06420398149154738,0.15072960732790872,M1,raw
120.0,240.0,hematopoietic_stem_and_progenitor_HSPC,macrophage,0.016624369946007193,0.07829747741454722,0.15072960732790872,M1,raw
120.0,240.0,hematopoietic_stem_and_progenitor_HSPC,macrophage_immature,0.011687928623880982,0.055047820183462444,0.15072960732790872,M1,raw
120.0,240.0,hematopoietic_stem_and_progenitor_HSPC,microglia,0.0026927203739647177,0.012682177631329188,0.15072960732790872,M1,raw
120.0,240.0,hematopoietic_stem_and_progenitor_HSPC,neutrophil,0.017924202401651775,0.08441942986562168,0.15072960732790872,M1,raw
120.0,240.0,hematopoietic_stem_and_progenitor_HSPC,non_specific_hematopoietic,0.017071375894907818,0.08040278656622554,0.15072960732790872,M1,raw
120.0,240.0,innate-lymphoid-cell,erythroblast,0.0007582857344762448,0.01989464455888917,0.027058134083168855,M1,raw
120.0,240.0,innate-lymphoid-cell,hematopoietic_stem_and_progenitor_HSPC,0.008828264142587762,0.23162136540796574,0.027058134083168855,M1,raw
120.0,240.0,innate-lymphoid-cell,innate-lymphoid-cell,0.024758869563090088,0.6495821920978099,0.027058134083168855,M1,raw
120.0,240.0,innate-lymphoid-cell,macrophage,0.001034511747865203,0.027141804968794578,0.027058134083168855,M1,raw
120.0,240.0,innate-lymphoid-cell,macrophage_immature,0.0006885713278505701,0.018065593480393487,0.027058134083168855,M1,raw
120.0,240.0,innate-lymphoid-cell,microglia,0.00017871736776239587,0.004688890145861671,0.027058134083168855,M1,raw
120.0,240.0,innate-lymphoid-cell,neutrophil,0.0005569398629621217,0.014612065228895542,0.027058134083168855,M1,raw
120.0,240.0,innate-lymphoid-cell,non_specific_hematopoietic,0.0013109084684561586,0.03439344411139001,0.027058134083168855,M1,raw
120.0,240.0,macrophage,erythroblast,0.017948819871956116,0.04610622404240273,0.27636146487671026,M1,raw
120.0,240.0,macrophage,hematopoietic_stem_and_progenitor_HSPC,0.1495367939349798,0.3841242473284343,0.27636146487671026,M1,raw
120.0,240.0,macrophage,innate-lymphoid-cell,0.017837013654589288,0.04581902061933518,0.27636146487671026,M1,raw
120.0,240.0,macrophage,macrophage,0.09875856959935894,0.2536871375688403,0.27636146487671026,M1,raw
120.0,240.0,macrophage,macrophage_immature,0.016718910225376457,0.04294688041303608,0.27636146487671026,M1,raw
120.0,240.0,macrophage,microglia,0.017071030025393022,0.04385139193552875,0.27636146487671026,M1,raw
120.0,240.0,macrophage,neutrophil,0.0507097679921687,0.1302612617912682,0.27636146487671026,M1,raw
120.0,240.0,macrophage,non_specific_hematopoietic,0.020711869039377866,0.05320383630115441,0.27636146487671026,M1,raw
120.0,240.0,macrophage_immature,erythroblast,0.00529539450351316,0.05404288322548912,0.06956022091502172,M1,raw
120.0,240.0,macrophage_immature,hematopoietic_stem_and_progenitor_HSPC,0.053038517032200576,0.541291943503489,0.06956022091502172,M1,raw
120.0,240.0,macrophage_immature,innate-lymphoid-cell,0.00610732665391808,0.062329169424230745,0.06956022091502172,M1,raw
120.0,240.0,macrophage_immature,macrophage,0.010860480864524279,0.11083814411650587,0.06956022091502172,M1,raw
120.0,240.0,macrophage_immature,macrophage_immature,0.007227906090014615,0.07376539831514192,0.06956022091502172,M1,raw
120.0,240.0,macrophage_immature,microglia,0.003392419413468289,0.034621806947965274,0.06956022091502172,M1,raw
120.0,240.0,macrophage_immature,neutrophil,0.004312087431159506,0.04400760648628667,0.06956022091502172,M1,raw
120.0,240.0,macrophage_immature,non_specific_hematopoietic,0.007750915948384972,0.07910304798089143,0.06956022091502172,M1,raw
120.0,240.0,microglia,erythroblast,0.0019957728118488905,0.03118779176935083,0.045428418632711354,M1,raw
120.0,240.0,microglia,hematopoietic_stem_and_progenitor_HSPC,0.009833071692209377,0.15366067248186555,0.045428418632711354,M1,raw
120.0,240.0,microglia,innate-lymphoid-cell,0.0012125101302137566,0.018947804697420786,0.045428418632711354,M1,raw
120.0,240.0,microglia,macrophage,0.005668127327322115,0.08857539984369411,0.045428418632711354,M1,raw
120.0,240.0,microglia,macrophage_immature,0.0021726616311864917,0.03395202005779849,0.045428418632711354,M1,raw
120.0,240.0,microglia,microglia,0.035144596664299144,0.5492019713248669,0.045428418632711354,M1,raw
120.0,240.0,microglia,neutrophil,0.004230613907637164,0.06611148564834621,0.045428418632711354,M1,raw
120.0,240.0,microglia,non_specific_hematopoietic,0.0037347625779052787,0.05836285417665712,0.045428418632711354,M1,raw
120.0,240.0,neutrophil,erythroblast,0.0011700065068298326,0.00644466033914496,0.1288811453824935,M1,raw
120.0,240.0,neutrophil,hematopoietic_stem_and_progenitor_HSPC,0.009846565699172919,0.05423710985179526,0.1288811453824935,M1,raw
120.0,240.0,neutrophil,innate-lymphoid-cell,0.0006280061533980154,0.003459199864203677,0.1288811453824935,M1,raw
120.0,240.0,neutrophil,macrophage,0.006956661590393425,0.03831886470951245,0.1288811453824935,M1,raw
120.0,240.0,neutrophil,macrophage_immature,0.0014369806272442902,0.007915214148349892,0.1288811453824935,M1,raw
120.0,240.0,neutrophil,microglia,0.0009545161159333857,0.005257690550882783,0.1288811453824935,M1,raw
120.0,240.0,neutrophil,neutrophil,0.1581064021954454,0.8708858058873042,0.1288811453824935,M1,raw
120.0,240.0,neutrophil,non_specific_hematopoietic,0.002447512953448833,0.01348145464880679,0.1288811453824935,M1,raw
120.0,240.0,non_specific_hematopoietic,erythroblast,0.004173752821154223,0.04757523491338845,0.062279759581797885,M1,raw
120.0,240.0,non_specific_hematopoietic,hematopoietic_stem_and_progenitor_HSPC,0.04195002656056627,0.4781745478856376,0.062279759581797885,M1,raw
120.0,240.0,non_specific_hematopoietic,innate-lymphoid-cell,0.005245204176208738,0.05978835631737477,0.062279759581797885,M1,raw
120.0,240.0,non_specific_hematopoietic,macrophage,0.008560990201501254,0.09758391006370264,0.062279759581797885,M1,raw
120.0,240.0,non_specific_hematopoietic,macrophage_immature,0.005906972220130619,0.06733163247598793,0.062279759581797885,M1,raw
120.0,240.0,non_specific_hematopoietic,microglia,0.0021899504325445696,0.02496252431359177,0.062279759581797885,M1,raw
120.0,240.0,non_specific_hematopoietic,neutrophil,0.005844964730564022,0.06662482950778903,0.062279759581797885,M1,raw
120.0,240.0,non_specific_hematopoietic,non_specific_hematopoietic,0.013857665127723151,0.15795896452252775,0.062279759581797885,M1,raw
