run,growth_scaling,epsilon,tau_a,tau_b,source_hpf,target_hpf,converged,cost,posterior_growth_spearman_vs_saved_primary,cell_source_mass_spearman_vs_saved_primary,type_joint_mass_l1_vs_saved_primary,type_source_mass_max_abs_vs_saved_primary,type_conditional_js_vs_saved_primary
primary_refit,5.0,0.01,0.9,0.9,12.0,14.0,True,0.12278734147548676,0.9999999997162033,1.0,2.6434437019767476e-05,1.5472038409347633e-06,7.246028377889436e-10
primary_refit,5.0,0.01,0.9,0.9,14.0,16.0,True,0.11687330156564713,0.9999999997162033,1.0,9.980868708825744e-08,8.895402303643607e-09,2.9735302869773816e-15
primary_refit,5.0,0.01,0.9,0.9,16.0,19.0,True,0.10104884207248688,0.9999999997162033,0.9999999999999999,4.392733464435544e-06,1.4895869780706672e-07,1.3586361953374228e-11
primary_refit,5.0,0.01,0.9,0.9,19.0,24.0,True,0.11159180104732513,0.9999999997162033,1.0,1.6635273245326159e-07,2.6871251224136472e-08,1.537820247121668e-14
primary_refit,5.0,0.01,0.9,0.9,24.0,48.0,True,0.11963274329900742,0.9999999997162033,1.0,5.4809315647161444e-08,7.19793341596997e-09,9.424432587766956e-16
primary_refit,5.0,0.01,0.9,0.9,48.0,72.0,True,0.06761893630027771,0.9999999997162033,1.0,4.4693243916470084e-08,9.883870388804894e-09,6.120689181666548e-16
primary_refit,5.0,0.01,0.9,0.9,72.0,120.0,True,0.061649929732084274,0.9999999997162033,1.0,6.699722135035944e-08,2.2794941684223247e-08,2.6298436483242197e-16
primary_refit,5.0,0.01,0.9,0.9,120.0,240.0,True,0.06289917230606079,0.9999999997162033,1.0,4.2608094739476866e-08,6.529450896630706e-09,7.142941576622864e-16
growth_scaling_1,1.0,0.01,0.9,0.9,12.0,14.0,True,0.12277980893850327,0.9783442203279201,0.9982456140350877,0.0015354949054081914,0.0007231347222582118,8.879928861556759e-08
growth_scaling_1,1.0,0.01,0.9,0.9,14.0,16.0,True,0.11689332127571106,0.9783442203279201,0.9996845260003154,0.001780474069389735,0.0008033843899272197,2.804481634947527e-07
growth_scaling_1,1.0,0.01,0.9,0.9,16.0,19.0,True,0.10121721774339676,0.9783442203279201,0.9995020723673473,0.007947298027644803,0.0030827202110867424,1.4931333426008475e-06
growth_scaling_1,1.0,0.01,0.9,0.9,19.0,24.0,True,0.11163236945867538,0.9783442203279201,0.9976874391431354,0.014403235151953776,0.006231236901079407,7.209847073553734e-06
growth_scaling_1,1.0,0.01,0.9,0.9,24.0,48.0,True,0.12171383947134018,0.9783442203279201,0.9967871890690319,0.062229066140180755,0.024763127737178203,5.894512020187381e-05
growth_scaling_1,1.0,0.01,0.9,0.9,48.0,72.0,True,0.06670577824115753,0.9783442203279201,0.9568219650468212,0.056389914936071525,0.020804855901292357,0.00011668999519543623
growth_scaling_1,1.0,0.01,0.9,0.9,72.0,120.0,True,0.060052644461393356,0.9783442203279201,0.9516051585250569,0.12510531040840298,0.0361171706277062,0.0010829568912968542
growth_scaling_1,1.0,0.01,0.9,0.9,120.0,240.0,True,0.0665343850851059,0.9783442203279201,0.7631975316887826,0.337981615136344,0.10426461650098379,0.003986003380349978
growth_scaling_2.5,2.5,0.01,0.9,0.9,12.0,14.0,True,0.12278546392917633,0.9967551322298325,1.0,0.0003899208317028747,0.00018168810701074678,6.029095010773053e-09
growth_scaling_2.5,2.5,0.01,0.9,0.9,14.0,16.0,True,0.11687823385000229,0.9967551322298325,0.9999474210000525,0.0004459126435023611,0.00020119787888628338,1.7538994631122572e-08
growth_scaling_2.5,2.5,0.01,0.9,0.9,16.0,19.0,True,0.1010909155011177,0.9967551322298325,0.9999160796124744,0.0019894819360451997,0.0007717316654234363,9.255495482212563e-08
growth_scaling_2.5,2.5,0.01,0.9,0.9,19.0,24.0,True,0.11160189658403397,0.9967551322298325,0.9997565725413827,0.0036125452632433004,0.0015619000013634698,4.5622059646169546e-07
growth_scaling_2.5,2.5,0.01,0.9,0.9,24.0,48.0,True,0.12017050385475159,0.9967551322298325,0.9996877262790389,0.015604495917799516,0.006256929885859186,3.6659237809952152e-06
growth_scaling_2.5,2.5,0.01,0.9,0.9,48.0,72.0,True,0.06739327311515808,0.9967551322298325,0.9913296242285748,0.014086638392312327,0.005304957208651484,7.354943610877281e-06
growth_scaling_2.5,2.5,0.01,0.9,0.9,72.0,120.0,True,0.061358742415905,0.9967551322298325,0.9869966474413303,0.02913848168760609,0.008389344001039856,6.335939250499793e-05
growth_scaling_2.5,2.5,0.01,0.9,0.9,120.0,240.0,True,0.06343165040016174,0.9967551322298325,0.9477170173966302,0.07974674366013293,0.025458440921494463,0.00020280308854682232
growth_scaling_10,10.0,0.01,0.9,0.9,12.0,14.0,True,0.12278828024864197,0.9986073834583827,1.0,0.00018878722938983492,8.942936286104874e-05,2.257422721080241e-09
growth_scaling_10,10.0,0.01,0.9,0.9,14.0,16.0,True,0.11687086522579193,0.9986073834583827,0.9999737105000263,0.0002230277848380388,0.00010068182077505039,4.385614692330406e-09
growth_scaling_10,10.0,0.01,0.9,0.9,16.0,19.0,True,0.10102780908346176,0.9986073834583827,0.9999738914349919,0.0009962905138960108,0.000386299498933651,2.347239317457053e-08
growth_scaling_10,10.0,0.01,0.9,0.9,19.0,24.0,True,0.11158677190542221,0.9986073834583827,0.9998052580331062,0.00180909260132655,0.0007819199511666097,1.1468812966306575e-07
growth_scaling_10,10.0,0.01,0.9,0.9,24.0,48.0,True,0.11935940384864807,0.9986073834583827,0.9998492319425042,0.007809690372357976,0.003143358372665328,9.136153683445392e-07
growth_scaling_10,10.0,0.01,0.9,0.9,48.0,72.0,True,0.06773089617490768,0.9986073834583827,0.9931838010922164,0.007035592548748488,0.0026767909527734,1.8446560610257302e-06
growth_scaling_10,10.0,0.01,0.9,0.9,72.0,120.0,True,0.061771150678396225,0.9986073834583827,0.9943404172616499,0.014058131157919738,0.004034036381837969,1.5229827820703758e-05
growth_scaling_10,10.0,0.01,0.9,0.9,120.0,240.0,True,0.06273269653320312,0.9986073834583827,0.9777773341433312,0.038116906512136325,0.01226180840152763,4.4111020060597516e-05
growth_scaling_20,20.0,0.01,0.9,0.9,12.0,14.0,True,0.12278875708580017,0.9962995169535276,1.0,0.0002846626519759288,0.00013464049650629972,4.0806222708282075e-09
growth_scaling_20,20.0,0.01,0.9,0.9,14.0,16.0,True,0.11686965078115463,0.9962995169535276,0.9999474210000525,0.000334664281788227,0.00015108116922257775,9.866065572948565e-09
growth_scaling_20,20.0,0.01,0.9,0.9,16.0,19.0,True,0.1010172963142395,0.9962995169535276,0.9999571073574867,0.0014943579937294021,0.0005794818386776757,5.2593960222290074e-08
growth_scaling_20,20.0,0.01,0.9,0.9,19.0,24.0,True,0.11158425360918045,0.9962995169535276,0.9997078870496591,0.0027143332951910892,0.0011731048226142349,2.583123807301529e-07
growth_scaling_20,20.0,0.01,0.9,0.9,24.0,48.0,True,0.11922160536050797,0.9962995169535276,0.9996409341620047,0.0117159203012692,0.0047185878924322355,2.0544664726425544e-06
growth_scaling_20,20.0,0.01,0.9,0.9,48.0,72.0,True,0.06778664141893387,0.9962995169535276,0.9796703428644103,0.010551008629414825,0.004021102396694065,4.152500046597574e-06
growth_scaling_20,20.0,0.01,0.9,0.9,72.0,120.0,True,0.06182591989636421,0.9962995169535276,0.9865467210893585,0.020962478506806173,0.006011258633210226,3.403063791669641e-05
growth_scaling_20,20.0,0.01,0.9,0.9,120.0,240.0,True,0.06267336755990982,0.9962995169535276,0.9371373272200421,0.05669928935522763,0.018253803733776774,9.68904091927297e-05
epsilon_0.005,5.0,0.005,0.9,0.9,12.0,14.0,True,0.06948092579841614,0.9706178571525279,0.8614035087719297,0.20312466715877514,0.08125007435058346,0.011432063082220854
epsilon_0.005,5.0,0.005,0.9,0.9,14.0,16.0,True,0.07052657008171082,0.9706178571525279,0.9768389505231609,0.14892154387343123,0.012494833966201657,0.009749588248433874
epsilon_0.005,5.0,0.005,0.9,0.9,16.0,19.0,True,0.060361552983522415,0.9706178571525279,0.9568071089892721,0.15385687640335277,0.030713808843343765,0.010967948474710405
epsilon_0.005,5.0,0.005,0.9,0.9,19.0,24.0,True,0.06265664100646973,0.9706178571525279,0.9892161635832523,0.20573023631012818,0.055568679863931714,0.010827955169049932
epsilon_0.005,5.0,0.005,0.9,0.9,24.0,48.0,True,0.06511189043521881,0.9706178571525279,0.98792651515127,0.17687637135708606,0.06542439353564139,0.0031446032269875483
epsilon_0.005,5.0,0.005,0.9,0.9,48.0,72.0,True,0.042058903723955154,0.9706178571525279,0.9791394430295086,0.14556568789622235,0.041113986657931534,0.0035439802688409534
epsilon_0.005,5.0,0.005,0.9,0.9,72.0,120.0,True,0.0376000851392746,0.9706178571525279,0.9925168255661867,0.16973542360000837,0.02254542341276805,0.007411177194532476
epsilon_0.005,5.0,0.005,0.9,0.9,120.0,240.0,True,0.03960331156849861,0.9706178571525279,0.9319097617988858,0.15503132662257985,0.028812152282423648,0.006244610764329245
epsilon_0.05,5.0,0.05,0.9,0.9,12.0,14.0,True,0.3828054964542389,0.7433876412515869,0.3368421052631579,0.5235279382209327,0.05230977828228567,0.08252191984717262
epsilon_0.05,5.0,0.05,0.9,0.9,14.0,16.0,True,0.3163018822669983,0.7433876412515869,0.9737630790262369,0.27711210824304056,0.04668113219946225,0.03308451304724607
epsilon_0.05,5.0,0.05,0.9,0.9,16.0,19.0,True,0.2765825390815735,0.7433876412515869,0.8530031843124821,0.27694545086122224,0.05333950787463784,0.03412086527670686
epsilon_0.05,5.0,0.05,0.9,0.9,19.0,24.0,True,0.35696762800216675,0.7433876412515869,0.7171616358325219,0.34830992964510044,0.08666293657133511,0.01994373060786513
epsilon_0.05,5.0,0.05,0.9,0.9,24.0,48.0,True,0.3732047379016876,0.7433876412515869,0.9748678199969226,0.6234923729149571,0.2756484571757478,0.011976561500276496
epsilon_0.05,5.0,0.05,0.9,0.9,48.0,72.0,True,0.18617688119411469,0.7433876412515869,0.8334435471271434,0.23087844053230427,0.07633142139321658,0.005034742800969168
epsilon_0.05,5.0,0.05,0.9,0.9,72.0,120.0,True,0.1947804093360901,0.7433876412515869,0.9550693224087946,0.23895631152178654,0.039032125381222305,0.017579719612145054
epsilon_0.05,5.0,0.05,0.9,0.9,120.0,240.0,True,0.16883757710456848,0.7433876412515869,0.7540627865508109,0.34391068357082893,0.050737980039663705,0.035219607952954965
epsilon_0.1,5.0,0.1,0.9,0.9,12.0,14.0,True,0.5377101302146912,0.3629685657844564,0.30350877192982456,0.7478245685320624,0.038961354579232776,0.15667251437228788
epsilon_0.1,5.0,0.1,0.9,0.9,14.0,16.0,True,0.4408704340457916,0.3629685657844564,0.9542825595457174,0.4082980862072661,0.08612635898636149,0.046694649839013384
epsilon_0.1,5.0,0.1,0.9,0.9,16.0,19.0,True,0.3799484670162201,0.3629685657844564,0.7872692772123512,0.3677820272945793,0.06867381446372278,0.055751413521228976
epsilon_0.1,5.0,0.1,0.9,0.9,19.0,24.0,True,0.5187667012214661,0.3629685657844564,0.5437682570593962,0.4872150973074748,0.08885157946573774,0.056201066131819716
epsilon_0.1,5.0,0.1,0.9,0.9,24.0,48.0,True,0.500613808631897,0.3629685657844564,0.9562102912807078,0.8305717486999846,0.3631404603498327,0.02378182698820948
epsilon_0.1,5.0,0.1,0.9,0.9,48.0,72.0,True,0.2679963707923889,0.3629685657844564,0.5401078104947288,0.3108388846862216,0.0955951140424452,0.008437985664572892
epsilon_0.1,5.0,0.1,0.9,0.9,72.0,120.0,True,0.3118317425251007,0.3629685657844564,0.9205469519629639,0.30584465619072054,0.07118377915411173,0.025042901827549997
epsilon_0.1,5.0,0.1,0.9,0.9,120.0,240.0,True,0.2519197463989258,0.3629685657844564,0.6464025721605553,0.4439340105801105,0.060946975510112106,0.056732968284135
tau_0.8,5.0,0.01,0.8,0.8,12.0,14.0,True,0.06797356903553009,0.9686671507611774,0.8614035087719297,0.1711701584465679,0.08005133349313914,0.005999689701111978
tau_0.8,5.0,0.01,0.8,0.8,14.0,16.0,True,0.06945204734802246,0.9686671507611774,0.9775750565224249,0.1507341151055036,0.010981658273136907,0.009180163958635109
tau_0.8,5.0,0.01,0.8,0.8,16.0,19.0,True,0.06026309356093407,0.9686671507611774,0.9622544745884403,0.1578558643714454,0.03491253900100827,0.007590136463055956
tau_0.8,5.0,0.01,0.8,0.8,19.0,24.0,True,0.05883394554257393,0.9686671507611774,0.9832035053554042,0.21089511272472466,0.0644009007587284,0.007555052883274224
tau_0.8,5.0,0.01,0.8,0.8,24.0,48.0,True,0.059586841613054276,0.9686671507611774,0.986118328800479,0.20009955729786244,0.07930828513936242,0.004722394077065865
tau_0.8,5.0,0.01,0.8,0.8,48.0,72.0,True,0.036179739981889725,0.9686671507611774,0.9734973426844593,0.16124836182103344,0.06542729378521106,0.00372337760359509
tau_0.8,5.0,0.01,0.8,0.8,72.0,120.0,True,0.02933483198285103,0.9686671507611774,0.9912718853014711,0.1339125002733485,0.035464309817408085,0.0017840779810020847
tau_0.8,5.0,0.01,0.8,0.8,120.0,240.0,True,0.03204157575964928,0.9686671507611774,0.8963243819133269,0.12405040888219362,0.04643627268493089,0.0023022842087889717
tau_0.95,5.0,0.01,0.95,0.95,12.0,14.0,True,0.20820187032222748,0.9764828501513506,0.8543859649122807,0.1637593588013131,0.048246641324194595,0.009990079008961693
tau_0.95,5.0,0.01,0.95,0.95,14.0,16.0,True,0.17707709968090057,0.9764828501513506,0.9925600715074399,0.13668747045384638,0.014489108911535029,0.013728486654818229
tau_0.95,5.0,0.01,0.95,0.95,16.0,19.0,True,0.1532128006219864,0.9764828501513506,0.9565143200816825,0.16597670962224254,0.026557642333156856,0.009536570691845339
tau_0.95,5.0,0.01,0.95,0.95,19.0,24.0,True,0.18961644172668457,0.9764828501513506,0.956475170399221,0.17255343640087992,0.050042623347790194,0.004036295607576063
tau_0.95,5.0,0.01,0.95,0.95,24.0,48.0,True,0.20792025327682495,0.9764828501513506,0.9877807663174004,0.25093492720518795,0.10917244860145373,0.001255507029085584
tau_0.95,5.0,0.01,0.95,0.95,48.0,72.0,True,0.10263194143772125,0.9764828501513506,0.9238200834177995,0.1228731111657511,0.04982252519674746,0.0011964295398739855
tau_0.95,5.0,0.01,0.95,0.95,72.0,120.0,True,0.09949466586112976,0.9764828501513506,0.9836741708197286,0.08671853228048283,0.024910708632431555,0.0007948801177223358
tau_0.95,5.0,0.01,0.95,0.95,120.0,240.0,True,0.09101128578186035,0.9764828501513506,0.9066528657044404,0.09074075609940857,0.0353518030218711,0.000974565215038762
tau_1,5.0,0.01,1.0,1.0,12.0,14.0,True,0.8141143321990967,-0.2762319186904571,0.04736842105263158,1.1147333777968733,0.043398160386881324,0.3323388897872585
tau_1,5.0,0.01,1.0,1.0,14.0,16.0,True,0.6831537485122681,-0.2762319186904571,-0.07205951942794048,0.581743664960514,0.16980325000002677,0.08751010113392854
tau_1,5.0,0.01,1.0,1.0,16.0,19.0,True,0.4460260272026062,-0.2762319186904571,-0.4651716405037088,0.513702048291137,0.083904229478953,0.09259112544901409
tau_1,5.0,0.01,1.0,1.0,19.0,24.0,True,0.8622866868972778,-0.2762319186904571,-0.1517526777020448,0.7692345399618059,0.07877231755333026,0.16850737891830858
tau_1,5.0,0.01,1.0,1.0,24.0,48.0,True,0.7021492719650269,-0.2762319186904571,-0.14015817678482784,1.0994533720905242,0.4473167182324356,0.1309260817235263
tau_1,5.0,0.01,1.0,1.0,48.0,72.0,True,0.4800682067871094,-0.2762319186904571,0.5247538125444503,0.5768016001774101,0.07448670611322739,0.04798875966398766
tau_1,5.0,0.01,1.0,1.0,72.0,120.0,True,0.8030581474304199,-0.2762319186904571,0.03221608008574933,0.6103354087427522,0.28383101603700706,0.04567564225082738
tau_1,5.0,0.01,1.0,1.0,120.0,240.0,True,0.5952495336532593,-0.2762319186904571,0.4863932213658738,0.5389747096440459,0.02534627440992504,0.0883503354428106
