Gene,gamma,gamma_r2,velocity_finite_fraction,spliced_detected_cells,unspliced_detected_cells
cplx2l,,,1.0,411,36
acy3.2,0.13191430975857493,-0.46691730077857474,1.0,650,29
pdia2,0.11324110488937983,0.5363384927116672,1.0,367,119
atp1a1a.5,,,1.0,21,30
atp1a1a.2,,,1.0,80,9
gja8b,,,1.0,12,0
anos1a,,,1.0,35,54
slit2,0.5256943096841008,-0.4919466363505747,1.0,302,499
capn9,,,1.0,111,41
msx1b,0.128520461759453,0.08406444738727104,1.0,238,59
dlx2b,,,1.0,22,0
glra3,,,1.0,30,508
cnn1a,,,1.0,11,9
ednraa,0.5111332916271359,-0.02459073817236468,1.0,123,248
fgb,,,1.0,158,14
dla,0.20110765325289645,0.1255722711485563,1.0,277,79
adra1d,,,1.0,27,15
fstl1a,0.19498328384349337,-0.11680560537134843,1.0,489,163
mylz3,0.03466635730029976,-0.5127298040716002,1.0,1847,394
hpgd,0.13347421710327903,0.7825927224634819,1.0,432,123
zgc:65894,,,1.0,121,13
anxa5b,0.013883890073312758,-0.028952611441587006,1.0,328,36
hand2,,,1.0,127,2
cnga3b,,,1.0,34,7
hmx4,,,1.0,143,4
fabp2,,,1.0,789,12
chrna6,,,1.0,15,40
zgc:111983,,,1.0,91,6
si:ch211-196h16.12,,,1.0,10,12
ucp1,0.0021356163599587346,-0.14812781925833574,1.0,465,47
mb,0.010640938733561736,-0.14598919080512984,1.0,148,39
tdrd7a,,,1.0,40,23
epha6,,,1.0,16,460
jag1a,0.14684183726889513,-0.19413061483922167,1.0,132,141
cnga1a,,,1.0,24,1
atp1a1a.4,,,1.0,131,27
c3a.1,,,1.0,165,25
acta1a,,,1.0,751,17
dand5,,,1.0,6,1
smox,0.45447732368069627,0.07113971754133008,1.0,1394,1128
lrata,,,1.0,39,0
fgg,,,1.0,226,26
pax5,,,1.0,46,130
rgs11,,,1.0,28,55
rtn4rl2a,,,1.0,40,1
caspb,,,1.0,194,23
morc3b,0.834099104656315,0.9517131865624927,1.0,356,273
inab,,,1.0,33,1
cryaa,,,1.0,50,4
fgfbp2b,,,1.0,58,22
tyrp1b,,,1.0,121,19
helt,,,1.0,83,3
slc24a2,0.26119162814299773,0.10289506206987842,1.0,307,136
grk1a,,,1.0,69,42
sparcl1,,,1.0,88,61
lmo7b,1.6002011729535264,0.5705959974478672,1.0,178,244
hhip,0.013579595157353314,-0.2838154221778464,1.0,332,134
golga7ba,0.06606199495643084,-0.3094440006929562,1.0,219,145
sh3gl2a,0.36599351540781566,0.33535526529554105,1.0,175,111
urp2,,,1.0,14,14
MFAP4-1,,,1.0,105,61
mfap4,,,1.0,1124,10
crybb1l2,,,1.0,357,21
bnc2,1.5628846864444241,0.10133131042201515,1.0,196,432
si:ch211-145b13.6,,,1.0,79,12
gucy1a1,,,1.0,13,13
sfrp2,,,1.0,147,16
glrba,,,1.0,10,69
spock3,0.2274205246505792,-0.029393311740743,1.0,471,247
grin2ab,,,1.0,23,142
fn1b,0.25377334038745,-0.6906513805909376,1.0,494,131
atp1a1a.3,,,1.0,32,13
cryba1l2,,,1.0,48,79
si:dkeyp-75b4.10,,,1.0,8,8
pcdh7a,0.2317390905639471,-0.1804334609841205,1.0,90,126
cxcl18b,,,1.0,20,10
mxra5a,,,1.0,58,12
scpp5,,,1.0,47,2
nlgn4xa,,,1.0,46,272
ednrba,,,1.0,9,0
syngr3b,,,1.0,57,16
itln1,0.0240802398021507,-0.021664616952092874,1.0,114,36
pou4f2,,,1.0,48,0
ugt8,0.3030788010695071,0.017265435120282557,1.0,91,80
spink4,0.9332542663566168,-0.0624384896196053,1.0,141,89
ptprdb,0.42550912811031355,-0.43608723939532235,1.0,82,256
scpp1,,,1.0,7,1
c3a.2,,,1.0,46,19
pcdh18a,,,1.0,114,26
gpm6ab,0.16437142364746476,-0.006965790129080496,1.0,519,204
scpp9,,,1.0,19,3
si:dkeyp-118a3.2,,,1.0,6,22
enam,,,1.0,8,0
grhprb,,,1.0,208,25
jam2a,0.051290635034660435,0.015113824142758858,1.0,500,66
sgms2a,,,1.0,13,12
si:dkey-27h10.2,1.4104975117184377,0.936561877489119,1.0,685,719
p2rx3b,,,1.0,7,12
prom1b,,,1.0,80,47
gng13a,,,1.0,61,7
odam,,,1.0,2,5
atp1b1b,0.09326545784087419,-0.0445298028463299,1.0,185,42
chrna9,,,1.0,10,9
frem3,0.371473674402874,-0.34248188449614236,1.0,224,447
phox2ba,,,1.0,4,9
muc13a,,,1.0,4,6
si:ch211-132g1.4,0.34062425194700063,0.7122120793993952,1.0,171,58
col17a1a,,,1.0,23,34
si:ch211-217k17.9,,,1.0,35,3
c3a.4,,,1.0,5,27
nxnl1,,,1.0,26,0
si:ch211-243a20.3,,,1.0,48,34
fam184b,0.4519607598951896,-0.21154533577710288,1.0,275,260
si:ch211-14k19.8,0.2750606117402988,0.3454967626578058,1.0,634,90
slc5a7a,,,1.0,51,20
adamtsl7,,,1.0,15,22
si:ch73-6k14.2,,,1.0,39,4
peli1a,,,1.0,52,40
hemgn,0.015325157332426351,0.41728034065123054,1.0,2314,438
AL928650.1,,,1.0,25,6
si:dkey-27j5.5,,,1.0,7,0
lratb.2,,,1.0,34,2
si:zfos-2330d3.7-1,0.005089872828463412,0.5429461154144036,1.0,592,62
col5a3b,,,1.0,40,26
cabp2a,0.008462760383810773,-0.2594307109445282,1.0,269,92
cxcl8a,,,1.0,129,20
en1b,,,1.0,89,9
CU929294.1,,,1.0,14,10
slitrk6,0.4694681409878567,-0.20764081346544594,1.0,59,107
sp6,,,1.0,49,4
snx8b,,,1.0,58,18
rdh8b,,,1.0,26,13
cyp3a65,,,1.0,109,18
MFAP4-5,,,1.0,1067,18
CR848833.1,,,1.0,17,251
LO017718.1,,,1.0,8,15
FP236157.7,,,1.0,21,3
si:busm1-57f23.1,,,1.0,93,8
grik1a,,,1.0,14,275
nt5c2l1,0.45759357262377515,0.6367139502167093,1.0,2036,1460
ntm,,,1.0,19,1051
mmp13a,0.25940170224207953,0.9661405017623533,1.0,355,219
vcanb,0.6526071201645458,-0.1671788830455596,1.0,153,299
CABZ01073795.1,,,1.0,41,1
loxa,,,1.0,54,16
tlx3b,,,1.0,64,13
postna,,,1.0,28,48
lhx6,,,1.0,36,48
ambp,0.06222506097703602,-0.01690374978111886,1.0,190,50
panx3,,,1.0,3,28
si:ch211-243g18.2,1.0598318998478344,0.1260247293364516,1.0,167,71
pnx,,,1.0,41,3
kcnip1b,,,1.0,45,84
slc5a1,,,1.0,16,29
mpx,0.003763296404901271,0.4875016348621055,1.0,777,40
cryba4,,,1.0,361,8
gabrr3a,,,1.0,9,102
hapln1b,1.034960648938366,0.8982629132900243,1.0,722,625
slc1a3b,,,1.0,18,49
plac8.1,,,1.0,66,0
kcnip3b,0.7414958332166738,0.44646559681538533,1.0,130,246
prnpb,,,1.0,15,16
mmp30,1.9138501806074442,-0.3194674912729989,1.0,55,665
pcp4a,,,1.0,55,42
alox5ap,0.03278090288269384,0.5587629220577612,1.0,1205,60
lim2.1,,,1.0,50,2
arr3a,0.09686088568317984,0.2550145691576242,1.0,911,124
and3,,,1.0,128,118
pcolcea,,,1.0,103,26
si:ch211-237l4.6,,,1.0,68,37
si:ch211-287a12.9,,,1.0,33,5
sfrp1b,,,1.0,35,2
fstb,,,1.0,62,17
trpc4a,,,1.0,14,15
stc1l,,,1.0,24,3
stoml3b,0.6769878089964729,0.7060637080378194,1.0,641,417
PLEKHB1,,,1.0,36,16
mef2ca,0.1227003432342825,-0.5301926178791514,1.0,435,522
si:ch211-251f6.6,,,1.0,19,15
msi2a,5.162835224141638,0.28106603422331855,1.0,276,1227
umodl1,,,1.0,4,25
wnt11,0.020089889207077983,-0.16510416607394718,1.0,196,59
bsx,,,1.0,4,1
slc43a2b,0.14390929997087348,0.6364378679551959,1.0,804,408
dbh,,,1.0,3,45
spp1,,,1.0,3,11
ckmt2a,,,1.0,177,43
ddx4,0.016356984491820607,0.9412320839629265,1.0,105,33
frem2a,1.159392612793464,-0.17210949003640486,1.0,179,135
mamdc2b,,,1.0,26,20
inpp5kb,,,1.0,35,35
samsn1b,0.342190869984037,0.6061073775138921,1.0,674,204
phf24,,,1.0,35,88
CABZ01049847.1,0.3447585969131344,0.044957928930675295,1.0,157,127
cabp1b,,,1.0,33,116
mmp13a-1,0.31319719791022904,0.9240430922879845,1.0,577,386
skor2,,,1.0,11,79
wu:fb59d01,,,1.0,309,6
ucp3,0.043803877951639605,0.147075681420058,1.0,586,48
hunk,0.49360696972344414,-0.07085795145394935,1.0,55,30
alcama,0.11682996339248353,-0.508724971256497,1.0,387,507
smtlb,,,1.0,16,4
slc12a2,0.6362398140142822,0.18612370328794947,1.0,1123,1127
CR847844.1,0.10220176000869279,0.9355600820755147,1.0,110,45
adgrg4b,,,1.0,40,10
taar20i,,,1.0,0,11
si:dkey-200l5.4,,,1.0,51,97
hephl1b,,,1.0,10,27
ryr1a,0.33079897393427554,-0.14236632417388861,1.0,63,106
slc2a11l,,,1.0,30,4
si:dkey-175g6.2,,,1.0,60,5
si:dkeyp-41f9.4,,,1.0,7,6
CT573231.1,,,1.0,163,11
scpp8,0.035447283272253556,0.7549278383669143,1.0,618,59
anxa4,0.10764071211835695,0.5630268469144352,1.0,2518,405
ccl19b,,,1.0,9,1
sftpba,0.1710014352645312,0.08484876635050753,1.0,125,141
tmem88a,,,1.0,139,8
arvcfa,,,1.0,6,33
crybb1,,,1.0,315,3
robo4,0.290062352207611,0.21903377514361821,1.0,267,163
fgf11b,,,1.0,37,88
zpld1a,,,1.0,5,2
si:ch211-103f14.3,,,1.0,6,8
ggt1b,,,1.0,17,46
si:ch73-1a9.3,0.021490964795587247,0.4357092809038372,1.0,4718,313
vsig8a,,,1.0,20,17
tpm2,0.3038749474820692,-0.18527708086382644,1.0,1028,356
si:ch211-113d22.2,,,1.0,183,35
SLC4A5,,,1.0,39,78
myl10,,,1.0,974,17
si:ch73-261i21.5,,,1.0,9,93
il1b,1.0165049985474914,0.8029433065002731,1.0,1181,1215
zgc:171929,,,1.0,2,16
ved,0.17502270320321528,0.8363373473447194,1.0,221,69
si:ch73-215f7.1,,,1.0,52,279
si:ch1073-303d10.1,,,1.0,25,1
BX957322.3,,,1.0,10,6
BX927333.1,1.0711904042881457,-0.7252582430886574,1.0,70,663
dhrs13a.2,0.44826406074608494,0.30308873580267015,1.0,110,44
ace2,,,1.0,61,14
krt93,,,1.0,6,5
twf2b,,,1.0,10,6
sulf2a,0.4495610461875747,-0.2480904122574401,1.0,128,182
tmem178,,,1.0,14,15
opn1sw2,,,1.0,339,201
grm2b,1.150798827831463,0.12622139948458555,1.0,105,140
myog,,,1.0,89,10
ndrg3a,0.11304703477737917,-0.6853667735805757,1.0,568,539
slc6a1b,0.030086061527896252,-0.12404080669931306,1.0,248,61
rem1,,,1.0,22,40
chrna4b,,,1.0,7,5
uts2b,,,1.0,5,34
barx1,,,1.0,68,9
uox,,,1.0,91,30
ly75,1.1653553984602136,0.8411109437881361,1.0,555,427
tdo2b,,,1.0,80,51
pnp4a,0.06659258866513404,-0.2714481069134027,1.0,70,141
krt94,,,1.0,441,4
itpr1b,1.8965370074071946,0.23042263066123514,1.0,321,1042
grm6b,,,1.0,25,54
tmem38a,0.09207308133367804,-0.07808883674981626,1.0,292,59
rs1a,,,1.0,206,21
slc38a3a,0.4070127542330782,-0.1270907670061141,1.0,181,237
igsf21a,5.125445397089974,-0.1912323315743445,1.0,58,642
krt95,,,1.0,1,6
slc6a14,,,1.0,29,86
tkta,9.598984635280578e-05,-0.19254057694592475,1.0,177,49
camta1b,0.3340773387888496,-0.524114422325717,1.0,178,501
slc8a1a,,,1.0,16,93
phactr3b,0.9843323203792921,-0.02846068568189164,1.0,128,83
pcdh20,,,1.0,70,13
cdab,,,1.0,110,43
her15.2,,,1.0,289,1
her15.1,,,1.0,479,1
cldn19,,,1.0,45,55
wnt7aa,0.1325480103203965,-0.10849684205806431,1.0,74,76
opn1lw2,,,1.0,446,1
zgc:113307,,,1.0,10,3
fmoda,,,1.0,168,13
plvapb,0.09046114488519397,-0.04858032969130255,1.0,116,33
tuba2,,,1.0,229,23
lhfpl5a,,,1.0,12,19
si:dkey-33m11.8,,,1.0,4,3
itih1,,,1.0,10,4
gucy1b2,,,1.0,2,20
gata2a,0.619510448716385,0.8981436767102005,1.0,533,441
si:ch211-160o17.6,,,1.0,15,22
nfasca,0.21830102417445246,-0.29446934836500827,1.0,229,313
myom2a,0.11852942507915265,-0.10880686359392966,1.0,250,95
col6a2,0.01817701848046934,-0.15953847325170778,1.0,155,68
zgc:110286,,,1.0,28,11
slc4a10a,0.22999170081565348,-0.36135622102347353,1.0,102,200
myh7ba,,,1.0,16,101
abcb11b,,,1.0,82,32
slc22a7a,,,1.0,14,24
lactbl1b,,,1.0,25,46
si:dkey-183j2.10,,,1.0,109,27
fezf2,,,1.0,36,1
krt15,,,1.0,199,2
krt98,,,1.0,4,7
gamt,0.025872060764481866,-0.06304271700404529,1.0,1812,117
ccl25b,,,1.0,147,3
igfbp6a,,,1.0,3,4
bsnb,0.36340388547970875,-0.5421822808961856,1.0,109,271
ccl44,,,1.0,22,4
csf1a,,,1.0,34,32
col6a1,0.21558536211681117,0.4672778932393714,1.0,159,89
si:ch211-222l21.1,0.015077628830448714,0.4839814586572442,1.0,3868,829
kiss1,,,1.0,9,0
vipb,,,1.0,8,15
lmod1b,,,1.0,24,4
col9a1a,0.054480896284813805,-0.1385438832409034,1.0,108,91
fbln2,0.8207251879515761,0.14344591734629086,1.0,330,341
prph,,,1.0,36,22
pmela,,,1.0,115,65
camkvb,,,1.0,44,70
mustn1b,,,1.0,71,79
cyldb,,,1.0,32,30
il1fma,0.13923561707798124,0.41154291839785995,1.0,552,80
ldlrad2,,,1.0,12,12
si:dkey-246j7.1,,,1.0,48,16
krt99,,,1.0,93,6
sox12,,,1.0,400,1
SPATA1,,,1.0,33,58
zgc:153665,,,1.0,67,6
si:ch73-226l13.2,,,1.0,87,11
nwd1,,,1.0,10,43
fgd5a,0.7316709293006398,0.25866598643453753,1.0,594,451
pcdh17,1.173023688686008,-0.4609922581474426,1.0,134,714
si:dkey-197i20.6,,,1.0,10,7
atp2b2,,,1.0,47,163
si:ch211-156l18.8,,,1.0,46,47
col2a1b,0.06457816175715904,0.11492669378086029,1.0,547,69
si:ch211-69b7.6,,,1.0,69,35
opn6a,,,1.0,102,25
zgc:112265,0.46011137631323756,-0.1608473057739388,1.0,184,61
map1lc3c,,,1.0,37,102
pax7a,0.8547623848457027,-0.32187709626068894,1.0,104,299
chia.2,,,1.0,286,2
nxph2b,,,1.0,54,123
arf4b,,,1.0,12,32
zgc:175088,0.10155741767839412,-0.14736185292589488,1.0,1144,164
BX248331.2,,,1.0,27,5
BX248318.1,,,1.0,6,0
timp4.3,,,1.0,48,5
avil,,,1.0,10,11
comp,,,1.0,76,35
si:ch211-1a19.3,,,1.0,36,9
chia.1,,,1.0,49,1
slc29a1b,0.11818355546188247,0.34112517183327173,1.0,2447,962
mmel1,0.4100376476762628,-0.23465300543891154,1.0,65,150
slc6a11b,,,1.0,26,53
abhd6a,0.08147541046786895,-0.5942666046616412,1.0,309,671
hoxc13b,,,1.0,37,6
CR556712.1,,,1.0,7,1
slc16a3,0.018562360939144953,-0.014199540907582797,1.0,303,69
neurod2,,,1.0,11,1
mylpfb,0.04968146201256237,0.182175308819291,1.0,1106,109
tcf7l2,0.4507879183186507,-0.5229586493471812,1.0,633,816
ca15a,,,1.0,18,20
pvalb2,,,1.0,2521,2
htra1b,,,1.0,52,116
tbx6,,,1.0,97,14
dlx3b,,,1.0,245,13
osbpl7,0.15511562136172433,-0.051504194900092504,1.0,185,60
epas1a,1.7631744745849698,0.507148085972015,1.0,285,249
rasd1,,,1.0,70,1
qki2,2.4481141222409426,0.5277529135317143,1.0,418,885
gdpd3b,,,1.0,40,38
cyp26a1,,,1.0,174,2
aldoab,0.007407831574427412,-0.1420386663579527,1.0,1040,58
ctslb,,,1.0,367,0
ndufa4,0.003173763114047902,-0.4472361173723647,1.0,451,151
prph2a,,,1.0,159,5
hbbe3,0.005619830625839732,0.9292766937156521,1.0,1802,1044
nrxn1a,1.5907362049575577,-0.04799779744519994,1.0,152,474
egr2b,0.0031455401124332837,-0.1832559371260114,1.0,150,35
nme2a,,,1.0,107,3
chad,,,1.0,14,26
aqp8a.1,,,1.0,247,26
hbae5,0.8989797939330678,0.7130425859313632,1.0,1720,1233
hbbe2,0.00031543931022679167,0.6468743694556744,1.0,3221,93
zgc:163057,0.04579927495162936,0.30117588733363354,1.0,2090,234
dkk1b,,,1.0,5,0
tectb,,,1.0,15,20
pts,,,1.0,69,7
ca10a,3.403845298642495,0.013023610843639677,1.0,92,427
zgc:112285,,,1.0,46,38
enpp7.1,,,1.0,12,2
crygmxl2,,,1.0,52,2
hoxb5b,,,1.0,109,3
gabrz,,,1.0,3,25
six3b,,,1.0,101,4
cmn,,,1.0,57,56
bricd5,,,1.0,36,14
slc16a8,,,1.0,71,25
noxo1b,,,1.0,31,11
si:dkey-220f10.4,0.004806331415752174,-0.2749918741307811,1.0,165,82
pmp22b,1.0145812688711928,0.18582629101883374,1.0,578,360
sost,,,1.0,120,4
g6pca.2,,,1.0,226,25
hrc,,,1.0,70,24
zgc:158404,,,1.0,5,5
gip,,,1.0,65,2
crygmx,,,1.0,259,4
meox1,,,1.0,269,7
atp2a1l,,,1.0,148,138
aqp8a.2,1.305630756555858,0.4105371325325785,1.0,228,186
pvalb9,,,1.0,422,1
si:dkey-26g8.5,,,1.0,1053,1
arg1,,,1.0,2,38
CABZ01030107.1,,,1.0,34,13
zgc:123217,,,1.0,6,7
si:dkey-269i1.4,,,1.0,1014,2
zgc:174855,,,1.0,478,3
mkxa,,,1.0,39,84
ca15c,,,1.0,6,7
ankrd1b,,,1.0,97,28
zgc:174154,0.4687198420422493,-0.10511519084276633,1.0,117,188
selenou1b,,,1.0,4,5
FADS6,,,1.0,32,63
nrap,,,1.0,62,27
si:ch211-136m16.8,0.005468327564870483,0.17971900312771283,1.0,1697,54
shisa8b,,,1.0,9,105
si:ch211-180a12.2,,,1.0,19,28
si:dkey-239j18.3,,,1.0,570,5
si:rp71-19m20.1,0.11212600459656298,-0.4366365844987896,1.0,537,223
si:dkey-239j18.2,,,1.0,1077,11
cabp5a,,,1.0,55,14
ctslb-1,,,1.0,1304,6
st6galnac1.1,,,1.0,9,23
rbp3,,,1.0,203,20
acta2,,,1.0,66,23
si:dkey-11c5.11,,,1.0,46,78
ca15b,,,1.0,47,54
si:dkey-269i1.4-1,,,1.0,254,0
zgc:174153,,,1.0,1213,2
pyyb,,,1.0,33,7
plekhs1,,,1.0,3,2
si:dkey-193p11.2,,,1.0,80,8
si:ch73-180n10.1,,,1.0,14,12
si:dkey-219e21.2,,,1.0,40,45
rbfox3a,3.7800522067074698,-0.4381686615196343,1.0,142,857
si:rp71-1c10.11,,,1.0,18,0
tekt3,,,1.0,10,28
si:ch73-205h11.1,,,1.0,6,52
BX001014.2,0.041033432641123344,-0.0848216055620088,1.0,340,79
pkd1b,,,1.0,40,74
si:dkey-239b22.2,,,1.0,4,6
si:dkey-239b22.1,,,1.0,4,19
pde6gb,,,1.0,340,18
ebf3a,0.9215706284537042,0.10608397251981949,1.0,399,699
ldb3b,0.07650551664292297,-0.14807673698753998,1.0,191,84
foxi1,,,1.0,66,0
rbp4,0.019689594153994888,0.3305573811370721,1.0,1825,75
grem2b,,,1.0,53,7
rgrb,,,1.0,258,7
si:dkey-31i7.2,,,1.0,2,0
zgc:163073,,,1.0,0,1
btbd17a,,,1.0,13,52
tmem130,,,1.0,19,4
pde6c,0.18129771263735145,0.2205276766205888,1.0,429,128
gch2,,,1.0,589,26
gngt2b,,,1.0,1163,11
zgc:112964,,,1.0,25,16
aatkb,,,1.0,35,150
SMIM36,,,1.0,88,24
FO704741.1,,,1.0,34,2
CABZ01068367.1,,,1.0,25,25
TCERG1L,,,1.0,15,182
sncgb,0.1608942247850824,-0.07007915708961554,1.0,65,81
rcvrnb,,,1.0,2,0
CR456635.1,,,1.0,0,1
CABZ01048956.1,,,1.0,3,6
neurog3,,,1.0,6,0
pgam1a,0.1128957275458589,0.028437676514906585,1.0,2153,317
adh8a,,,1.0,8,0
agt,,,1.0,90,104
noto,,,1.0,22,0
fgfr3,0.8565297936201481,0.15353986996538604,1.0,427,376
msx3,,,1.0,137,3
eef1a1a,0.2905404215439722,-0.041832011702692906,1.0,139,85
abcc2,,,1.0,110,31
osr1,0.0004383362877946479,-0.09689597392288585,1.0,99,31
prph2b,,,1.0,184,9
col17a1b,,,1.0,22,79
pygl,,,1.0,126,36
chata,,,1.0,24,22
fgf8a,,,1.0,22,9
cfl1l,0.05265562889609812,0.798998726525867,1.0,1600,85
cdhr1a,,,1.0,39,38
ubtd1a,,,1.0,85,6
dkk1a,,,1.0,24,7
inaa,,,1.0,90,14
six6a,,,1.0,48,93
prdm8,,,1.0,41,3
slc2a15a,,,1.0,22,61
cdkl1,,,1.0,41,64
loxl4,0.40906469208731744,-0.1953768015610735,1.0,121,453
wnt8b,,,1.0,39,12
cxcl12a,0.011061727481791149,0.06029360526602834,1.0,448,45
sfrp5,0.8334747911500532,0.03505309252750244,1.0,184,99
nkx2.3,,,1.0,75,4
arg2,0.544081551900413,0.4812584516031855,1.0,425,253
fbln5,,,1.0,30,12
emx1,,,1.0,11,8
cfd,,,1.0,257,16
emx2,,,1.0,242,26
gsta.1,0.03581557219883221,0.1448043753507735,1.0,1511,83
acta1b,0.0073520311072361845,-0.06269043359493387,1.0,1220,92
epcam,0.049795938056140965,-0.21881520479651484,1.0,642,258
srgn,0.009078393288445862,0.5454400870726946,1.0,1994,281
slit1a,0.32702036057527967,-0.2385315155852652,1.0,82,192
runx3,0.9460765491936893,0.34172097730296347,1.0,961,1178
zgc:153911,,,1.0,196,26
pax2a,0.45624828372663007,0.19687468210271653,1.0,226,169
rgra,,,1.0,61,24
ret,,,1.0,43,30
sncga,,,1.0,44,205
alox5a,0.45700524270707704,-0.07270809783221677,1.0,1373,1103
epas1b,0.07753007592561478,-0.14581886630482166,1.0,118,86
six3a,,,1.0,30,1
tnfaip2b,,,1.0,60,18
thbs2a,,,1.0,16,34
chs1,,,1.0,19,3
nid1a,0.22561858316506314,-0.12247685438577482,1.0,151,116
cox5b2,,,1.0,254,0
vsir,0.21860595794513296,0.47240185253397315,1.0,1758,779
zgc:163030,,,1.0,102,0
matn3b,,,1.0,23,8
khdrbs2,,,1.0,33,119
zgc:153981,,,1.0,17,0
pitx3,,,1.0,82,43
zmp:0000000760,,,1.0,58,60
ifi46,,,1.0,628,21
plaua,0.946953481039139,0.6389450733642981,1.0,249,217
olig3,,,1.0,68,1
si:dkey-188i13.6,,,1.0,4,0
rims1a,0.26077928458916494,-0.38508265613725334,1.0,87,243
abcg8,,,1.0,5,11
vip,,,1.0,7,4
fbln7,,,1.0,42,61
kcnma1a,1.099268887273484,-0.9772414063183954,1.0,134,899
opn4a,,,1.0,2,54
gfral,,,1.0,5,13
CR792417.1,,,1.0,4,14
cyp1b1,,,1.0,28,5
oit3,,,1.0,11,55
pla2g12b,,,1.0,65,11
nkx3.3,,,1.0,6,1
mmrn2a,,,1.0,59,118
col9a1b,0.2149696736167902,-0.37335382161269215,1.0,138,44
soul2,,,1.0,84,1
drgx,,,1.0,26,12
prop1,,,1.0,3,14
BX530068.1,,,1.0,65,135
AL954359.2,,,1.0,92,1
zbtb18,0.06752390089149904,0.028074935783315547,1.0,1015,28
si:ch211-250c4.4,0.2550159949080518,0.23694161806162017,1.0,150,98
zgc:193505,,,1.0,190,15
sh2d4ba,,,1.0,6,29
si:dkey-221j11.3,,,1.0,26,29
pkd2l1,,,1.0,11,43
slc24a3,3.115593860831365,0.014907889850884204,1.0,151,1193
si:ch211-62a1.3,,,1.0,6,79
lrit1a,,,1.0,32,0
srd5a2b,,,1.0,21,3
wu:fj16a03,1.363992629726958,0.2126463187688511,1.0,195,104
angpt2a,,,1.0,11,15
ly6pge,0.007916616242737996,-0.16154073546259573,1.0,175,59
vox,,,1.0,86,0
CABZ01072077.1,,,1.0,162,51
CABZ01044281.1,,,1.0,67,15
CR762483.1,,,1.0,4,3
CABZ01092746.1,,,1.0,77,6
pde6a,,,1.0,68,66
glra1,0.42243624306656313,-0.18196450940614883,1.0,58,131
pdgfrl,,,1.0,64,27
fosl1a,0.16376354917358746,0.2409701654001838,1.0,434,182
spon2b,,,1.0,28,8
fat1b,,,1.0,36,65
tlx2,,,1.0,31,19
fat2,0.12756406764332578,-0.20724826794709883,1.0,93,77
gabra4,,,1.0,22,56
clic2,0.22322145096668944,0.6144219593287759,1.0,1701,473
arl3l2,,,1.0,54,6
p2rx3a,,,1.0,21,27
gria1a,0.8417058012383384,-0.3730657151679764,1.0,72,309
emx3,,,1.0,85,18
foxi3b,,,1.0,44,0
cd74a,0.1530341369524667,0.6780586472997845,1.0,279,89
lbx2,,,1.0,141,14
spon2a,,,1.0,29,59
anxa5a,,,1.0,44,192
lect2l,0.027617392983807422,0.868907727788383,1.0,957,114
dnd1,,,1.0,71,15
slc34a1a,,,1.0,17,17
insb,,,1.0,111,29
slc7a2,0.18581845888390222,-0.2548955325765252,1.0,302,249
cryba1l1,,,1.0,302,13
stard14,1.065704866489878,-0.5804574871792878,1.0,95,28
pitx2,,,1.0,51,5
rpl39,0.002247018973067618,0.04634286647713204,1.0,5424,570
rtn4rl2b,,,1.0,5,1
zgc:162144,,,1.0,100,41
nkx3-2,,,1.0,53,0
fgf24,0.6418981865299034,0.5703053052531188,1.0,118,99
gabra6a,,,1.0,50,58
fgfbp2a,,,1.0,14,3
gpm6aa,0.05190163712956362,-0.2614601720631966,1.0,675,242
qdpra,0.07024755401242307,0.07883762735259181,1.0,1076,95
smtnl1,0.14651075538546943,0.44163834920907674,1.0,507,98
gpx3,,,1.0,47,14
gria2b,,,1.0,22,29
stx3a,0.12632119148700788,-0.7058536497315131,1.0,151,431
cabp2b,,,1.0,44,117
tnmd,,,1.0,44,95
glrbb,,,1.0,40,57
atp1b4,0.036796352513068106,-0.06568079977952745,1.0,253,46
apln,0.44669928832587935,0.39770076015264366,1.0,242,108
si:ch73-22a13.3,,,1.0,0,69
lrit3a,,,1.0,30,22
npas4a,,,1.0,16,7
neurog1,,,1.0,110,0
stc2a,,,1.0,80,12
lygl1,0.05441808941636948,0.7716207318108645,1.0,1362,280
slc43a3b,0.34068827488112646,0.17399968527738563,1.0,205,254
si:ch73-233f7.1,,,1.0,22,9
cplx2,0.4209911841071021,-0.066241339779324,1.0,146,152
irg1l,,,1.0,1,1
rom1b,,,1.0,97,36
tdo2a,,,1.0,101,84
zic3,,,1.0,89,3
fhl1a,,,1.0,75,101
stard15,,,1.0,24,11
tgfbi,0.04564426365459689,-0.028121766058464948,1.0,700,186
phox2bb,,,1.0,84,1
hbegfa,0.03751388418332762,0.26393178407859597,1.0,870,75
zgc:174917,,,1.0,8,0
si:ch211-153b23.4,,,1.0,6,6
myoz3a,,,1.0,21,13
si:ch73-335m24.2,,,1.0,38,22
si:ch211-159i8.4,,,1.0,36,44
map1lc3cl,,,1.0,6,254
gabrb2a,,,1.0,16,430
flrt1b,,,1.0,34,54
cdx4,,,1.0,190,6
slc44a1b,0.13435580760011598,-0.7928318404298051,1.0,735,602
msnb,,,1.0,16,58
crybb1l1,,,1.0,208,8
cxcl14,,,1.0,234,27
bscl2l,,,1.0,8,10
tbx22,,,1.0,8,13
gfra3,0.5928128963149413,0.0617096323099241,1.0,61,60
il4,0.21454762719105677,0.6375469558225657,1.0,189,146
kazald2,,,1.0,80,9
tmsb2,,,1.0,344,8
si:dkeyp-44a8.4,0.4673326595864029,-0.061586518284433955,1.0,98,143
efemp2a,0.06659320390283704,-0.0533096676696474,1.0,259,57
fstl5,0.5399079315167062,-0.2915575733379019,1.0,139,358
arl13a,,,1.0,93,29
urp1,,,1.0,12,3
her5,,,1.0,31,2
arhgef9b,1.2185387268658265,0.25498672530915556,1.0,148,242
clcf1,,,1.0,8,6
CR786577.1,,,1.0,21,189
cnga2a,,,1.0,1,120
f8,0.3546374950107368,0.6098815321341855,1.0,217,125
CR812832.1,,,1.0,25,2
si:ch211-69b22.5,,,1.0,17,2
arr3b,0.029499591833393807,-0.028633363211858276,1.0,576,67
si:ch211-195b11.3,0.01529437583485635,-0.04462176602117851,1.0,710,40
si:dkey-203a12.9,,,1.0,51,9
sncb,0.041211311182048335,-0.14308693529243488,1.0,190,62
si:dkey-27i16.2,0.21037947080126057,0.6745658688211982,1.0,1627,722
gstp1,0.024712055225368058,0.3198558574336303,1.0,3114,268
pcdh11,2.5726431659389477,-0.22313667946777116,1.0,68,443
spink2.5,,,1.0,4,4
limch1b,1.1145614456497508,-0.33065830659120565,1.0,115,341
mmp17b,,,1.0,64,43
dhrs13l1,0.03239732297511634,-0.6156968359608155,1.0,498,204
si:dkey-77g12.4,,,1.0,4,3
si:ch1073-303k11.2,0.1816894197195169,0.219694028356196,1.0,152,39
si:ch211-153b23.5,,,1.0,301,9
csf1ra,1.4356251102521764,0.8152294109842897,1.0,1014,1017
cplx2-1,0.2599002858422101,-0.09776243715642097,1.0,213,225
trpc3,,,1.0,15,258
si:ch211-153b23.3,,,1.0,2,3
spink2.4,,,1.0,9,5
CT009487.2,,,1.0,14,2
si:dkey-35h6.1,,,1.0,4,3
si:dkey-203a12.7,,,1.0,7,5
nkx1.2lb,,,1.0,17,12
znf185,,,1.0,119,100
pdgfrb,0.38331622280999267,-0.12079881693781602,1.0,171,214
si:ch211-276i12.4,,,1.0,30,22
aipl2,,,1.0,47,181
gstp2,,,1.0,42,2
flt4,1.1756233626660801,0.3020646388484427,1.0,128,151
si:dkey-203a12.2,,,1.0,8,141
si:ch211-125c23.3,,,1.0,9,58
kdrl,0.7739442660814755,0.1081886186740606,1.0,78,72
im:7150988,,,1.0,267,20
si:dkey-203a12.4,,,1.0,6,6
spink2.3,,,1.0,6,3
fgl1,,,1.0,61,26
vimr2,,,1.0,32,47
si:ch211-113d11.6,,,1.0,2,1
slc7a11,3.9876392837001777,0.8609480632596646,1.0,298,590
LO018188.1,0.11573095472994208,-0.14315443168692,1.0,194,136
si:ch211-59p23.1,,,1.0,20,2
cdx1a,,,1.0,101,160
CABZ01073834.1,0.4182000260581039,0.48634074145488115,1.0,1682,1352
BX088707.3,0.4982634967366125,0.0801137212507177,1.0,72,91
phox2a,,,1.0,38,9
lhx1a,,,1.0,82,21
shox2,,,1.0,35,7
flj13639,0.0937246149953905,0.14197189765640772,1.0,128,48
ppm1na,0.14898637831785208,-0.13097133812191153,1.0,75,54
tnfb,0.04614895025241454,0.5154965083428629,1.0,770,190
mcamb,0.7143527359027643,0.9493855207248802,1.0,727,582
sst1.2,,,1.0,172,13
gria4a,,,1.0,26,2401
guca1c,0.11085576234658322,0.13665688558941225,1.0,313,49
hspa8b,,,1.0,56,8
chrd,,,1.0,51,33
sb:cb37,,,1.0,58,6
sytl2b,,,1.0,52,18
col4a3,,,1.0,27,54
lim2.3,,,1.0,26,13
sagb,0.26102951909918815,-0.21833162346606927,1.0,232,390
ckmb,8.325122404453357e-05,-0.1273086627996256,1.0,1233,42
sst1.1,,,1.0,90,0
meox2a,,,1.0,11,36
zgc:101731,,,1.0,11,56
or111-6,,,1.0,3,0
zgc:152857,,,1.0,8,0
bco2b,,,1.0,10,5
ca4b,,,1.0,20,9
adamts15b,,,1.0,15,23
zgc:77784,,,1.0,48,181
kcnj13,,,1.0,16,16
efhd1,0.0068801187509609785,-0.1806290895946041,1.0,183,63
itm2ca,0.012131163208042778,-0.4277809658573226,1.0,178,395
otx5,,,1.0,42,8
tagln,,,1.0,51,30
samsn1a,0.1897927331721831,0.29069370661455685,1.0,1344,546
hmbsb,1.383010092636961,0.8238873028824965,1.0,1870,1317
c1qtnf5,,,1.0,35,27
CABZ01067232.1,,,1.0,1,8
aldoca,,,1.0,20,17
otol1b,,,1.0,14,11
clcn2c,,,1.0,19,31
nphs1,,,1.0,16,445
slc47a4,,,1.0,6,28
myo1cb,1.0686200528721683,-0.3049407453692141,1.0,610,896
igsf9ba,0.2448853301984875,-0.29903239147333704,1.0,127,332
abcg1,,,1.0,54,124
dscamb,4.052223488477669,-0.03712555937182338,1.0,81,640
ctrl,,,1.0,630,24
lgals9l1,0.08611448914558831,0.8494773523663051,1.0,1098,320
crybb1l3,,,1.0,6,6
zgc:162608,,,1.0,97,3
spint2,0.02067807117761424,-0.05695803320024906,1.0,220,30
proca1,,,1.0,110,5
rbp2a,,,1.0,403,20
ywhag2,0.03353043893266777,-0.048311333837683934,1.0,462,28
her13,,,1.0,111,0
or112-1,,,1.0,8,0
si:ch211-229d2.5,,,1.0,5,1
SAMD4B,0.1631870866361108,-1.8003387548600478,1.0,256,650
si:dkey-262k9.4,1.2455764923035202,0.7787371278350393,1.0,1944,1474
tyr,,,1.0,16,24
ppp1r14ab,0.088540806403547,-0.1416985865770919,1.0,137,71
cbln20,,,1.0,7,0
camkk1b,0.430978352269365,-0.00038257724251167247,1.0,82,76
trarg1a,,,1.0,20,22
si:dkey-4p15.5,,,1.0,12,2
cbln18,,,1.0,3,23
si:ch1073-340i21.3,,,1.0,102,54
rskra,,,1.0,38,67
npas1,0.8371087498812348,0.06002133857160841,1.0,79,107
kcne4,,,1.0,5,2
or116-2,,,1.0,5,0
mrap,,,1.0,16,28
serpinf2b,,,1.0,106,61
hepacama,,,1.0,25,31
si:ch1073-429i10.1,0.014815467888216593,0.7684583084290016,1.0,455,31
CLSTN2,,,1.0,15,295
si:dkey-1m11.6,,,1.0,8,1
si:ch73-281n10.2,0.0018080200513939666,-0.353013895929972,1.0,4082,268
BX000438.2,,,1.0,84,0
si:ch1073-190k2.1,,,1.0,589,3
si:dkey-262k9.2,1.1071070420807414,0.7492263260060287,1.0,621,508
wu:fb18f06,,,1.0,194,9
si:dkey-103g5.3,,,1.0,0,1
si:dkey-202g17.3,,,1.0,0,9
col4a4,,,1.0,24,42
si:ch73-380l3.2-1,,,1.0,160,9
gmnc,,,1.0,6,3
grik1b,,,1.0,10,116
si:ch211-207n23.2,,,1.0,20,5
arhgef28b,,,1.0,2,13
BX000438.1,,,1.0,26,23
si:dkey-96g2.1,,,1.0,5,1
si:dkey-105h12.2,,,1.0,65,2
si:dkey-40g16.6,,,1.0,2,8
tmprss5,,,1.0,0,3
si:dkey-35i13.1,,,1.0,20,0
igsf10,,,1.0,10,14
clca1-1,,,1.0,5,6
itgae.1,0.2630713061645339,0.8729356182218143,1.0,1191,730
si:ch211-235m3.10,,,1.0,33,15
ostn,,,1.0,1,13
CR450848.1,,,1.0,11,0
lypc,,,1.0,52,47
cldn15lb,,,1.0,89,49
aplp1,0.8156915360805224,-0.2511922653687477,1.0,200,500
postnb,0.04900732670919865,0.07938949105113113,1.0,598,71
dclk1b,0.4681738075103422,-0.30625113622747335,1.0,97,165
scn4ba,,,1.0,20,29
mag,,,1.0,23,54
si:dkey-202l22.6,,,1.0,35,3
folr,,,1.0,31,6
fxyd6,,,1.0,17,57
tmprss13a,,,1.0,10,48
si:ch211-11n16.3,0.3892528172111276,0.9688428444659108,1.0,231,116
etv1,,,1.0,94,63
gap43,,,1.0,262,17
ctsc,0.06155322570407613,0.8220320914757839,1.0,1662,346
vwde,,,1.0,203,11
apoa1b,,,1.0,2521,6
si:dkey-36i7.3,,,1.0,101,12
foxo1a,2.9416891561007166,0.42329942811674304,1.0,769,1487
slc5a2,,,1.0,36,163
FO904901.1,0.2009130088258311,-0.06476715961051327,1.0,74,64
CABZ01067657.1,,,1.0,58,66
CR848749.2,,,1.0,193,11
icn,0.5748505748553587,0.8720386081552898,1.0,2452,670
hoxa11b,,,1.0,91,3
itga10,,,1.0,78,154
ctsk,0.03159475593667293,0.5015184402238091,1.0,1010,116
gnb3a,0.10375716751067965,-0.03553225034278196,1.0,91,50
fabp11b,,,1.0,31,0
plecb,0.3249546520183865,-0.08240241033324947,1.0,1337,1019
ggctb,,,1.0,281,37
tnxba,,,1.0,11,18
efna1b,0.2225714002475053,0.08535625880452569,1.0,197,98
tg,0.09339687157098778,-0.21171819643634304,1.0,100,235
tbx20,,,1.0,41,34
prdm1a,0.4455580830357305,0.4323908824207737,1.0,644,521
rcvrn2,,,1.0,441,16
ntrk1,,,1.0,8,26
rbfox1l,0.34151709366483585,-7.724961947874753e-05,1.0,371,170
ddc,,,1.0,22,42
IGLON5,1.7621175875582362,-0.6365181765086578,1.0,61,727
ctss2.2,0.046178031046666,0.7996067555881764,1.0,1277,263
s100a10b,0.06610388020964127,0.36633130807225756,1.0,1453,84
sult2st3,,,1.0,67,49
epb41b,0.09187759609420386,0.24754830553469598,1.0,2402,1780
stmn1b,0.2266687250708841,0.00739449148880722,1.0,145,33
pnp4b,0.03989182299665496,-0.13292145257677768,1.0,164,67
cdh17,0.203673359087931,-0.08408884887481438,1.0,96,35
etv2,,,1.0,283,17
hjv,,,1.0,98,19
acbd7,,,1.0,193,18
gem,,,1.0,41,4
pou2f2a,0.19736783771592709,-0.06243661978371118,1.0,257,283
ndrg1b,,,1.0,60,11
irx4a,,,1.0,12,0
hoxa13b,,,1.0,17,0
oprd1b,,,1.0,8,18
tubb5,0.001087370072840798,-0.05951700476181587,1.0,843,30
osr2,,,1.0,41,5
fabp10a,0.008377011923858379,-0.04084710006346115,1.0,1790,105
thbs3a,0.19466682110005842,-0.34867489512521366,1.0,65,132
gapdhs,0.06274517750605464,0.04140210556737289,1.0,3501,1198
rspo3,,,1.0,56,70
scn1ba,,,1.0,50,80
si:dkey-23o4.6,,,1.0,27,11
zfpm2a,2.0503067880142956,-0.41807538703039304,1.0,129,695
wnt4b,0.042987244209722546,-0.14016606661798559,1.0,55,67
scrt1b,,,1.0,7,0
rhbg,,,1.0,134,11
zgc:92590,,,1.0,44,6
apoa2,0.02491034630083017,0.17441625631556745,1.0,2490,103
zgc:162509,,,1.0,53,6
ntd5,0.24381032921565252,0.23557620927190082,1.0,182,50
ceacam1,,,1.0,81,42
afp4,,,1.0,453,13
cyp11c1,,,1.0,17,32
gapdh,0.07549352948494963,0.8575519882542418,1.0,2100,199
id4,,,1.0,291,33
zgc:172323,,,1.0,16,23
pklr,,,1.0,389,11
prss1,,,1.0,1946,27
s100t,,,1.0,220,2
si:ch73-86n18.1,0.09040120132839838,0.5173328264755871,1.0,372,43
hdac9b,1.4602257008503599,0.5556560603042515,1.0,776,804
slc6a19b,,,1.0,20,29
zgc:173729,,,1.0,12,1
scgn,0.13339533287699762,0.6168383807430886,1.0,460,79
sv2a,0.011433706231691992,-0.3530271766225326,1.0,160,124
sybu,,,1.0,37,90
zgc:113232,0.8762862131595868,-0.09968465938719051,1.0,136,363
ca14,,,1.0,7,5
syngap1b,,,1.0,14,212
s100v1,,,1.0,167,4
stmn2a,3.0070972580351536,0.17767341319702168,1.0,232,555
cd4-1,,,1.0,35,43
plin6,,,1.0,57,237
kcnj14,,,1.0,18,12
gra,,,1.0,350,26
rspo2,,,1.0,52,275
sall3a,0.06594757840937723,0.5220289123177717,1.0,205,56
LO017815.1,0.011879378641524647,-0.09619576866792179,1.0,108,36
col6a4a,0.5792574247760205,0.08395290242592557,1.0,97,198
clstn3,0.2583994702045965,-0.46832505538563507,1.0,78,216
ctss2.1,0.09171218026976184,0.4141284049175227,1.0,1723,554
zgc:174888,,,1.0,93,14
dpys,,,1.0,38,36
zgc:174938,,,1.0,136,14
si:dkey-71b5.7,,,1.0,26,135
nes,,,1.0,360,15
pbxip1b,0.16429670584341655,0.19451505300085015,1.0,1117,236
ptpn6,0.35037195997979304,0.6338584345837928,1.0,2282,1049
trpv6,,,1.0,43,23
entpd3,0.2751510216088787,0.28687753012776307,1.0,69,33
she,,,1.0,126,24
AL954327.1,,,1.0,6,1
negaly6,,,1.0,0,18
tmem176l.2,,,1.0,13,3
apoc1,0.04935138352941275,0.7817847882283071,1.0,1106,198
afp4-1,,,1.0,770,7
cacng7b,,,1.0,12,31
si:ch211-198c19.3,0.38490527195970475,0.4363500874344618,1.0,154,160
zgc:194210,,,1.0,8,55
cadm4,5.637087279453071,-0.16460965936306793,1.0,178,1020
ccka,,,1.0,48,3
CR855311.1,0.012345050874268263,0.24407969705466293,1.0,761,66
si:dkeyp-86h10.3,,,1.0,22,38
tmem176l.4,,,1.0,108,18
cnfn,,,1.0,39,48
lmna,,,1.0,86,39
prdm13,,,1.0,43,5
cd83,0.2711093210240006,0.7760059384075261,1.0,900,413
c4b,,,1.0,54,57
zgc:158701,,,1.0,4,0
abcb5,0.07281015005103826,-0.025705126106067455,1.0,278,54
apoc2,,,1.0,342,24
steap4,,,1.0,40,10
icn2,0.11138106801888771,0.12783865284720186,1.0,514,64
calb1,,,1.0,26,120
erfl1,,,1.0,16,63
mfap5,,,1.0,22,50
si:ch211-113g11.6,,,1.0,31,288
abcb4,0.4611116219911809,0.30685457064572974,1.0,83,60
lim2.5,,,1.0,12,7
serpinb1l4,,,1.0,10,7
prss59.1,0.015649490957783514,-0.0935230722460485,1.0,1238,100
si:dkey-87o1.2,,,1.0,216,10
mbpb,0.007036889359829241,-0.8339713858785314,1.0,298,392
rorc,17.23189345488102,0.9084428800735989,1.0,145,597
prss59.2,0.047494854368846616,0.28501584588726625,1.0,1596,129
CR848047.1,1.0653519194463423,0.1548995272387823,1.0,139,183
cyp21a2,,,1.0,3,6
si:dkey-56f14.7,0.3112073917187335,0.651597807389149,1.0,638,274
si:dkey-7j14.5,,,1.0,20,32
zgc:92912,,,1.0,6,15
si:rp71-77l1.1,,,1.0,143,5
zgc:114181,,,1.0,87,50
ncam3,,,1.0,49,54
notchl,,,1.0,23,54
CU861453.1,0.7490018734005089,-0.008078000161942267,1.0,353,723
hmgn2,0.0020428838939645483,-0.260101454239533,1.0,4822,493
si:dkey-247k7.2,,,1.0,69,4
fxyd1,0.007779923430773378,-0.2661639543157084,1.0,658,320
sox4b,,,1.0,871,0
s100w,,,1.0,105,1
rspo1,,,1.0,37,67
satb1b,3.65905810152568,0.8444838158244486,1.0,169,402
CABZ01068499.1,,,1.0,76,21
atp1a3b,0.38002219838877127,0.06797342253844219,1.0,160,119
bcan,,,1.0,15,19
il6r,0.3394944877976268,0.8566760227072845,1.0,939,621
si:dkey-33i11.4,,,1.0,196,13
rims2a,,,1.0,90,134
si:dkey-33i11.9,0.12221065269629476,0.4971205760204712,1.0,704,142
opn9,,,1.0,4,43
FP016247.2,,,1.0,1,0
hamp,,,1.0,37,6
COLEC10,,,1.0,17,18
rbp5,0.01550660168288036,-0.3719608241214565,1.0,728,213
prss35,,,1.0,123,2
si:dkeyp-97a10.2,,,1.0,106,46
CR361564.1,,,1.0,15,3
BX005256.1,,,1.0,8,0
GRIK2,,,1.0,20,353
c16h2orf66,,,1.0,2,35
coch,,,1.0,54,17
NPC2,,,1.0,357,8
otx2b,,,1.0,160,18
esrrga,,,1.0,44,177
fhl5,,,1.0,1,1
foxa2,,,1.0,57,3
nkx2.1,,,1.0,7,0
ctsl.1,0.0875009339074175,0.9217295849819804,1.0,994,476
LO018422.1,,,1.0,4,13
slc16a9a,0.37199992515659375,0.6258946361962943,1.0,239,116
kidins220a,0.20055162530929502,-0.5020207440637048,1.0,301,1169
zgc:92137,,,1.0,183,3
colec11,,,1.0,28,9
fabp7a,,,1.0,1884,22
vsx2,,,1.0,89,42
pnoca,,,1.0,11,38
vsnl1b,,,1.0,42,172
vax1,,,1.0,52,6
slc22a7b.1,,,1.0,26,1
sptb,0.09037993280062305,0.01449562904409396,1.0,2381,1495
otofb,,,1.0,18,49
malb,,,1.0,227,17
htra1a,,,1.0,34,31
zgc:113142,,,1.0,4,4
fgfbp3,,,1.0,420,32
cga,,,1.0,6,15
si:ch211-173a9.6,,,1.0,2,3
apoba,,,1.0,150,6
pomca,,,1.0,46,2
crip3,0.020763659399215373,-0.1539534889445353,1.0,124,37
nrxn3a,4.121882031930933,-0.09146543525038053,1.0,117,918
stmn4l,,,1.0,39,15
nkl.4,,,1.0,24,36
lft2,,,1.0,9,34
actc1b,0.0008066371288509744,-0.0531784707926255,1.0,3307,44
gabrr2a,,,1.0,44,117
bmp4,,,1.0,118,33
ngb,,,1.0,4,2
entpd5a,,,1.0,9,2
crip1,0.20720240007182672,0.843177362261097,1.0,2914,935
ehd4,0.2274100845018424,0.17668880207794324,1.0,1558,649
kcnk2a,,,1.0,12,14
prox1a,1.022349337275811,0.0632467410748887,1.0,174,274
xdh,,,1.0,39,31
cyp26c1,,,1.0,45,29
gnrh3,,,1.0,9,21
vsx1,,,1.0,135,5
slc22a7b.3,,,1.0,4,3
si:ch211-125o16.4,,,1.0,87,39
si:ch211-266g18.10,0.09040257819875284,-0.1529227497260215,1.0,130,58
snap25b,0.4646692614868966,-0.11431649847119796,1.0,230,349
nkx2.2a,,,1.0,60,2
nkl.1,,,1.0,32,10
gsc,,,1.0,69,5
pabpc4,0.07462742279550334,-0.43365863330272814,1.0,1267,78
hhipl2,,,1.0,8,13
bcl11ba,2.5633744321477283,0.7442348815486584,1.0,224,445
col10a1a,,,1.0,14,0
syne1b,0.7606435684459802,0.43766839002134206,1.0,736,877
lpin1,0.31748061743240313,0.6180850486870118,1.0,544,236
hmx3a,,,1.0,24,0
p4ha1b,0.13667799316891505,0.2763883213532705,1.0,528,62
nkx2.4a,,,1.0,24,0
sorcs3b,,,1.0,7,49
txlnbb,0.08933746273868638,-0.03092454081290441,1.0,290,59
PLCB2,,,1.0,11,55
nkl.3,,,1.0,7,13
slc22a7b.2,,,1.0,10,2
adgrf3a,,,1.0,1,4
papss2a,1.2162868086509409,-0.14601870450030296,1.0,94,177
ezra,0.10866712905924758,0.2385063628176992,1.0,1139,175
smoc1,,,1.0,25,93
plekhd1,,,1.0,7,81
ebf3b,,,1.0,29,15
si:ch211-173a9.6-1,,,1.0,4,2
hmx2,,,1.0,10,1
fabp10b,0.19062236624369086,0.11725348901160093,1.0,221,58
si:dkeyp-110a12.4,,,1.0,42,86
gpx2,,,1.0,4,5
si:ch211-214p16.2,,,1.0,636,3
actn2b,,,1.0,40,52
si:ch211-214p16.1,0.00797877303346512,0.47686866637527126,1.0,910,104
slc24a4a,2.344711489543732,0.43794708397994175,1.0,80,312
dio2,,,1.0,9,2
tagapa,0.11923643155097653,0.5404557319778825,1.0,499,166
ryr2b,,,1.0,28,55
alk,,,1.0,7,106
hao1,,,1.0,87,40
si:ch73-306e8.2,,,1.0,7,14
rp1l1a,,,1.0,110,132
ndnfl,,,1.0,24,16
si:ch73-204p21.2,0.3442674568524729,-0.10333480884277368,1.0,82,51
cx52.7,,,1.0,16,4
si:ch73-288o11.5,,,1.0,63,6
col12a1a,0.7199408011466419,-0.1691128957893142,1.0,507,769
fmn2a,0.27720634525813154,-0.07132369050321197,1.0,65,80
arhgef33,,,1.0,21,48
si:dkey-248g15.3,,,1.0,675,3
ankrd6a,,,1.0,10,13
akap12a,0.20621501196498124,0.5842527690047965,1.0,112,56
CR388164.2,,,1.0,47,8
alkal2b,,,1.0,6,1
si:ch211-270g19.5,,,1.0,31,2
CR936482.1,,,1.0,25,3
foxa1,,,1.0,92,8
mdh1ab,,,1.0,410,33
capn3a,,,1.0,35,137
kcnk17,,,1.0,6,9
C17H14orf132,,,1.0,5,23
NPAS3,2.911793381661854,-0.5919063987156592,1.0,90,1391
esrrb,,,1.0,28,219
CABZ01058452.1,,,1.0,8,15
CR388164.3,,,1.0,18,1
loxl1,0.05986918406802836,0.07354510476029064,1.0,83,30
onecut1,,,1.0,101,51
slc12a3,,,1.0,18,13
foxf1,,,1.0,18,4
blvrb,0.04688057252517612,0.623693917550496,1.0,2831,893
spon1a,,,1.0,13,483
olfcu1,,,1.0,0,1
cpne2,,,1.0,44,29
ttc36,,,1.0,150,17
slc24a5,,,1.0,17,50
ryr1b,0.7287393874068655,-0.2955665516988797,1.0,184,404
cd81b,,,1.0,11,11
cetp,,,1.0,56,78
gatm,,,1.0,485,23
sema3e,,,1.0,53,91
scamp5b,,,1.0,45,31
kcnj1a.1,,,1.0,8,29
kcnj1a.6,,,1.0,10,7
ehd2b,0.28578905381123243,0.1489161251091029,1.0,74,29
olfcx1,,,1.0,0,53
olfcd3,,,1.0,2,0
calb2a,,,1.0,82,11
cftr,,,1.0,7,27
wnt2,,,1.0,37,62
mt2,,,1.0,858,19
si:ch211-245j22.3,,,1.0,7,15
tnni1c,,,1.0,129,15
nptnb,0.031230292163232382,-0.3744184829588473,1.0,108,125
zgc:110789,,,1.0,15,39
FO681288.1,,,1.0,36,14
depdc7a,,,1.0,130,133
gnb5b,0.1847828437145986,0.016059291020247057,1.0,125,53
tph2,,,1.0,66,89
nts,,,1.0,1,0
gldn,,,1.0,17,56
skor1b,,,1.0,26,12
otogl,,,1.0,11,113
ptx3a,,,1.0,37,10
capn12,0.2621798350304116,-0.1318312271963178,1.0,62,63
olfcq1,,,1.0,2,0
zgc:153031,,,1.0,50,49
admb,,,1.0,48,4
ces2a,,,1.0,323,13
slc38a8a,,,1.0,2,20
sema3d,0.8147682493540661,0.052695090357532726,1.0,68,152
si:dkey-88e18.2,,,1.0,0,20
syt1b,,,1.0,0,1
tat,0.18387340748333925,0.018737452265258248,1.0,280,125
luzp2,2.572780728678048,-0.9914965980765174,1.0,60,837
si:dkey-238o13.4,,,1.0,65,64
vwf,,,1.0,17,53
cplx3b,,,1.0,10,16
scg3,0.6346094227281682,0.06613815118161182,1.0,318,194
tnfaip8l3,1.8361594391673162,0.11361371554986721,1.0,91,159
vmn2r1,,,1.0,1,23
smtla,,,1.0,0,11
RGS9BP,,,1.0,19,4
si:ch211-264e16.1,,,1.0,9,1
CR318588.1,,,1.0,83,2
lyve1b,,,1.0,26,1
prx,,,1.0,165,28
lmo2,0.051486672506663625,0.35256605723602596,1.0,2433,704
olfcq12,,,1.0,1,0
BX908736.1,,,1.0,0,4
CR318588.3,,,1.0,348,14
si:ch211-219a15.4,,,1.0,2,2
BX663503.1,0.03979020623918144,-0.044002103391348024,1.0,112,32
necab2,,,1.0,45,546
kcnj1a.2,,,1.0,28,44
cbln1,,,1.0,26,3
si:ch211-195m9.3,,,1.0,13,53
shank2a,,,1.0,24,31
pclob,0.12131931789785835,-0.10826117597086027,1.0,305,142
BX663503.3,0.10060815735188532,-0.38173452316090817,1.0,77,159
chrna3,,,1.0,3,0
pkma,0.3708199180780001,0.2924072112003463,1.0,2640,1735
cyp1a,0.6669387719238055,0.4509286850256521,1.0,152,54
uraha,,,1.0,316,43
olfcs2,,,1.0,4,6
bmp16,,,1.0,61,11
ompa,,,1.0,28,6
lctlb,,,1.0,20,62
endouc,,,1.0,242,8
rpp25b,,,1.0,2,2
CR925719.2,,,1.0,2,4
krt91,,,1.0,1398,12
cyt1,,,1.0,2250,9
gnb3b,0.06880356105677915,0.18326523366071057,1.0,452,49
eomesa,0.17805454121443193,0.6429432432781195,1.0,158,43
krt1-19d,0.046333021197137246,0.04442793107032672,1.0,104,29
si:ch211-195b13.1,0.034095719851455625,-0.10250061684617662,1.0,480,105
sp8a,,,1.0,133,7
pou2f2a-1,1.7892194140630644,0.6952135761666849,1.0,313,332
ncaldb,0.6234770046798285,0.4492322199029667,1.0,790,567
zgc:91968,,,1.0,45,17
thrb,0.30818506324261363,-0.8767548145292015,1.0,246,803
fabp11a,0.008952127789926488,0.456238244978006,1.0,1419,67
slc6a19a.1,,,1.0,20,20
tfap2e,,,1.0,69,50
krt92,,,1.0,604,25
rplp1,0.0041093397873195985,0.13385249896868434,1.0,5426,948
necab1,,,1.0,17,283
col9a2,0.2608062751391173,0.3349375775369037,1.0,233,83
eno2,,,1.0,56,36
cndp2,0.11926045549690957,0.7185535755067636,1.0,1978,485
nxph1,,,1.0,28,130
twist1a,,,1.0,238,5
ndrg1a,0.372402235409872,0.45562599163904827,1.0,1021,362
vamp1,0.0025806549994011494,-0.46707822172429725,1.0,240,241
matn1,,,1.0,44,132
PKHD1L1,,,1.0,2,78
arpp21,0.15739076661009926,0.21857942027363875,1.0,336,180
gngt1,,,1.0,322,7
grn2,,,1.0,142,3
grn1,0.028527128180637552,0.25815932893792715,1.0,391,30
laptm4b,0.09087281825214828,-0.01537680659611862,1.0,331,87
rida,0.06334906766647781,-0.4273245998328279,1.0,1212,562
mbpa,,,1.0,154,20
dazl,,,1.0,42,25
npy,,,1.0,13,3
s100a10a,,,1.0,138,147
krtt1c19e,,,1.0,608,9
stm,,,1.0,230,19
irx1b,,,1.0,26,0
zgc:64022,,,1.0,37,6
il11b,,,1.0,64,23
stx1b,0.2009099047807027,-0.03766183446770466,1.0,324,192
zgc:174904,0.024602787067149856,0.574606421361292,1.0,773,67
gpnmb,0.05665334566645835,0.029998870283884593,1.0,63,36
sall3b,,,1.0,162,19
ppp1r1b,0.14365553378814086,-0.30294926921149434,1.0,129,111
dlx6a,,,1.0,25,37
bmp8a,,,1.0,41,90
agr2,,,1.0,367,14
hpcal4,,,1.0,58,38
edn2,,,1.0,8,4
lim2.4,,,1.0,204,39
si:ch211-288g17.4,,,1.0,23,11
si:ch211-81a5.8,,,1.0,56,33
mllt11,,,1.0,138,9
col11a2,0.1913116594363483,0.18731909430891625,1.0,102,34
atp1a3a,0.5701623809177182,0.5029113021905189,1.0,634,379
krt17,,,1.0,650,5
cyt1l,,,1.0,1508,4
edn1,,,1.0,53,6
col28a1a,,,1.0,13,21
dlx5a,,,1.0,168,3
actc1a,,,1.0,115,10
si:ch211-80h18.1,0.15130035267268724,0.18039356963309594,1.0,68,62
susd5,,,1.0,5,32
rcvrn3,0.280245256589037,0.32422898649438436,1.0,390,82
pkhd1l1,,,1.0,13,44
si:ch211-232m10.6,,,1.0,34,47
s100s,,,1.0,84,11
cthrc1a,,,1.0,109,22
bzw2,0.1898111252042253,0.5498045922714625,1.0,335,182
si:ch211-133n4.6,,,1.0,55,3
col8a2,1.6558614119419737,0.16666100307570464,1.0,80,204
si:ch211-250g4.3,0.03086577071997453,0.853363470347,1.0,1736,574
s100a11,,,1.0,207,5
adgrb1b,,,1.0,17,4
ppp1r18,0.12453156138204634,0.20707759860152686,1.0,1275,205
si:ch1073-70f20.1,,,1.0,7,16
col1a2,0.013444196221380437,0.3022507526069035,1.0,963,46
scxa,,,1.0,9,29
sostdc1b,,,1.0,41,0
tac1,,,1.0,41,17
stmn2b,,,1.0,139,28
xkr8.2,0.02337507382660127,-0.09932748455445228,1.0,75,33
eppk1,,,1.0,329,12
urgcp,,,1.0,5,2
cd164l2,,,1.0,0,5
apoa4a,,,1.0,54,11
zfpm2b,2.3589666228266006,0.8478793750408968,1.0,197,243
si:ch211-153f2.7,,,1.0,49,56
rbm24a,0.7179241818575074,0.6743346975872644,1.0,1631,1050
tnfrsf11b,,,1.0,81,8
si:ch73-359m17.9,,,1.0,32,3
si:ch73-359m17.7,,,1.0,18,2
zgc:123103,,,1.0,556,1
scrt1a,,,1.0,67,0
tbxta,,,1.0,71,10
prdm1b,0.5328380860842212,0.08325464805551541,1.0,152,148
ccn2b,,,1.0,18,1
slc6a18,,,1.0,21,26
si:dkeyp-92c9.4,,,1.0,4,17
laptm5,0.1121478443411147,0.46437341576943003,1.0,2600,554
si:ch73-359m17.5,,,1.0,294,6
si:ch73-347e22.8,,,1.0,73,18
nme2b.2,0.00602911615626076,0.02345338640126049,1.0,1276,28
si:ch73-359m17.2,0.013156368992037,0.5651707273138441,1.0,226,28
apoea,,,1.0,134,28
spaca4l,,,1.0,621,16
amy2a,0.0841875272992727,0.007262048630792051,1.0,369,41
tfa,1.185807820124308,0.629709267049548,1.0,965,486
rpe65a,,,1.0,83,18
bfsp2,,,1.0,9,17
ptgs2a,,,1.0,51,26
cldn11a,,,1.0,62,6
cahz,0.08266585600896087,0.5496729979689168,1.0,2486,1361
cdh6,0.4678222308560616,0.8292567029050658,1.0,373,199
agxtb,0.054216165054754316,-0.08470548800644395,1.0,490,164
sst2,,,1.0,167,1
gfi1aa,0.785480720747568,0.9191938390423388,1.0,291,298
tnr,0.5634831435103199,-0.4505754566487359,1.0,82,336
rgs5b,0.1443586689245889,0.5753670854212141,1.0,397,145
dmbx1a,,,1.0,63,26
nmur1b,,,1.0,1,61
neurod6b,,,1.0,28,29
anxa13l,0.38056398170810474,0.44261104535587537,1.0,710,228
lhx8a,,,1.0,9,8
clul1,0.3776924726911048,0.2190708384729093,1.0,427,248
f3b,0.3406340566998918,0.4024056562195021,1.0,250,178
cldn15la,,,1.0,59,9
foxf2a,,,1.0,57,0
tnn,0.14224805195953336,-0.1848563075755616,1.0,211,206
aqp1a.1,0.15930083737180142,0.6327053676161754,1.0,1984,798
adcyap1b,,,1.0,76,4
pcp4l1,,,1.0,81,42
camk2n1a,,,1.0,404,23
admp,,,1.0,17,10
itgb1b.2,,,1.0,84,69
slc4a2a,0.6089781041915345,-0.025227958942349415,1.0,132,205
xirp1,0.033355058004369255,-0.09160031082509734,1.0,155,30
inhbab,,,1.0,12,36
rbp2b,,,1.0,296,0
col11a1b,0.2580192874109238,-0.011038679799467932,1.0,195,305
si:rp71-39b20.4,,,1.0,45,11
mpz,0.10954422546991564,0.41279441737328315,1.0,70,96
igfbp1b,,,1.0,186,25
rbp1.2,,,1.0,6,11
klf17,0.02505010568290874,0.664201433087926,1.0,1387,149
mrc1b,0.025256372830048248,0.6804742389327696,1.0,1123,165
rgs20,0.6103543686883754,0.1095132410729811,1.0,196,139
shhb,,,1.0,17,3
en2b,,,1.0,195,9
cldn1,,,1.0,284,3
klf2b,0.13100867029191074,-0.0750882012701315,1.0,438,62
myl13,,,1.0,962,21
basp1,,,1.0,122,41
astn1,0.9453645623295336,-0.49542616344812807,1.0,94,1016
slc6a9,0.8156731180677808,-0.5817602946137608,1.0,1746,2063
ccr9a,0.008868048469704607,0.5564796468862372,1.0,1705,73
ifi30,0.035387970606843816,0.2040467942789569,1.0,1290,184
scinlb,0.475599088527627,0.8670445862615389,1.0,1360,981
plvapa,,,1.0,5,3
prdx1,0.15348390597290743,0.277666786954211,1.0,2134,521
dab1b,,,1.0,21,74
zgc:136930,,,1.0,199,26
si:ch211-106n13.3,,,1.0,48,103
apoda.1,,,1.0,16,0
samd7,,,1.0,57,42
clstn2,1.5727693354599246,-0.7045018930355094,1.0,59,583
col15a1b,0.1982966982563388,-0.17283054956012878,1.0,112,128
neto1,,,1.0,18,9
nmrk2,,,1.0,52,7
tpm4b,0.19879349886941028,0.007355932847365021,1.0,198,56
viml,,,1.0,11,15
oc90,,,1.0,88,45
foxl2b,,,1.0,12,1
myh7,,,1.0,44,9
map4l,0.3531428277451511,-0.009196255348330018,1.0,181,139
dpydb,0.6734381923094163,-0.5401476340600049,1.0,169,393
grk7a,,,1.0,294,12
myo7bb,,,1.0,59,71
tmem125b,,,1.0,21,10
pappa2,0.007850611331685778,-0.2752746718875241,1.0,366,268
scg2b,,,1.0,43,4
kcnab1b,0.5113083860107519,-0.08668040614166084,1.0,371,158
gpr158b,,,1.0,14,205
ccl34a.4,0.007410347883387958,0.5336925950594495,1.0,821,120
fndc7a,,,1.0,7,20
and2,,,1.0,327,1
selenop2,,,1.0,89,6
cx47.1,,,1.0,3,38
myh7l,,,1.0,43,6
cplx4c,,,1.0,30,70
si:ch73-14h1.2,,,1.0,32,13
rbp1.1,,,1.0,32,8
otomp,,,1.0,34,169
CR855337.1,0.1911006646325025,0.4865718514735691,1.0,1184,410
BX323559.5,,,1.0,2,17
myom1a,,,1.0,219,27
apom,,,1.0,196,16
rgs13,0.16159114727264234,0.5410797017493764,1.0,1847,946
apoda.2,,,1.0,1327,20
otol1a,,,1.0,7,68
si:ch211-106h4.12,,,1.0,48,9
best4,,,1.0,10,25
snorc,,,1.0,22,23
si:dkey-57k2.6,,,1.0,6,42
AL845362.1,,,1.0,22,16
penka,,,1.0,49,8
pi15b,,,1.0,1,0
si:dkey-97a13.12,,,1.0,59,16
si:ch211-13f8.1,,,1.0,35,47
hbl2,,,1.0,7,0
si:ch211-14a17.10,0.06766722943557178,0.8640301644417487,1.0,217,70
si:ch211-284d12.3,,,1.0,1,0
slc35g2a,,,1.0,17,8
saga,,,1.0,154,26
rgs1,,,1.0,1,5
loxl5b,,,1.0,17,45
si:ch211-77g15.32,,,1.0,11,3
map6d1,,,1.0,40,105
pdca,,,1.0,50,18
si:dkeyp-106c3.1,,,1.0,29,308
BX908750.1,0.2821873938691081,-0.14608347976138858,1.0,403,789
si:ch211-165b10.3,,,1.0,2,7
MYADM,,,1.0,47,9
si:ch211-153l6.6,,,1.0,22,13
CU693494.2,,,1.0,286,4
vav3b-1,,,1.0,27,157
adcyap1r1a,,,1.0,33,49
si:ch211-9d9.1,1.8424964568447983,0.8913665568462917,1.0,456,514
capsla,,,1.0,12,1
glula,0.00876615639217986,0.26512550279192015,1.0,1285,100
ptmab,0.01482199738853819,0.45813620717358783,1.0,4935,701
crygn1,,,1.0,18,57
tfr1a,0.739023187359284,0.5918616066872122,1.0,1906,1571
pbx1a,0.8736902041244222,-0.09475944940973258,1.0,640,883
ccl20a.3,,,1.0,99,25
fcer1gl,0.008603851695526219,0.49424795814728595,1.0,2136,207
kncn,,,1.0,7,0
BX908782.2,0.023821084597196264,0.49679997874695836,1.0,345,46
PIEZO2,,,1.0,39,482
CABZ01021592.1,,,1.0,528,3
ccl25a,,,1.0,13,1
FP236331.1,0.07637818709373374,0.890247616513066,1.0,137,85
asip2b,,,1.0,75,10
ly97.3,,,1.0,91,11
CABZ01056052.1,,,1.0,0,8
scara3,,,1.0,17,7
hsp90aa1.1,0.03101409441991004,-0.5297713458419742,1.0,993,218
dusp23a,,,1.0,214,61
snap25a,0.023364508381402804,-0.2969681133781692,1.0,199,98
pdcb,,,1.0,159,8
otofa,,,1.0,35,131
rhag,0.41925381262002354,0.18862882383635005,1.0,2063,1483
ptgs2b,,,1.0,220,22
nfkbiaa,0.11470464707165123,0.796167561191479,1.0,1455,489
fndc1,,,1.0,36,116
uts1,,,1.0,10,2
chga,,,1.0,44,27
thbs1b,0.31364252547761823,0.4954859459298928,1.0,213,48
lft1,,,1.0,11,5
angptl1a,,,1.0,47,68
atf3,0.05770034291574297,0.13110847522461178,1.0,1793,443
ehd3,0.25306821605247065,-0.1928398854874338,1.0,134,153
hsp90aa1.2,0.03578882973955945,0.08609043512103542,1.0,2300,380
cyp2ad2,,,1.0,127,13
col12a1b,0.4944945092825467,-0.7015571172698092,1.0,166,807
ckbb,0.02317347578837135,0.03845947216521173,1.0,2413,108
grm1a,,,1.0,11,65
tfap2d,,,1.0,14,20
meis2a-1,0.07952874478667815,-0.05584424109550201,1.0,290,107
pnocb,,,1.0,19,19
emilin1a,,,1.0,35,7
six1b,,,1.0,75,3
tnfrsf21,0.39368261871421456,0.3938364184212254,1.0,1066,460
myoc,,,1.0,122,64
crip2l,,,1.0,73,77
fabp7b,,,1.0,256,11
plg,,,1.0,58,28
id2b,,,1.0,171,17
slc22a2,0.11781092749040113,-0.4420436745166192,1.0,114,168
kdr,0.6840107277660455,0.09822075286832999,1.0,75,62
calm1b,0.228106642326059,0.8787284976187606,1.0,1451,574
stxbp6l,,,1.0,24,44
ttr,,,1.0,276,51
adgrg11,,,1.0,9,50
si:dkey-7c18.24,,,1.0,66,22
cx32.3,,,1.0,61,0
cx28.9,,,1.0,37,1
cx43,0.1122166564014087,0.27388667836071456,1.0,570,239
ccl38a.5,,,1.0,67,4
prrx1b,,,1.0,87,22
niban1a,,,1.0,54,85
actc1a-1,,,1.0,245,3
ccn2a,,,1.0,140,4
nmu,,,1.0,4,16
gsx2,,,1.0,48,0
si:dkey-5n18.1,0.00301619114097626,0.5548917298408182,1.0,1309,80
tmem244,,,1.0,46,5
C20H6orf58-1,,,1.0,158,14
si:ch211-241j12.3,,,1.0,118,27
cx23,,,1.0,18,3
txlnba,0.6028877905933591,-0.01937248433460903,1.0,219,96
myct1a,,,1.0,24,4
ACTC1,,,1.0,121,5
matn3a,,,1.0,48,69
pomcb,,,1.0,4,7
cx32.2,0.3204091354644068,0.7970765193208295,1.0,777,471
foxf2b,,,1.0,18,0
dll4,,,1.0,112,31
gjd2b,,,1.0,44,5
sele,,,1.0,31,4
chgb,,,1.0,135,68
serpina1,,,1.0,247,14
clu,0.05106615959890469,-0.010954379309147333,1.0,105,31
serpina1l,,,1.0,531,6
sox7,0.08057972526512189,-0.2159197644918116,1.0,239,71
hlx1,,,1.0,543,10
pln,,,1.0,12,43
apobb.1,,,1.0,409,13
prg4b,,,1.0,31,86
vsnl1a,0.059603010518055125,-0.1942665134026227,1.0,62,68
itpkb,1.5419204753281173,0.18127885620160045,1.0,606,1088
adgrf3b,,,1.0,29,31
moxd1l,,,1.0,5,22
syne1a,0.2813531344789231,-0.5678639052720071,1.0,300,324
ccl38.1,,,1.0,560,2
si:dkey-206f10.1,,,1.0,52,47
BX470188.1,,,1.0,2,2
CRACD,0.7720867878427556,-0.2999053884257872,1.0,86,201
si:dkeyp-72h1.1,0.13155971864417831,-0.11322877453866531,1.0,113,133
olfml2ba,,,1.0,26,149
ryr3,0.007740740358776493,-0.2568615493461368,1.0,274,144
AL929237.1,,,1.0,4,9
si:ch73-74h11.1,,,1.0,63,26
pcare2,,,1.0,33,11
si:dkey-85n7.8,,,1.0,27,0
rp1l1b,,,1.0,164,21
CR556696.1,,,1.0,29,101
si:dkey-30j22.1,,,1.0,18,20
myt1la,,,1.0,46,140
si:dkey-1h6.8,,,1.0,55,5
si:dkey-1j5.4,,,1.0,4,124
nkx2.2b,,,1.0,2,0
ctsbb,,,1.0,6,14
nkx2.4b,,,1.0,50,19
igfbp3,,,1.0,45,55
igfbp1a,0.2683108846694129,0.4449870669702931,1.0,604,143
tfap2b,,,1.0,75,22
bfb,,,1.0,10,4
gng3,0.017580931245378805,-0.18516484583946746,1.0,257,94
rab34b,,,1.0,80,47
or101-1,,,1.0,3,0
slc23a1,,,1.0,39,118
gadd45gb.1,,,1.0,209,4
stxbp1a,0.07471347602584306,-0.24897556801889054,1.0,190,116
zgc:165604,,,1.0,55,11
aldocb,0.5229653220414369,0.3875099806200527,1.0,1521,767
otpa,,,1.0,110,8
tlcd1,,,1.0,31,37
nr5a1b,,,1.0,5,103
nkx6.1,,,1.0,140,28
crhbp,0.0642695404942174,0.5422807458872921,1.0,525,87
slc45a2,,,1.0,39,75
cyb561a3b,,,1.0,7,2
olfm1b,,,1.0,52,97
bhmt,,,1.0,1113,10
cel.2,,,1.0,89,10
grin1a,0.6526338003090464,-0.10739136010568795,1.0,59,83
zgc:109965,,,1.0,28,49
slc4a4b,0.603668305902713,-0.27634060105928926,1.0,497,869
or115-12,,,1.0,3,0
trpc2b,,,1.0,12,55
cd74b,0.01429999304586639,-0.007645849911051661,1.0,603,64
s100z,,,1.0,174,116
havcr1,0.04396613657498412,0.8229652676945578,1.0,1287,347
gng8,,,1.0,7,3
grp,,,1.0,45,9
or115-6,,,1.0,0,3
unc119b,0.5981326135597553,0.3313395652091434,1.0,439,293
zgc:158291,,,1.0,52,1
cldn2,,,1.0,24,3
slc34a1b,,,1.0,5,35
ppp1r14ba,,,1.0,67,30
fabp6,0.02365563315389455,0.06615230182529086,1.0,305,37
c1qb,,,1.0,812,11
guca1d,,,1.0,29,155
rbp4l,,,1.0,1108,16
gnrh2,,,1.0,5,3
rx3,,,1.0,36,2
csf1rb,0.22885570041516998,0.8435702185515185,1.0,1419,646
vtnb,,,1.0,60,9
slc13a2,,,1.0,39,45
cryba1b,,,1.0,331,11
slco2b1,0.7204361809741527,0.8242525922794377,1.0,321,409
tmsb,0.16583045012953543,0.26183726437204224,1.0,371,43
cfb,,,1.0,84,27
slc22a6l,,,1.0,40,45
epdl2,,,1.0,82,31
foxi3a,,,1.0,36,0
or132-5,,,1.0,2,0
angptl5,,,1.0,125,23
slc26a1,,,1.0,39,0
ppm1nb,,,1.0,30,3
htr1ab,,,1.0,6,0
lhx5,,,1.0,27,12
neu3.3,,,1.0,6,2
celf4,5.535260642198011,-0.24100279247901657,1.0,86,992
rfesd,0.08005143225614259,0.8171802633045285,1.0,2139,625
cplx4a,,,1.0,27,1
slc47a2.1,,,1.0,30,22
myo5b,0.9820437765409962,-0.046029254002415865,1.0,80,159
vimr1,,,1.0,19,2
gabra1,,,1.0,19,103
elnb,,,1.0,7,36
serpinf1,,,1.0,122,32
cfbl,0.08648416905990677,0.7218681507094105,1.0,684,217
si:dkey-183i3.5,,,1.0,209,22
cldnh,,,1.0,300,0
aqp3b,,,1.0,0,7
zgc:122979,,,1.0,32,3
thbs4b,0.07784092491915164,0.03880666641479402,1.0,132,85
tmprss15,,,1.0,31,50
cnksr2b,0.061446373705095605,-0.47754281155172196,1.0,324,262
defbl1,,,1.0,61,0
si:dkeyp-72g9.4,,,1.0,21,6
si:ch211-160j14.3,0.062107364441414147,-0.15053555284389963,1.0,68,77
htr3a,,,1.0,55,71
prlra,0.0769835508355943,-0.00816983688588313,1.0,98,40
hbegfb,0.12515142734733323,0.48044259807281664,1.0,272,93
c1qc,,,1.0,641,8
slc13a5a,,,1.0,10,73
ripply1,0.22195974274073424,0.1964403335011432,1.0,135,53
si:ch211-160j14.2,0.5128919569530231,0.027740931821592985,1.0,193,89
nrxn2a,1.9031288173695888,-1.1563531634296664,1.0,64,1085
c7b,,,1.0,16,26
timd4,1.133021978055667,0.751292702520302,1.0,230,291
si:dkey-17e16.15,,,1.0,49,19
slc22a21,,,1.0,1439,2
pde6b,,,1.0,113,61
CU499330.1,0.08008420328281562,0.39092394157193133,1.0,1060,235
oacyl,,,1.0,4,17
si:dkey-1d7.3,,,1.0,34,43
or115-7,,,1.0,1,0
cel.1,,,1.0,205,7
mlnl,,,1.0,81,63
si:ch211-218m3.9,,,1.0,2,0
si:ch73-68b22.2,,,1.0,0,7
si:dkey-102g19.3,0.23298243638421623,0.8950915505104762,1.0,1144,462
ccdc80l2,,,1.0,106,83
hnf1bb,,,1.0,25,19
neu3.4,,,1.0,1,1
neu3.5,,,1.0,15,1
CR847531.1,,,1.0,34,0
si:ch211-196i2.1,,,1.0,37,64
rln1,,,1.0,4,6
ly6m2,,,1.0,89,12
egfl7,1.351431769331951,0.6096724551377852,1.0,203,208
arxb,,,1.0,13,3
si:dkey-183i3.6,0.2696565149761977,0.7669081099628985,1.0,236,135
msx2b,,,1.0,95,3
esm1,,,1.0,13,1
nsg2,0.3484467596319921,-0.11603639662999088,1.0,159,147
ly6m5,,,1.0,112,0
stc2b,,,1.0,27,17
si:ch211-218m3.16,,,1.0,3,0
arl3l1,0.2635145807440878,-0.08751153337131545,1.0,110,69
GADD45G,,,1.0,55,0
zgc:194629,,,1.0,7,53
CR792457.1,,,1.0,3,2
rdh5,,,1.0,33,71
cp,,,1.0,86,39
pdzk1ip1,,,1.0,99,11
alpi.1,,,1.0,27,5
he1.2,,,1.0,129,0
col8a1b,,,1.0,2,7
dusp5,0.9355610624941957,0.7001882929143569,1.0,999,936
cela1.6,0.07145145381359484,0.16485848484125887,1.0,1485,79
hoga1,,,1.0,73,19
kng1,,,1.0,104,56
si:ch211-246m6.5,,,1.0,45,204
cela1.3,,,1.0,22,12
tm6sf2,,,1.0,89,93
pvalb7,0.001223069031044649,-0.48939710888072496,1.0,201,235
adarb1a,0.6484108393526076,-0.21742770993073868,1.0,71,216
ftcd,,,1.0,64,30
lhx9,0.32264675738798315,-0.06599827380568346,1.0,65,75
cilp2,,,1.0,3,10
klf2a,,,1.0,289,8
serpinc1,,,1.0,343,63
s1pr1,,,1.0,284,13
cts12,,,1.0,11,15
nphs2,,,1.0,8,5
gcga,0.3721297419130659,0.03909568630791993,1.0,59,40
blf,0.35499674305941864,0.7564736926234563,1.0,1654,1173
si:dkey-222f2.1,0.565766413310304,0.1437681871432821,1.0,81,50
aqp12,0.02241129427435028,-0.10935725737018132,1.0,326,74
aspn,,,1.0,29,7
ogna,,,1.0,66,3
camk1ga,0.14420472786448515,-0.038929590425856864,1.0,95,44
fetub,,,1.0,1022,10
cxcl12b,0.03900093471524887,0.09083590866098468,1.0,380,75
si:dkey-78l4.5,,,1.0,25,439
s100b,,,1.0,38,9
he1.1,,,1.0,459,13
lim2.2,,,1.0,56,21
tal1,0.7418781910838124,0.570762353115094,1.0,1995,1576
abi3bpb,0.698965779457076,0.4278534846619181,1.0,76,101
nfia,1.721904371505783,-0.23711284836116509,1.0,159,825
vcam1b,,,1.0,64,5
stab1,0.6216837932261313,0.8407815914834393,1.0,427,459
myhz1.1,,,1.0,56,1
nppc,,,1.0,32,8
gpx4a,0.0986118592082049,-1.0045245225470092,1.0,1471,648
tm4sf4,,,1.0,60,13
si:ch211-212d10.1,0.024406641534944793,0.8837798772132693,1.0,189,81
ptprc,0.9588250505313834,0.8850323193133502,1.0,2313,2090
lrrc39,,,1.0,63,41
aox5,,,1.0,47,58
krt97,,,1.0,394,5
rx1,,,1.0,146,9
si:dkey-240e12.6,,,1.0,9,5
elf3,,,1.0,23,1
npb,,,1.0,42,9
lpl,0.026277893146500187,0.01201203390864325,1.0,395,37
BX927260.1,,,1.0,4,4
si:dkey-102c8.3,,,1.0,250,11
si:dkey-21e2.14,,,1.0,17,5
si:dkey-21e2.15,0.04082812764880834,0.9648557109559356,1.0,122,73
si:dkey-21e2.8,0.11995041564603633,0.9956593082437866,1.0,116,91
BX005105.1,,,1.0,141,24
FAM163A,,,1.0,28,17
si:dkey-21e2.16,0.1214401783679704,0.99448114629088,1.0,112,84
si:dkey-21e2.8-1,,,1.0,5,321
si:dkey-21e2.12-1,,,1.0,26,9
foxq2,,,1.0,12,2
si:dkey-21e2.13,0.1077949329547371,0.9815660152359844,1.0,78,51
ecm2,,,1.0,33,4
si:dkey-78l4.2,,,1.0,25,5
mef2b,0.29835648077639754,0.8041236979780029,1.0,136,97
krt96,,,1.0,48,2
omd,,,1.0,0,4
prkar2ab,,,1.0,25,180
baiap2l2b,,,1.0,6,42
si:dkey-21e2.10,0.11707097213542553,0.9918206251581853,1.0,87,60
fstl3,,,1.0,45,19
capn8,0.809624458146822,0.6861091317388626,1.0,134,73
s1pr4,,,1.0,238,3
si:dkey-21e2.3-1,0.33259700340317017,0.8127989967342397,1.0,60,31
BX649485.4,,,1.0,224,8
si:ch211-227m13.1,1.7354741722104279,0.4576286133019284,1.0,2044,2065
zgc:66156-1,,,1.0,6,8
cfh,0.042490444884502675,0.4155581054652756,1.0,381,47
b3galt2,0.12625360368318356,-0.4845206076152233,1.0,732,452
rgs2,0.03152391809874102,0.37858974771796716,1.0,838,96
tppp,,,1.0,652,13
vasna,0.2668979997174306,0.17250917488686413,1.0,136,78
uts2d,,,1.0,20,2
cfhl4,,,1.0,70,20
slit1b,,,1.0,48,144
nr5a2,1.3253994093870818,0.23567492133094736,1.0,83,141
FO818743.1,,,1.0,9,28
SRL,,,1.0,332,10
CABZ01072309.2,0.4333884259483446,0.10341595506287482,1.0,263,96
LO018196.1,,,1.0,103,126
nr4a1,0.21765371178656487,0.15500856046602174,1.0,1323,1428
guca1b,,,1.0,27,2
eno1a,0.17941624533979905,0.26772093182827683,1.0,1527,372
mfsd4ab,,,1.0,14,7
irx7,,,1.0,104,0
gata5,0.3218092551954564,0.7419658237182174,1.0,102,42
chia.6,,,1.0,4,10
si:dkey-9l20.3,,,1.0,36,16
cnga1b,,,1.0,50,25
camk1gb,1.4152810349373455,0.1896451413387198,1.0,97,100
rnd1b,,,1.0,87,36
slmapb,,,1.0,100,28
tnnc1a,,,1.0,27,5
mipb,,,1.0,159,0
myh7bb,0.010035231027264021,-0.09121563404691457,1.0,55,40
slc2a1a,,,1.0,16,15
hmga1a,0.007327359105848372,0.08341444176921653,1.0,4358,745
sgk1,0.05529711674892178,-0.9850614126292543,1.0,2020,835
sulf2b,0.697830230588054,0.28669969651399185,1.0,641,805
ccn1,0.04519400529521452,-0.03674124152284608,1.0,329,63
tgm1l3,,,1.0,19,8
acvrl1,0.23031629234732579,0.6462430611783913,1.0,271,79
her12,,,1.0,159,5
rnd1a,,,1.0,22,12
lama5,0.6608312608323046,-0.09089322810297684,1.0,344,365
pmelb,,,1.0,16,27
cort,,,1.0,21,0
bgnb,,,1.0,27,33
gpr182,,,1.0,61,4
slc2a12,0.06385485039231428,-0.5585100687824036,1.0,264,173
tcf21,,,1.0,128,3
zgc:153284,0.011237345292101656,-0.9525082006426935,1.0,280,486
sh3bgrl2,,,1.0,71,65
mipa,,,1.0,158,7
tnnc1b,,,1.0,426,20
col9a3,0.07897324913525515,0.10413288949943678,1.0,213,68
myl9a,,,1.0,95,52
elovl4b,,,1.0,143,78
si:dkey-194e6.1,,,1.0,35,14
tnnt2a,0.018574919238701793,-0.06779958640988282,1.0,372,80
AL954146.1,,,1.0,0,8
ca6,0.05166011217271271,0.5594062630894892,1.0,492,50
mybpha,,,1.0,24,76
tnfrsf9a,0.5706818961919793,0.8970338192614082,1.0,136,120
kcnab2b,,,1.0,13,64
cbln4,,,1.0,21,9
ndnf,0.08276337062407033,-0.3277066466406462,1.0,247,307
si:ch211-117c9.5,0.9578883533005114,0.23855932966227988,1.0,246,217
atp2b3b,,,1.0,45,119
slc35c2,0.4266286258687885,-1.1925389005289881,1.0,358,597
hoxc1a,,,1.0,22,5
tbx18,,,1.0,40,29
c1qtnf12,,,1.0,70,50
igsf21b,,,1.0,43,51
tnnc2,,,1.0,1038,13
cox4i2,,,1.0,277,56
g0s2,,,1.0,143,19
FQ323119.1,,,1.0,69,3
egr4,,,1.0,51,0
tulp1a,,,1.0,29,68
vwa1,,,1.0,53,38
syt6a,,,1.0,7,89
tafa1a,,,1.0,6,69
ppp1r14c,0.1791013390341637,-0.09818009612639189,1.0,282,66
si:dkey-205h13.1,0.3080141244706084,-0.09021633486940095,1.0,93,106
wfdc2,0.270356095921662,0.028755338963504462,1.0,78,52
si:dkey-205h13.2,,,1.0,14,3
uts2a,,,1.0,5,108
igfbp6b,,,1.0,0,1
krt5,,,1.0,1002,1
pax7b,1.0005191262437299,-0.34723907201472004,1.0,104,297
eno3,0.08269239860974527,0.658490422660192,1.0,3369,703
si:dkey-126g1.9,,,1.0,135,9
tac3a,,,1.0,10,1
slc6a1a,,,1.0,33,29
sla2,1.381569697101574,0.7962543873503523,1.0,446,586
TNNC2,,,1.0,1,6
si:dkey-261h17.1,1.3649239643664426,0.7598659436314619,1.0,666,430
sst6,,,1.0,11,3
syt2a,0.3063673974299792,-0.5141944845622264,1.0,152,229
lactbl1a,,,1.0,36,21
fndc7b,,,1.0,0,2
usp21,,,1.0,38,71
rca2.2,,,1.0,18,5
flnb,,,1.0,27,34
si:rp71-17i16.6,,,1.0,20,0
pdyn,,,1.0,1,1
edn3b,,,1.0,2,5
si:ch73-21g5.7,,,1.0,398,16
si:dkey-151g10.6,1.4248339010345177,-2.340531239241692,1.0,5426,4979
si:dkey-32e6.6,,,1.0,3,24
ankrd33aa,,,1.0,49,16
si:ch73-265d7.2,,,1.0,119,13
si:dkey-1c11.1,,,1.0,10,7
neurod4,,,1.0,249,9
camkvl,,,1.0,37,221
aimp1b,0.8946159409251514,-0.23937571158161552,1.0,252,35
ednrab,,,1.0,87,14
si:ch211-149b19.4,,,1.0,44,16
si:ch1073-441p17.1,0.1407333895701127,-0.15063282855551252,1.0,91,118
myt1b,1.3281385473998901,0.041357936682512975,1.0,121,261
emp3b,,,1.0,5,6
tgm1l4,,,1.0,20,8
sp5l,,,1.0,65,3
cdaa,0.21242498092312342,0.7558642582204064,1.0,214,56
BX323087.1,,,1.0,25,34
zmp:0000001088,,,1.0,1,6
CABZ01030033.1,,,1.0,15,4
col11a1a,0.3569927452642136,0.13865209382318722,1.0,396,240
vim,0.03912959555224936,0.07005220225742104,1.0,430,40
inhbaa,0.19869287372969666,0.41232270003092175,1.0,187,73
tram1,0.18834667474930672,0.3147622351802819,1.0,2610,574
myo3a,0.6017599184363887,-0.19624857580352972,1.0,122,206
syt5b,0.017328029487137915,-0.03994199662665565,1.0,257,29
pdx1,,,1.0,41,3
bmp6,0.8107465173098227,0.6454354894834089,1.0,281,258
msrb2,,,1.0,109,6
gad2,0.11645399805283252,0.04346551943423038,1.0,128,42
sulf1,0.5137675988465981,0.07101486378965371,1.0,203,232
pfkpa,0.7384904067699896,-0.0022369836115425645,1.0,505,619
crhb,,,1.0,6,33
ca2,1.494186457123973,0.5347132939222639,1.0,311,291
ptgdsb.1,0.005789858684079186,0.26034509138399653,1.0,2076,36
chodl,,,1.0,98,27
crygn2,,,1.0,405,10
zic4,,,1.0,121,16
neurod6a,,,1.0,15,101
ackr4b,,,1.0,16,1
slc51a,,,1.0,52,46
rdh10a,0.09754005671988525,-0.11036442236652166,1.0,154,63
gcm2,,,1.0,29,4
gnal,0.39927409637661615,0.011771696197558246,1.0,621,346
cpb1,,,1.0,284,4
crp2-1,,,1.0,431,5
apodb,,,1.0,131,174
hgd,0.2535515406808361,0.10934667541374576,1.0,204,107
lyz,0.004783716595228927,0.9780997702397789,1.0,839,173
arxa,,,1.0,33,30
dnajc5b,,,1.0,14,31
c1qtnf9,,,1.0,14,0
sema5a,1.343809482553534,-0.43995023896929486,1.0,81,475
zgc:112332,0.49540522018910116,-0.032469038253811755,1.0,57,148
slc22a13b,,,1.0,4,4
tfap2a,0.13618673501109022,0.03602425503805551,1.0,251,55
cavin1b,,,1.0,57,42
aoc1,,,1.0,13,5
phex,,,1.0,85,151
scospondin,,,1.0,4,115
lrrtm2,,,1.0,56,0
crp1,,,1.0,8,5
mybpc2b,0.0853416903909874,-0.16763167551502534,1.0,121,76
olfm3a,,,1.0,7,7
trpa1b,,,1.0,68,96
ptgdsb.2,0.07215593017767691,0.5161069538957825,1.0,644,72
gyg1b,,,1.0,107,13
nrn1a,,,1.0,152,24
gpr158a,,,1.0,20,89
crp7,,,1.0,4,54
zfhx4,0.24807119980565298,0.44765679323221397,1.0,1358,506
zgc:195173,,,1.0,95,16
si:dkey-12l12.1,,,1.0,57,19
crp3,,,1.0,456,5
pou6f2,,,1.0,24,208
zic1,,,1.0,204,8
and1,,,1.0,304,8
drd3,,,1.0,6,108
hhatlb,,,1.0,45,27
si:ch211-161h7.5,0.16455793757347062,0.014749542149797179,1.0,408,113
cbln2b,,,1.0,16,1
myrip,0.8724495938944852,-0.4246728375417188,1.0,60,349
ccl34b.1,0.002584031782880556,0.614588663869483,1.0,1007,82
rpgrip1,,,1.0,85,166
adarb2,,,1.0,26,1137
cxl34b.11,,,1.0,71,5
ccl34b.4,,,1.0,200,17
si:ch211-56a11.2,,,1.0,97,4
zgc:112408,,,1.0,1,5
si:ch211-248l17.3,,,1.0,5,5
si:ch211-234p6.5,,,1.0,12,11
gabrr3b,,,1.0,14,28
cngb3.1,,,1.0,48,416
FP085414.1,,,1.0,22,3
smyhc2,,,1.0,17,12
cubn,0.506633302709599,-0.39487502033066924,1.0,55,279
ccr9b,0.16304112947789776,0.6357452170484973,1.0,154,71
CU633479.2,,,1.0,10,2
smyhc3,,,1.0,0,15
smyhc1,,,1.0,515,26
cngb3.2,0.2508968551762342,-0.13888521653905594,1.0,56,71
otos,,,1.0,37,1
msc,,,1.0,6,3
camk2n2,,,1.0,37,0
FP245452.2,,,1.0,2,3
mdkb,0.21883740200592577,0.09739683202800187,1.0,710,156
ucmab,,,1.0,40,22
hsd17b12a,1.014029454924621,-0.08194799359198868,1.0,122,173
cpa1,,,1.0,117,3
slc5a12,,,1.0,19,130
fezf1,,,1.0,34,1
anxa2a,0.011036072425265823,-0.06647887153484455,1.0,470,50
isl2a,,,1.0,69,11
epx,,,1.0,4,12
tpm1,0.5933834589174993,0.5220750751906675,1.0,1118,654
camk1db,0.5044272364207614,0.5649993329271752,1.0,360,268
dbx1b,,,1.0,111,4
myod1,,,1.0,185,2
spon1b,0.28484653854964587,-0.10387792030086529,1.0,121,186
tnni2a.1,,,1.0,23,25
cpa5,0.013950128733891315,0.610496404630016,1.0,894,82
cpne8,,,1.0,17,180
tnni2a.4,0.030662755982395,0.27031374422721566,1.0,1812,90
kcnj11l,,,1.0,43,32
th,,,1.0,2,20
flnca,,,1.0,84,13
slc13a1,,,1.0,11,2
igf2b,0.03185871747750523,0.3136915436820845,1.0,641,37
tnnt2d,0.04525892596785482,-0.13320583413907028,1.0,356,62
syt9b,,,1.0,21,92
tnni4b.2,,,1.0,125,11
lamb4,,,1.0,20,114
fibina,,,1.0,54,3
phlda2,,,1.0,1373,18
cpa4,,,1.0,70,22
tph1a,,,1.0,4,28
hapln3,,,1.0,54,5
mfge8b,0.02329715191493166,-0.19575427575382887,1.0,231,130
abhd2b,,,1.0,23,23
rlbp1b,,,1.0,75,7
cart2,,,1.0,1,0
stra6,,,1.0,89,48
crabp1a,,,1.0,106,73
rbpms2a,0.8158239690057908,0.015845816893807596,1.0,210,148
zgc:110339,0.038835138829102875,-0.04438548468332182,1.0,2273,104
slc7a10b,,,1.0,34,41
ptprz1a,0.13936332213734096,-0.35071099976304687,1.0,61,175
hyal4,,,1.0,29,21
hyal6,0.3432152276947484,0.3383930644166524,1.0,57,49
islr2,,,1.0,92,0
cav2,,,1.0,94,6
parietopsin,,,1.0,11,20
c2cd4a,,,1.0,17,0
si:ch211-236l14.4,,,1.0,29,138
kiaa1549la,0.3822683506563507,-0.40537201764947217,1.0,75,241
ntrk3a,0.8640317176047337,-0.4864847829002754,1.0,67,402
acot19,,,1.0,11,32
mespab,,,1.0,8,0
tnnt3a,0.040682229687792414,0.15811384552017238,1.0,922,61
dkk3b,,,1.0,277,82
si:dkeyp-110c12.3,,,1.0,1,7
atp2b1b,0.1518457161813234,-0.029669449570623785,1.0,141,71
eps8l2,0.22126129969452055,-0.6252176759535193,1.0,78,353
actc1c,,,1.0,24,78
si:ch211-194m7.3,0.10602683706495808,0.4914699451838179,1.0,957,311
gpr37a,,,1.0,32,58
spi1a,0.5129410576520907,0.5902157214884384,1.0,1395,1058
roraa,1.1589712811226711,0.4243716091361672,1.0,444,701
ush1c,,,1.0,58,59
cald1b,,,1.0,30,77
si:dkeyp-73b11.8,,,1.0,110,73
myrf,,,1.0,21,133
si:ch211-147m6.1,0.028868454992931534,0.5009485547296078,1.0,811,134
nr2e3,,,1.0,32,1
sema7a,0.7593009091283401,0.2775168818045729,1.0,115,104
urahb,,,1.0,26,3
galn,,,1.0,34,8
cyp11a2,,,1.0,11,56
rag1,,,1.0,56,14
tnni2a.2,,,1.0,5,6
oaz2a,0.1647524641625541,-0.18652812528756124,1.0,303,151
muc5.2,,,1.0,16,15
muc5.1,,,1.0,50,23
CT573383.1,0.3359034218734568,0.691575278970945,1.0,257,136
sv2bb,0.12081132186739811,-0.06816778344283403,1.0,79,49
ccdc136b,,,1.0,13,64
map1ab,0.12564902254237262,-0.04372624167471484,1.0,197,77
ano3,,,1.0,31,152
CU138509.1,,,1.0,11,3
mespbb,,,1.0,2,0
trpm1b,,,1.0,30,101
slc7a5,0.4975308169929623,-1.09068708320207,1.0,231,573
pax6a,0.45878332279341566,0.1579078196719642,1.0,325,141
si:ch211-172l8.4,,,1.0,19,3
FO907089.1,,,1.0,7,21
ifitm5,,,1.0,22,1
ndrg4,0.14348335075803456,-0.07610757236432164,1.0,197,88
CABZ01080550.1,,,1.0,5,19
ldha,0.23326631662049208,0.41951672124806605,1.0,1745,422
slc1a2b,0.007258453872781806,-0.14676028394638174,1.0,521,63
szl,,,1.0,5,0
nptna,1.21595509464345,0.11509308729475198,1.0,99,141
ccl33.3,0.013267877045096091,0.8560344706095768,1.0,141,43
anpepb,,,1.0,58,7
si:ch211-284k5.2,,,1.0,2,0
si:zfos-2372e4.1,,,1.0,6,6
ccl35.1,,,1.0,579,20
si:ch211-194m7.8,,,1.0,54,6
nansb,,,1.0,10,21
cav1,,,1.0,251,25
rhcgb,,,1.0,38,22
rpp25a,,,1.0,3,22
tcap,,,1.0,29,0
col1a1a,0.3251185600004682,0.5556501396671807,1.0,313,118
elavl3,0.10488637018262016,-0.01198070961231279,1.0,847,207
itga2b,0.2142397937459925,0.2506077978312137,1.0,102,105
myl4,,,1.0,38,71
angptl6,,,1.0,25,20
aanat2,,,1.0,103,76
slc4a1a,0.07924006384326815,-0.22609814293528885,1.0,2398,1847
gngt2a,,,1.0,110,28
unc119.2,,,1.0,11,602
pvalb4,,,1.0,285,8
gfap,0.11280012033728307,-0.024311247806262815,1.0,466,48
hmox1a,0.06656642765063175,-0.20163475336857584,1.0,800,469
rdh8a,0.15847165712868247,-0.3117852039846791,1.0,535,222
arpc1b,0.03576213486528683,0.41085865980291225,1.0,2775,393
socs3a,,,1.0,1737,26
prr15la,,,1.0,25,7
ntn1b,0.1315058332483434,-0.34980313488439574,1.0,137,260
cabp5b,0.1804595194755568,0.37260296579363084,1.0,127,49
atp2a1,0.06929684018428722,-0.05568418154428456,1.0,1304,333
scn4ab,,,1.0,29,40
hoxb8a,,,1.0,207,8
grifin,,,1.0,71,11
gsg1l,,,1.0,7,40
pvalb1,0.0038034337798436815,0.04354223649404543,1.0,2189,38
pvalb8,,,1.0,328,10
pvalb5,,,1.0,345,11
actb2,0.0015245238702226483,0.5200117796273069,1.0,5276,321
ramp2,,,1.0,352,13
gng13b,0.20167912281181619,-0.09158056862645836,1.0,105,33
fthl31,0.04292798264093862,0.5740723495265683,1.0,1333,35
prl,,,1.0,13,0
tnnt1,,,1.0,22,30
cbx7a,0.062016185333025095,0.21426981746989138,1.0,725,86
rbfox1,0.24759831216547235,-0.7803257410008075,1.0,184,801
socs1a,,,1.0,474,7
pdgfbb,0.5083901901004519,0.49073318836837165,1.0,1045,424
gh1,,,1.0,87,1
phospho1,,,1.0,31,25
zgc:103625,,,1.0,59,42
cldnk,,,1.0,173,6
rcvrna,,,1.0,60,7
shisa9b,,,1.0,13,72
zgc:165423,,,1.0,53,4
mylpfa,0.002545953959562643,-0.05350818990154371,1.0,2523,43
si:dkey-283b1.7,,,1.0,82,22
coro1a,0.08510715712200967,0.5083959602273994,1.0,2683,1005
cldni,0.06730558402994673,0.2990274788817715,1.0,968,66
hoxb13a,,,1.0,20,0
pecam1,,,1.0,41,8
rln3a,,,1.0,6,0
nfixb,,,1.0,36,659
noxo1a,,,1.0,20,10
CABZ01079818.1,,,1.0,6,6
nptx1l,0.3613862022489396,0.0554789965846032,1.0,78,33
hbae1.3,0.0006190901700395167,0.2573584074821378,1.0,3475,490
lgals3bpb,,,1.0,867,3
timp2b,0.06362411039167253,0.2974574735921647,1.0,877,240
nsfa,,,1.0,92,36
mybpc2a,,,1.0,8,29
zgc:195001,,,1.0,33,35
ccndx,,,1.0,35,7
grna,0.12390619891764548,0.7723755600560218,1.0,1236,308
lgals2a,0.02183212464157103,0.38232103934321715,1.0,1619,169
slc17a7a,,,1.0,15,97
fthl30,,,1.0,415,1
rai1,0.11718245345480262,-0.06627398126780681,1.0,90,61
si:ch211-256e16.4,,,1.0,0,9
hbae3,1.9059124245934012,0.16062121676813257,1.0,3736,3167
olfm2a,,,1.0,43,231
si:ch1073-464p5.5,0.15186824392420345,-0.02007933911387627,1.0,186,29
fthl29,,,1.0,133,2
BX511021.1,,,1.0,57,0
si:ch211-5k11.8,,,1.0,46,1
hbbe1.3,0.032533206468475406,0.753835316381714,1.0,3696,1800
si:ch211-165d12.4,0.01791675723518941,0.3192441901805849,1.0,1394,91
gas7a,0.44624809043916136,-0.3781871985634577,1.0,69,195
sox10,,,1.0,55,21
fthl28,,,1.0,465,15
soul5,0.11450744003163517,0.4035474975212696,1.0,1179,330
hbae1.3-1,0.000820583928933779,0.5413710416804768,1.0,2742,265
hbbe1.1,,,1.0,3939,16
aoc2,0.02327001482846117,0.03544156085673267,1.0,535,31
si:ch211-157c3.4,,,1.0,55,6
aqp8b,,,1.0,32,4
otop2,,,1.0,3,17
hbae1.1,0.0005294663949171327,0.17674852054768497,1.0,3052,175
ngfra,0.05085052257077417,-0.26311727004726815,1.0,136,167
si:ch211-66e2.5,,,1.0,107,22
hlfa,0.24576804354755885,-0.8956871435546083,1.0,1068,1146
nfil3-6,0.07914699921892401,0.35256922136073543,1.0,718,116
hbbe1.2,,,1.0,3031,14
pyya,,,1.0,4,2
apnl,,,1.0,8,2
maptb,0.3177679990619929,0.3360121907714162,1.0,384,209
pvalb6,,,1.0,70,261
syt5a,,,1.0,94,26
dlx4a,,,1.0,50,26
zgc:100868,,,1.0,44,16
si:dkey-88j15.3,,,1.0,133,24
selenow2b,,,1.0,338,26
nupr1b,,,1.0,952,15
zgc:153968,,,1.0,31,2
cox6a2,0.05887738874749823,0.14154765391344504,1.0,258,73
lgals1l1,,,1.0,212,10
si:dkey-117i10.1,,,1.0,17,13
BX539325.2,,,1.0,345,25
aatka,0.07412460149941472,0.2318923533554723,1.0,431,95
si:ch73-367p23.2,,,1.0,462,2
rgs9a,0.11460510365068287,-0.20620634058189924,1.0,137,107
pax10,,,1.0,19,17
gsg1l2a,,,1.0,9,279
chadla,,,1.0,20,13
si:ch211-256e16.6,,,1.0,5,111
si:ch211-195b15.7,,,1.0,44,15
crhr1,3.940009366701906,0.7523251134911507,1.0,117,481
si:ch73-106l15.4,,,1.0,0,15
si:ch211-256m1.8,,,1.0,15,9
si:ch211-195b15.8,,,1.0,273,44
ppl,0.12664809516050238,0.2413707075332302,1.0,329,46
foxj1a,,,1.0,60,9
cyp2k19,,,1.0,30,9
si:dkey-61n16.5,,,1.0,216,24
btbd17b,,,1.0,9,15
trim35-12,,,1.0,13,5
cyp2k17,,,1.0,2,20
zgc:153426,,,1.0,228,3
FP016234.1,,,1.0,27,17
zgc:163083,,,1.0,9,1
cygb1,0.019635561889725515,-0.04543478136729551,1.0,470,41
si:dkey-43p13.5,,,1.0,34,6
srl,0.500118513239212,-0.19523790134677976,1.0,337,569
zwi,,,1.0,49,8
myh11b,,,1.0,0,200
CU571328.1,,,1.0,1,2
pde6ga,,,1.0,49,5
zgc:123284,,,1.0,4,3
FQ311879.1,0.20487851445045696,0.80333488395234,1.0,97,92
col5a3a,0.6957692362891966,0.23252632008897778,1.0,315,418
mslna,,,1.0,12,33
cnn1b,,,1.0,6,105
uncx,,,1.0,43,1
sstr5,,,1.0,13,29
gpr139,,,1.0,31,65
LO018550.1,,,1.0,8,9
tnfsf14,0.35629643714865666,0.7913064870364648,1.0,178,101
CR759836.1,,,1.0,21,88
lmo3,1.600222378365744,0.08715427379262519,1.0,120,198
plxnc1,0.1935205049055986,0.7779085439667859,1.0,2014,979
igf1,,,1.0,57,20
si:dkey-14d8.7,,,1.0,75,11
slc6a1l,7.8106145657484785,0.28684302464285194,1.0,67,196
pah,0.1683467236249392,0.032157789454125285,1.0,240,34
dcn,0.0448798566546848,-0.20012031693966637,1.0,241,97
plxna4,1.0223787779726268,0.12076628262539157,1.0,268,913
wif1,0.2363917375271752,-0.12816186328841672,1.0,66,104
rergla,,,1.0,80,25
akr1b1.1,0.09757285662138424,-0.04249739867630997,1.0,249,32
csrp2,0.9003074364696463,-0.6526353920680337,1.0,278,608
lin7a,0.08445664069972747,-0.44017009774282245,1.0,105,210
fgl2a,,,1.0,234,23
guca1a,,,1.0,55,116
mybpc1,,,1.0,18,73
gata3,0.27447792559859074,0.924135293451401,1.0,471,153
cd9b,0.0008938109971417968,-0.155717934192108,1.0,346,50
pax4,,,1.0,5,3
tmem178b,0.3913725084219151,-0.044164472981589764,1.0,342,220
ucmaa,,,1.0,28,53
slco1c1,,,1.0,29,56
zgc:162331,,,1.0,17,7
syt1a,0.14904057210026553,-0.38042455424192023,1.0,205,292
si:dkey-14d8.6,0.3379716094787095,0.15539060664816418,1.0,287,86
cd36,,,1.0,32,7
th2,,,1.0,0,5
ascl1a,,,1.0,94,2
si:dkey-61f9.1,,,1.0,3,4
foxp2,1.1562588390829796,-0.1508192728527955,1.0,103,391
ms4a17a.7,,,1.0,45,25
glipr1a,0.1547711545716014,0.8344072101636855,1.0,1439,520
itih2,,,1.0,102,24
itih5,,,1.0,16,37
lamb1b,0.2801290330905977,-0.1724905110916275,1.0,119,86
impdh1b,0.1509679243819918,0.24546262778500316,1.0,1589,213
bik,,,1.0,77,9
opn1sw1,,,1.0,1372,9
cntn1b,,,1.0,25,22
stab2,0.9290781283224401,-0.5684835427962336,1.0,367,53
avpr1ab,,,1.0,19,2
tnnt2e,,,1.0,25,33
lmod2b,,,1.0,4,2
si:ch211-152c2.3,,,1.0,108,0
ngs,,,1.0,7,27
kera,,,1.0,48,0
epyc,,,1.0,201,2
nell2b,0.042435354786609265,-0.3672744115141353,1.0,110,203
pcloa,0.036474719918610385,-0.2262103189735991,1.0,152,112
tnni1d,,,1.0,17,0
podxl,0.20388099868073495,0.2867651283498175,1.0,813,236
myf5,,,1.0,56,4
CR788316.1,,,1.0,43,2
slc25a3a,,,1.0,120,17
ptprz1b,0.2654485974930879,-0.587327299997078,1.0,77,416
wu:fc23c09,,,1.0,51,1
spi2,,,1.0,81,13
slc13a4,,,1.0,37,15
mpped1,,,1.0,18,27
lrmp,1.15883955618479,0.25876397128083073,1.0,353,155
syt10,,,1.0,26,25
hcls1,0.04458058487959665,-0.4045622006959675,1.0,2104,155
BX005417.1,6.35534761548716,0.9447861851978271,1.0,631,921
lum,,,1.0,122,0
si:ch211-266a5.12,,,1.0,89,24
prl2,,,1.0,1,1
slc38a2,0.5598020643778352,0.38261764674721344,1.0,1275,798
BX927253.1,,,1.0,25,0
zgc:173709,,,1.0,39,260
ninj2,,,1.0,14,218
tnni4a,,,1.0,4,8
slco1d1,,,1.0,78,30
ptn,0.01787598067191322,-0.26504628805588437,1.0,321,97
ano2b,,,1.0,19,182
ptprb,0.6580978095259297,-0.4972162177714219,1.0,61,236
zgc:193726,,,1.0,46,25
LO018124.1,,,1.0,2,20
CR788316.4,,,1.0,7,17
LO017820.1,,,1.0,12,83
smkr1,,,1.0,54,1
BX855618.1,,,1.0,11,4
BX248410.4,0.8392124199006855,0.6826485279247849,1.0,149,308
CU468826.3,,,1.0,1,2
plp1b,,,1.0,107,16
stxbp1b,0.10958214163314896,-0.15735092875389123,1.0,128,81
tbx3a,,,1.0,126,19
glra4b,,,1.0,19,98
foxn4,0.013024661268810554,-0.6021875967446177,1.0,114,156
ela3l,,,1.0,761,13
aqp3a,,,1.0,351,24
dmrt2a,,,1.0,80,21
isl1,,,1.0,114,12
rom1a,,,1.0,14,20
apoa1a,,,1.0,746,32
ak1,0.03891534172376113,0.36952407372277285,1.0,1589,61
hmbsa,0.18930807813194261,0.8633040656354023,1.0,2134,1079
ebf2,0.17748966028259872,-0.2862291433955122,1.0,181,214
exoc3l2a,,,1.0,41,20
her7,,,1.0,30,0
dab2,0.3371711090335237,-0.05858742648842008,1.0,185,73
ppp1r14aa,,,1.0,722,16
zgc:65851,,,1.0,73,18
fbp2,,,1.0,68,34
dlb,0.15902266727218972,0.01595048709845104,1.0,278,81
nos2a,,,1.0,18,48
p2rx2,,,1.0,47,79
hpda,0.011411517729661974,-0.16700458417964392,1.0,252,49
prdm12b,,,1.0,109,3
tnc,0.06104046297172336,-0.28993760414162106,1.0,398,281
rtn4r,1.058961469389477,-0.6053441081740969,1.0,81,464
anxa1a,0.19767326879803207,0.028124279852730805,1.0,1146,71
zgc:73226,0.7437440960964298,0.009194763934022632,1.0,90,63
ckma,0.00024091516240472695,-0.10893737704584772,1.0,1450,36
grin1b,0.2917603667533542,-0.050320410759498335,1.0,85,131
tppp2,,,1.0,23,10
tbx5a,,,1.0,20,29
crx,,,1.0,223,5
slc4a4a,0.2810835909064318,-0.38410742363543404,1.0,292,298
SLC4A5-1,,,1.0,15,81
pou2f3,,,1.0,22,180
thy1,0.062030555311337436,0.6049449509219134,1.0,480,42
ckmt2b,,,1.0,74,11
gria3a,,,1.0,19,200
rgs3b,0.9030460220057998,0.043831388500145674,1.0,223,330
ncf1,0.13427086975942984,0.2771217184605471,1.0,1355,531
fsta,0.16160326424300586,-0.012252986354083673,1.0,168,51
ins,,,1.0,418,13
tmem174,,,1.0,11,12
fbp1b,,,1.0,62,1
ccn1l1,,,1.0,10,3
myhz2,0.031180196651479038,-0.07477554810667986,1.0,1011,118
serpina7,,,1.0,36,1
barhl1a,,,1.0,150,82
agtr2,,,1.0,24,10
cx27.5,,,1.0,19,4
sat1a.1,0.14741749294506862,0.5699419898832475,1.0,648,146
gsx1,,,1.0,76,0
il13ra2,,,1.0,27,52
nrgna,,,1.0,50,23
hspb1,0.0003848532023484501,-0.17711040882701923,1.0,846,69
ca4a,,,1.0,24,35
krt1-c5,,,1.0,20,32
zgc:153704,0.006402722916099034,0.006039315242459042,1.0,270,31
angptl2a,,,1.0,44,58
slc14a2,1.8763437786103565,0.5974315366569,1.0,669,396
tmc2a,,,1.0,12,19
mia,,,1.0,26,7
fras1,0.9666334122416345,-0.4791919742362436,1.0,124,490
prkg2,,,1.0,8,21
ywhag1,,,1.0,94,74
otpb,,,1.0,87,5
tecta,,,1.0,16,160
map1b,0.03354237848942229,-0.03020028325345714,1.0,230,55
cabp7b,,,1.0,3,40
atp2a3,1.9642808052115752,0.5316080184495975,1.0,905,1003
spns2,1.1692977019619009,-0.34576316904992055,1.0,668,1836
slc6a4b,,,1.0,1,21
slc2a11b,,,1.0,26,41
sftpbb,0.02376982751252067,0.03550197984199144,1.0,834,154
gucy2d,1.9969693858102047,-0.07618447199994005,1.0,102,104
atp1b2b,0.4944817585251566,-0.18797084164964728,1.0,113,73
tcnba,,,1.0,81,3
atf5a,0.041865194955324356,-0.2495550977236758,1.0,320,136
tnks1bp1,0.23621244104884773,-0.052962623341969994,1.0,333,122
ccl19a.1,,,1.0,31,45
nos1,0.1552773327445559,-0.5396450428865271,1.0,83,227
adamtsl2,,,1.0,26,37
CABP7,0.1526620094575479,-0.3108087628784071,1.0,94,185
hspb15,,,1.0,23,1
hapln1a,0.09376223775895491,0.2398474232643275,1.0,370,35
si:dkey-65b12.6,,,1.0,29,7
cxcl20,,,1.0,121,20
TNC,,,1.0,48,434
myo1hb,,,1.0,2,12
areg,,,1.0,28,53
prdm8b,,,1.0,56,35
myhz1.3,0.002805473651833839,-0.14226745454456124,1.0,1261,71
myhz1.1-1,,,1.0,1376,25
gc,,,1.0,234,82
srrm4,0.7238906937958972,-0.16342668522501103,1.0,306,528
cmklr1,0.04185784644080841,0.39821860548240207,1.0,1126,258
fdx1b,,,1.0,103,180
ms4a17c.1,0.0985146130092357,0.7019213907683772,1.0,106,39
si:ch211-139a5.9,,,1.0,169,25
myhz1.2,,,1.0,472,7
ifitm1,,,1.0,391,1
edil3a,1.2309329051379116,-0.38302006697483093,1.0,63,436
adamts15a,,,1.0,29,64
zgc:158412,,,1.0,48,17
si:ch211-137i24.10,,,1.0,54,72
si:ch211-207c6.2,0.05738379012183945,0.8491099714486577,1.0,1933,361
BX640512.2,,,1.0,3,1
gal3st1a,,,1.0,55,25
BX465834.1,2.940410344015857,0.10636727755614117,1.0,168,552
tmem119a,,,1.0,0,33
sebox,,,1.0,4,2
BX897741.1,,,1.0,11,2
npr3,,,1.0,51,46
ctsll,,,1.0,36,10
vcana,2.487898781444563,0.7281810328087539,1.0,96,151
cd180,,,1.0,249,7
si:dkey-189h5.6,,,1.0,11,5
si:dkey-251i10.2,,,1.0,48,101
c9,,,1.0,137,2
tcnbb,,,1.0,244,7
dnm1a,0.27823711186899835,-0.45277417692778754,1.0,114,295
si:ch211-186e20.7,,,1.0,37,4
cryabb,,,1.0,3,5
zgc:175280,,,1.0,12,23
anxa1b,,,1.0,140,11
anxa1c,,,1.0,403,15
si:dkeyp-110c7.4,,,1.0,4,6
lmx1ba,,,1.0,39,195
thbs4a,,,1.0,49,149
grk1b,0.6864889938883929,0.1796809356372735,1.0,79,58
si:dkey-245n4.2,,,1.0,29,5
C5H11orf1,,,1.0,1,6
osm,,,1.0,20,21
myl2a,,,1.0,8,70
slc1a3a,0.734618236190669,0.6629559465142444,1.0,1081,582
apba1a,3.1415905414739584,0.4214446511620257,1.0,178,656
h1m,,,1.0,200,17
anxa1d,,,1.0,70,22
epd,,,1.0,408,10
si:dkey-1k23.3,,,1.0,5,20
CU927890.1,,,1.0,46,186
FQ378016.1,0.9926715274573485,-0.17712490706443762,1.0,350,220
HEPACAM,,,1.0,7,11
cst14b.2,,,1.0,206,13
CABZ01058647.1,,,1.0,94,11
AL954191.2,,,1.0,14,8
opn1mw1,,,1.0,397,1
matn4,0.14604602337431175,0.13032485024064433,1.0,235,136
gad1b,0.21066404854992848,-0.09916760853778106,1.0,61,59
tie1,0.1514107482754119,-0.08555385262419146,1.0,296,157
prss60.2,,,1.0,17,16
acp5a,0.021723827198661328,0.017274504841020777,1.0,877,150
rhcgl1,,,1.0,3,9
tnni1b,,,1.0,43,20
pck1,,,1.0,264,9
entpd8,,,1.0,185,60
sec23b,0.009370174014358914,-0.6168173199166138,1.0,852,170
faimb,,,1.0,42,49
krt4,0.002582155716419185,0.014606114228412959,1.0,2953,31
klhl41b,0.054106361498878895,-0.2378555690539783,1.0,344,127
erbb3a,,,1.0,20,75
gpx1b,,,1.0,170,22
gbx2,,,1.0,88,3
ca16b,0.6238159175029273,-0.3278509351225618,1.0,160,383
ankrd33ab,,,1.0,39,7
pou4f1,,,1.0,56,0
opn1mw2,,,1.0,47,0
myhb,,,1.0,48,14
mybphb,0.08430237891061787,-0.09000181333406476,1.0,465,110
evpla,0.2847883685283349,0.14580200128741283,1.0,205,63
mylkb,,,1.0,12,32
col5a2b,,,1.0,12,31
zgc:109913,,,1.0,7,38
cav3,,,1.0,297,1
slc5a8l,,,1.0,73,10
col7a1,0.1241203211385958,-0.2860108494419893,1.0,125,109
si:dkey-43k4.5,,,1.0,6,33
pik3r3b,0.0776163092555806,-0.4066059529465069,1.0,764,262
myh11a,0.3646229728078848,0.7472357747018001,1.0,1289,733
cryba2a,,,1.0,109,1
tspan2a,0.27029066179705846,0.21097649853600398,1.0,761,343
sema3fa,0.1317355096099919,-0.3659347791775147,1.0,109,203
slc4a8,,,1.0,13,35
slc15a1b,,,1.0,64,71
csrp1b,,,1.0,19,16
tshba,,,1.0,17,3
aanat1,,,1.0,22,4
mitfa,0.6625318984259078,0.3085681069102947,1.0,240,166
mpl,1.112020228918394,0.5634172618500191,1.0,121,164
igfbp5a,0.18738045437246342,0.10746892348681547,1.0,500,272
rgs16,,,1.0,67,13
gnat1,0.000874970011978204,-0.26247942693924564,1.0,183,63
synpr,,,1.0,6,2
lurap1,0.036860420858976256,-0.06076010503661888,1.0,87,45
desmb,,,1.0,18,19
nr4a2b,0.09346959400423971,0.07417209204525999,1.0,149,83
c1ql4b,,,1.0,5,21
tspan1,,,1.0,13,51
rgs5a,0.000823712092807857,-0.09227423831587234,1.0,132,42
agxta,,,1.0,89,11
igfbp2a,,,1.0,103,53
slc2a11a,,,1.0,9,12
myl6,,,1.0,485,54
dpt,,,1.0,6,4
cxcr4a,,,1.0,264,3
slc32a1,,,1.0,96,3
ddit3,0.1106874274189592,0.6285219488990281,1.0,1284,359
grm2a,,,1.0,8,62
gabrb3,,,1.0,54,286
kif1aa,0.3018114517500117,-0.5045941527097981,1.0,171,330
meltf,,,1.0,15,14
zeb2b,0.6576349635957051,-0.21141870487310066,1.0,157,363
ptprt,,,1.0,29,20
rgs8,,,1.0,31,30
rgs4,,,1.0,65,2
lrp8,5.220053560495328,-0.4943005361455206,1.0,307,1876
or137-3,,,1.0,28,0
rbp7b,,,1.0,123,8
slc26a6l,,,1.0,7,2
zgc:158846,,,1.0,90,1
cnga3a,0.773192608177671,-0.22553477141456124,1.0,67,208
insl5a,,,1.0,40,3
asic4b,,,1.0,5,134
myh9a,0.17551328180254427,0.8965172897920206,1.0,2026,736
asip1,,,1.0,12,16
eevs,0.3355757345643774,0.5564693073055376,1.0,392,181
fhl2b,,,1.0,2,33
ecrg4b,,,1.0,260,42
mlpha,,,1.0,8,15
tnfrsf18,1.4580058640873947,0.6949496866797447,1.0,67,95
ghrl,,,1.0,14,0
si:dkeyp-3f10.17,,,1.0,1,1
slc2a1b,0.3255257398118745,-0.8610297872490802,1.0,79,515
angptl3,,,1.0,54,3
eno1b,,,1.0,180,8
cavin2b,0.2988341449817869,0.2312582521880967,1.0,155,56
cyp27c1,,,1.0,109,27
lgals2b,,,1.0,563,6
rspo4,,,1.0,4,27
tulp1b,,,1.0,31,31
slc16a1a,,,1.0,11,64
tfap2c,0.1609860592064041,-0.1458959150149819,1.0,176,120
notum2,,,1.0,20,19
si:ch211-207j7.2,,,1.0,26,32
cobll1a,,,1.0,22,76
rab44,1.5237479308931603,0.8356724366901448,1.0,1885,2144
si:ch211-276a17.5,,,1.0,56,15
zgc:64065-1,0.24124938420619452,0.8442378710561963,1.0,158,79
apof,,,1.0,28,3
si:dkey-170g13.2,,,1.0,8,3
igfn1.2,,,1.0,4,23
hmga1b,,,1.0,176,14
sgip1a,0.4615431052797817,-0.13583893526569435,1.0,311,472
gcnt7,,,1.0,32,32
igfn1.3,,,1.0,66,23
im:7152348,0.5720234826785722,0.10435677379286379,1.0,61,31
si:ch211-161c3.6,0.0173732564971489,0.6471373443523765,1.0,1470,125
si:dkey-195m11.11,0.10277163437916628,0.7235623125836014,1.0,396,92
rdh20,,,1.0,16,60
si:ch73-23l24.1,,,1.0,250,18
si:dkey-28n18.9,,,1.0,42,35
tac3b,,,1.0,33,8
stmn3,,,1.0,48,51
slc12a5a,,,1.0,31,216
ntn1a,0.7103748077448082,-0.04587481058950793,1.0,338,438
si:ch73-389b16.1,,,1.0,3,2
cyp24a1,,,1.0,51,209
si:ch73-29l19.1,,,1.0,8,13
ube2c,0.06901163908923542,-0.029947304142103448,1.0,425,182
pde6ha,,,1.0,1359,4
si:ch211-188c18.1,0.045360390378495576,0.17241359561751957,1.0,252,40
barhl2,,,1.0,84,3
tnnt2b,,,1.0,3,38
scinla,0.0050639993118956434,-0.05767391323176385,1.0,541,29
si:ch211-207l14.1,,,1.0,104,37
col18a1b,,,1.0,26,50
prkcaa,1.0990970826931719,0.293447514541587,1.0,722,943
CU463231.2,,,1.0,157,5
actn3b,0.035065666996329584,-0.8787278823687841,1.0,212,315
acana,,,1.0,31,28
rbpms2b,0.21570831575856017,0.005720224579506272,1.0,228,162
rlbp1a,,,1.0,59,44
igf2a,,,1.0,117,9
slc7a8a,0.0793879339431308,-0.0076832881415036525,1.0,1685,531
adcyap1a,,,1.0,114,16
rgs9bp,,,1.0,13,5
pax6b,0.21090031414988558,-0.05564096938446772,1.0,334,162
bdnf,,,1.0,80,18
mfge8a,,,1.0,276,54
npsn,0.044422764875405384,0.8552486631327523,1.0,622,337
rasl12,,,1.0,20,62
zgc:136461,,,1.0,473,12
dbx1a,,,1.0,42,0
tnni2b.1,,,1.0,979,21
en2a,,,1.0,60,1
tnnt3b,0.08169717936152691,-0.0675560768646295,1.0,1561,514
spi1b,0.14622160765651462,0.696377848780207,1.0,2283,841
ctrb1,0.031306284867964385,0.1652923818323484,1.0,1684,116
tpma,0.5565969994495403,0.3291301831458121,1.0,606,261
slc12a10.2,,,1.0,32,57
lmo1,,,1.0,34,47
irx6a,,,1.0,5,2
crybgx,,,1.0,3,1
tyrp1a,,,1.0,18,8
cart3,,,1.0,96,0
crabp1b,0.34280929153019535,-0.01859312391229495,1.0,139,73
mnx1,,,1.0,38,6
zgc:110699,,,1.0,18,32
f2,,,1.0,107,21
penkb,,,1.0,33,3
gnao1b,0.16990564443069534,-0.08505976947253657,1.0,147,91
tph1b,,,1.0,36,30
lctla,,,1.0,11,9
trpm1a,,,1.0,44,47
calb2b,0.0035568958119374847,-0.15353971290794677,1.0,143,52
cldn7a,,,1.0,40,25
slc3a2a,0.03851302430483148,0.6646219041911481,1.0,1404,358
rhcga,,,1.0,40,18
zgc:171424,,,1.0,0,9
slc8a4b,0.3287776764996306,0.19158580007284298,1.0,281,250
BX005003.1,28.115312217079357,0.4763354458376723,1.0,281,1206
aldh1a3,,,1.0,27,108
isl2b,,,1.0,68,10
aep1,,,1.0,137,0
anxa2b,,,1.0,36,36
zgc:112160,,,1.0,828,1
nitr2b,,,1.0,78,2
si:dkey-192d15.2,,,1.0,32,7
si:dkey-187j14.4,,,1.0,9,1
txn,0.011599273253461202,-0.2455332492856639,1.0,2170,255
saa,,,1.0,56,40
kcng4b,,,1.0,3,3
rrad,0.1259966795696849,0.24986349530336238,1.0,105,38
pcolceb,,,1.0,151,182
col4a5,0.43896777435805284,0.13420474940587157,1.0,503,216
c6ast4,,,1.0,280,6
aplnr2,,,1.0,83,1
cilp,0.18011569308255312,0.09340890309442995,1.0,335,64
aqp9b,0.1474383012306373,-0.08356430888884625,1.0,87,56
aldh1a2,0.12152921249065772,0.10037206523432485,1.0,279,68
slc7a10a,0.28825706497823944,0.23939605486161364,1.0,100,37
slc38a8b,,,1.0,24,17
rerglb,,,1.0,12,1
slc7a7,0.34011291279963335,0.5891341328540072,1.0,1291,1210
si:ch211-212k18.7,0.06606362886928875,0.3510417582915547,1.0,1914,512
zgc:158423,1.072132814508206,0.2402991961106561,1.0,60,140
calca,,,1.0,5,57
serpine1,,,1.0,112,37
cemip,0.3593374302313728,-0.5430143821876212,1.0,70,293
dysf,1.1566606982125145,0.34402681978034666,1.0,181,272
map1aa,0.05163874863195686,-0.18764410059658032,1.0,155,82
trpm5,,,1.0,15,10
kcnq1.1,,,1.0,6,79
oaz2b,,,1.0,209,22
nrn1lb,,,1.0,48,13
zgc:158785,,,1.0,33,32
sstr1b,,,1.0,1,35
slc6a5,0.08319536515964725,-0.0429859004330424,1.0,82,48
mybpc3,,,1.0,52,51
slc17a6b,0.3377419049656056,-0.6852324909433234,1.0,129,236
agrp,,,1.0,27,0
bcl6b,,,1.0,43,21
tmem88b,,,1.0,38,31
f13a1b,0.3336130798925381,0.6112603340111367,1.0,2510,1566
six7,0.5951536046187728,0.13185269208099182,1.0,161,101
pnp5a,1.4971008842067135,0.509888091992933,1.0,617,835
cdh5,0.06008925553770447,-0.012630982267740398,1.0,197,29
cdh16,,,1.0,17,364
calml4a,,,1.0,25,29
cyp26b1,0.20694668241887365,0.024644791596291404,1.0,106,61
gpr78b,,,1.0,4,2
VSTM2B,,,1.0,26,46
epdl1,0.024056168270867914,0.25957134795856884,1.0,323,52
lyve1a,,,1.0,15,15
nmbb,,,1.0,0,2
ptpn5,,,1.0,74,63
c6ast3,,,1.0,21,5
nwd2,,,1.0,39,101
col4a6,1.225475438560782,0.2065246708235855,1.0,479,364
bean1,,,1.0,34,75
alx4a,0.5388274694962124,0.13497865623356897,1.0,106,68
sv2ba,0.33371577370150857,-0.05431463799479874,1.0,108,68
cd59,,,1.0,121,4
ascl1b-1,,,1.0,50,10
si:ch73-335l21.4,0.0054223295974029926,0.25696360004796837,1.0,948,54
si:ch211-276a23.5,0.32211840200323727,0.7880488204757348,1.0,764,473
ponzr4,,,1.0,3,0
ponzr1,0.17588389560300688,0.3571843579022189,1.0,1165,259
ponzr3,,,1.0,20,0
tspan18a,0.39017552395811506,-0.2729628464456211,1.0,248,222
ponzr6,0.06350376548130587,0.3629125380765159,1.0,293,41
c1qtnf4,,,1.0,24,29
sult5a1,,,1.0,172,17
tnni2b.2,,,1.0,22,3
ponzr5,,,1.0,118,8
hsd11b2,,,1.0,96,22
tppp3,,,1.0,58,18
si:dkeyp-67a8.4-1,,,1.0,10,23
slc6a2,,,1.0,45,57
shha,,,1.0,106,7
slc25a22b,,,1.0,3,13
si:dkey-187j14.6,,,1.0,4,375
adma,,,1.0,48,1
si:dkey-19b23.12,,,1.0,65,7
fcer1g,0.06283077916162272,0.5361243965877932,1.0,2073,464
fgf4,,,1.0,6,0
si:ch211-285j22.3,,,1.0,109,7
si:dkey-85k7.7,0.442672901806897,-0.28000283400193693,1.0,213,215
si:dkey-46i9.1,,,1.0,147,32
BX323855.1,,,1.0,25,28
myom1b,0.1750659224622276,-0.38055892054898344,1.0,56,194
ntrk3b,,,1.0,31,583
CU467822.2,0.6533423014521124,0.10867893088715719,1.0,395,365
ccl36.1,,,1.0,153,13
muc5.3,,,1.0,57,87
dkk3a,,,1.0,96,31
bco1,,,1.0,73,53
zgc:195356,,,1.0,2,0
CR318620.1,2.73092556655965,0.20514642764863888,1.0,97,300
muc5f,,,1.0,6,4
sb:cb1058,,,1.0,286,70
slc1a2a,0.5338005906011741,-0.007757436280744434,1.0,83,97
si:ch73-119p20.1,,,1.0,50,5
si:dkey-58i8.5,,,1.0,10,1
si:ch73-380l10.2,,,1.0,108,29
CR848032.2,,,1.0,63,14
cxcl8b.1,,,1.0,31,5
mrc1a,1.4684014970531416,0.4992698244889071,1.0,269,349
sox17,,,1.0,81,3
cxcl8b.3,,,1.0,12,1
si:dkey-185m8.2,0.011836586874052453,0.10367698169160167,1.0,1881,34
plekhf1,,,1.0,273,3
si:dkey-19b23.8,0.44164284078898386,0.02314784114060986,1.0,86,49
sox32,,,1.0,22,3
cxcl19,0.014465745279874133,0.4025154906945375,1.0,266,125
ANPEP-1,0.25649366055743755,0.19131529522167556,1.0,128,87
si:ch211-119e14.1,0.040906254105934355,0.7833536912782756,1.0,1014,117
strc,,,1.0,8,67
si:ch211-63p21.1,0.015492693103128896,-0.16604537758805082,1.0,157,70
si:dkey-88n24.12,,,1.0,27,55
pkd1l2a,0.09122440616042461,-0.4244163764141806,1.0,70,182
si:dkey-31g16.2,,,1.0,0,7
zanl,,,1.0,67,80
otog,,,1.0,23,182
si:dkey-86l18.10,,,1.0,30,12
CABP4,,,1.0,76,16
si:ch211-196f2.3,,,1.0,13,8
ntn5,,,1.0,33,25
gas2b,,,1.0,10,33
RIC3,,,1.0,26,6
si:dkey-11k2.7,,,1.0,19,31
si:cabz01007794.1,0.3022502275982715,-0.05173439269972113,1.0,97,37
vgf,,,1.0,47,3
cldn15a,,,1.0,75,26
CR926130.1,,,1.0,12,7
CR926130.2,,,1.0,6,26
CU019646.1,,,1.0,17,4
unc45b,0.1279927224485816,-0.047045908972776385,1.0,355,94
neflb,,,1.0,88,6
tbx16,0.018740483280753797,-0.15924721537095876,1.0,128,73
pla2g1b,,,1.0,117,6
slc12a5b,0.5229544069344174,-0.16429406519113177,1.0,73,185
slc20a1a,0.4699830296158116,0.6301324517216103,1.0,1352,687
sypb,,,1.0,234,62
sult1st3,,,1.0,26,16
kcnn1b,,,1.0,42,240
star,,,1.0,12,3
trh,,,1.0,10,2
gadd45ga,,,1.0,338,5
guk1b,,,1.0,89,6
plk2b,0.30670789524570924,0.21444778776603812,1.0,256,75
nkx2.7,,,1.0,39,5
stc1,,,1.0,10,33
si:ch1073-459j12.1,0.01966087118785889,-0.06867226813390959,1.0,74,29
bgna,,,1.0,0,8
itgb4,0.12432287903320709,-0.0019074658206226225,1.0,239,65
hsp70l,0.03190151285714628,0.04317277639725703,1.0,443,190
tspan36,0.048981879074467265,0.5618101945493192,1.0,2434,529
ppdpfa,0.031089141718692252,0.22702835656489906,1.0,982,190
ocstamp,,,1.0,13,8
fut9d,,,1.0,21,0
angptl7,,,1.0,104,22
wasb,0.009914167119419174,-0.2573417433512233,1.0,2705,379
myl7,,,1.0,83,11
pbx3b,1.1495645276976314,-0.2574045704643222,1.0,226,772
cacna1fb,,,1.0,23,61
atp2a2a,0.4138697923680541,-0.6702760403833365,1.0,155,468
ampd1,0.03768887534688986,-0.3397662390570235,1.0,114,176
si:dkey-222n6.2,,,1.0,65,14
gstm.3,0.20889057033203298,-0.0606143293611896,1.0,297,47
sema3bl,,,1.0,32,71
mhc2a,,,1.0,210,19
mgll,0.09801392181656333,-0.29460009815968036,1.0,325,136
scrt2,,,1.0,173,12
alas2,0.09200680198971063,0.6416661298056996,1.0,2285,1368
lhx4,,,1.0,31,56
nppb,,,1.0,5,0
ren,,,1.0,0,7
ela2l,0.006960348618713001,-0.4009567220147965,1.0,568,836
gnat2,0.01858461811055513,-0.06362943595814263,1.0,396,55
mmp9,0.5184042088705471,0.8405489172012002,1.0,380,534
sypa,,,1.0,137,22
nefmb,,,1.0,91,2
hpdb,0.05848329484671492,0.07164667666838842,1.0,194,48
gpr37l1b,,,1.0,20,0
nppal,,,1.0,7,0
lmx1bb,4.650024051534157,0.20717654519589923,1.0,70,250
plcxd3,,,1.0,24,59
mpeg1.1,0.02185111607443403,0.2966947665284859,1.0,1293,125
ahcyl1,0.47501759080668476,0.18681107148750875,1.0,693,454
ccl27a,,,1.0,3,22
slc2a6,0.14585206057976222,0.37537894071556666,1.0,751,318
si:ch211-248e11.2,0.15916000309461226,0.1962399930464771,1.0,143,73
ptger4a,,,1.0,330,15
olfml2a,,,1.0,23,55
gck,,,1.0,20,8
cpox,0.17114518103058324,0.7831342095677666,1.0,2024,902
si:dkey-6n6.1,,,1.0,13,29
col2a1a,0.06024135990497894,0.4649731890768889,1.0,916,55
atp2b3a,,,1.0,54,86
tcf15,,,1.0,178,2
csf1b,,,1.0,33,69
slc6a17,,,1.0,22,25
zgc:136605,0.19423569114557626,0.8654376807808579,1.0,198,83
nexn,0.21442128703138405,-0.04227323783176429,1.0,306,66
slc13a3,,,1.0,13,10
elavl4,0.25549011300295943,-0.0762717094584191,1.0,408,342
si:dkey-56i24.1-1,0.025459398149431427,-0.08421400234748888,1.0,98,132
mhc2dab,,,1.0,416,5
si:ch211-218o21.4,,,1.0,46,15
emilin3a,,,1.0,15,0
nppa,,,1.0,15,7
pcsk1nl,0.21961315260302497,0.001375806371717303,1.0,82,88
si:dkey-164f24.2,0.012880131163299304,-0.1396695879935681,1.0,119,44
nr1h5,,,1.0,47,248
hmcn2-1,,,1.0,45,55
egr3,0.29333377592290466,0.7647629564716224,1.0,484,260
trabd2b,,,1.0,29,206
angptl2b,,,1.0,45,9
si:dkeyp-51b9.3,,,1.0,37,9
BX004774.2,,,1.0,14,3
si:dkey-8e10.2,0.11851987315723188,0.9355745791106725,1.0,125,47
elovl7a,,,1.0,31,10
kcnd1,0.05998567331804407,-0.35925050654691226,1.0,58,225
rnf220b,,,1.0,7,47
si:ch211-156j16.1,0.09394157164808939,0.02210022720653071,1.0,460,85
selenop,0.0050578687850042995,0.2002894575227422,1.0,1647,50
si:ch211-133l5.7,,,1.0,33,7
lhx2b,1.1631391668590987,-0.07168766572867935,1.0,72,74
ela2,0.004970530092172172,-0.4813391130392568,1.0,801,248
cfp,0.12202109992299201,0.5506443293360168,1.0,928,474
cabp4,,,1.0,10,82
myl2b,,,1.0,2,21
hes2.2,,,1.0,37,1
si:ch211-251b21.1,0.1358000447600761,0.3602246816391371,1.0,461,125
nkx3-1,,,1.0,113,6
espn,0.7866089663094976,-0.4219912322834072,1.0,161,1637
ajap1,,,1.0,41,90
itpr3,0.4929868055794314,0.1668776464523426,1.0,468,363
zgc:195245,,,1.0,63,95
si:ch211-255g12.6,,,1.0,74,9
c7a,,,1.0,16,19
lhx8b,,,1.0,0,9
avp,,,1.0,1,10
hp-1,,,1.0,324,5
fabp1b.1,,,1.0,645,13
FO704661.1,0.03235679485969403,0.11131009740121922,1.0,414,96
ccn1l2,,,1.0,25,6
zgc:112433,,,1.0,100,4
dusp2,0.013817919713950928,0.39503194658013263,1.0,1495,153
FO704758.1,,,1.0,2,7
epgn,,,1.0,22,22
fabp1b.2,,,1.0,3,7
exorh,,,1.0,30,0
BSN,,,1.0,38,0
ccdc80,,,1.0,68,35
slc40a1,0.017096738982259135,0.36544127219279676,1.0,1422,134
frzb,,,1.0,56,15
gpr183a,,,1.0,1274,22
tbx15,,,1.0,45,72
atp1a1b,0.2841327447976005,0.07380179931622333,1.0,346,123
tbr1b,,,1.0,25,0
nhlh2,,,1.0,140,7
ugt1a1,,,1.0,123,30
zic2a,,,1.0,77,0
asmtl,0.0019622575302742835,-0.44272001338875255,1.0,460,116
slc10a2,,,1.0,24,33
neurod1,,,1.0,292,13
en1a,,,1.0,54,1
mxc,,,1.0,92,12
fev,,,1.0,20,5
casq2,,,1.0,232,10
myl1,0.01855841135520725,0.18783280843560524,1.0,1397,35
pcbp3,,,1.0,44,247
si:ch73-199e17.1,,,1.0,3,0
tmem237a,0.4740196774335172,-0.007990334721720282,1.0,80,56
dlx1a,,,1.0,48,1
rcan1a,0.06768386601843658,-0.6693926276749249,1.0,733,277
slc39a10,0.1678388328327234,-0.3736913626264802,1.0,831,333
lcp1,0.12519545585383873,-0.005935542870268762,1.0,1941,1298
cavin2a,,,1.0,152,28
mylka,0.7921959702367417,0.4892883375748033,1.0,412,307
gpr143,,,1.0,88,137
tfpia,0.3853111192004856,-0.5874334955569294,1.0,66,310
scel,0.39965555202438957,-0.0929925107212144,1.0,112,46
si:ch211-125e6.5,,,1.0,367,7
igfbp5b,0.01233056481840241,-0.07578385221263462,1.0,280,37
fer1l6,,,1.0,27,69
ppp1r1c,0.2443319735564711,-0.2418149492319157,1.0,60,151
vil1,0.38795304065853914,-0.3068104606709745,1.0,105,218
ttn.2,0.05470364942931878,0.010725129678370582,1.0,2090,336
olig2,,,1.0,67,0
zgc:92380,0.10691300977986631,-0.13123443110216115,1.0,641,161
hsd3b1,,,1.0,2,12
cryba2b,,,1.0,257,2
fhl2a,,,1.0,64,48
cx30.3,,,1.0,72,2
egfl6,0.309690794084446,-1.1013344170449848,1.0,278,591
cxcr1,0.29263953103276996,0.7955604985303228,1.0,194,101
col4a1,0.11441624858668227,0.3379418074479825,1.0,187,55
METTL21C-1,,,1.0,2,22
f5,0.07433856160576063,0.644526416987713,1.0,674,144
ecrg4a,,,1.0,119,40
rpgra,,,1.0,172,20
hce2l1,,,1.0,2,1
desma,0.03207270320764266,-0.1746721731970995,1.0,737,167
ihha,,,1.0,11,7
pou1f1,,,1.0,5,24
evx2,,,1.0,6,0
hoxd12a,,,1.0,64,6
marco,0.04291024859731883,0.8009871212802643,1.0,1018,226
agr1,0.04175816123184797,-0.028168299546482034,1.0,260,58
myo10l3,1.771234879545367,0.27386916198891653,1.0,274,562
nyx,,,1.0,13,77
abi3bpa,,,1.0,19,51
tnfaip6,,,1.0,78,18
upf3a,,,1.0,82,52
zgc:172053,,,1.0,51,2
cnga4,,,1.0,7,9
neb,0.045931089871756745,-0.2905612073424404,1.0,826,213
crygm2d6,,,1.0,20,0
crygm2d12,,,1.0,100,0
tuba8l3,,,1.0,768,13
col8a1a,,,1.0,86,11
tmsb4x,0.02710734212190304,0.45535383844750155,1.0,5012,2356
crygm2d10,,,1.0,70,2
il13,,,1.0,64,8
crygm2d17,,,1.0,32,0
crygm2d14,,,1.0,20,2
dlx2a,,,1.0,98,0
jam2b,,,1.0,89,36
col6a3,0.04184373411740042,-0.05462523209821013,1.0,136,86
hcn5,,,1.0,15,8
twist2,,,1.0,50,17
crygm2d4,,,1.0,17,0
col28a2a,0.07819580926957417,-0.11751831245075417,1.0,322,145
tspearb,,,1.0,9,15
scn1laa,,,1.0,15,163
crygm2d17-1,,,1.0,74,0
crygm2d21,,,1.0,50,0
dct,,,1.0,29,9
ttn.1,0.011174211131176141,-0.03868981302860153,1.0,2036,103
pcdh8,,,1.0,70,4
pdzk1,,,1.0,52,65
zgc:113337,,,1.0,4,31
asb18,,,1.0,0,2
shox,,,1.0,26,10
si:dkey-83m22.7,,,1.0,3,1
si:dkey-219c10.4,,,1.0,1,13
tmeff2a,,,1.0,46,198
gcgb,,,1.0,73,1
gja8a,,,1.0,25,3
abca12,0.21288234966245326,-0.08523082676838123,1.0,108,103
rgcc,0.2610140271877765,0.22411367888633293,1.0,653,152
CR361551.1,,,1.0,0,22
BX247868.1,,,1.0,16,61
mxra5b,,,1.0,27,141
si:ch211-214p13.3,,,1.0,23,33
olig1,,,1.0,5,1
si:ch211-67e16.11,0.05391377038957747,-0.37513833786482453,1.0,112,133
itgb2,0.22630745216355325,0.5006365222090918,1.0,1949,833
si:ch211-121j5.4,,,1.0,20,6
BX469902.2,,,1.0,9,8
asmt,,,1.0,16,101
col4a2,0.6647156155548558,0.3642997540326246,1.0,156,226
lrp2a,0.5445866325492277,-0.6229978138039272,1.0,154,414
ndufa4l2a,,,1.0,14,1
si:ch73-193i22.1,,,1.0,14,8
CABZ01078737.1,0.06293551865054191,0.35721405843223075,1.0,1137,233
cnmd,0.05202907962856623,0.03287511638344964,1.0,212,28
pla1a-1,,,1.0,8,11
