human_gene,marker_class,marker_subclass,pathway_sources,n_external_sources,n_zebrafish_orthologs_in_all_genes
ACIN1,apoptosis,execution_apoptosis,Reactome_Apoptosis_or_Intrinsic_Apoptosis,1,2
CASP2,apoptosis,execution_apoptosis,KEGG_hsa04210_Apoptosis,1,1
CASP3,apoptosis,execution_apoptosis,KEGG_hsa04210_Apoptosis;Reactome_Apoptosis_or_Intrinsic_Apoptosis;previous_reviewed_core_panel,2,2
CASP7,apoptosis,execution_apoptosis,KEGG_hsa04210_Apoptosis;Reactome_Apoptosis_or_Intrinsic_Apoptosis;previous_reviewed_core_panel,2,1
DFFA,apoptosis,execution_apoptosis,KEGG_hsa04210_Apoptosis;Reactome_Apoptosis_or_Intrinsic_Apoptosis;previous_reviewed_core_panel,2,1
DFFB,apoptosis,execution_apoptosis,KEGG_hsa04210_Apoptosis;Reactome_Apoptosis_or_Intrinsic_Apoptosis,2,1
ROCK1,apoptosis,execution_apoptosis,Reactome_Apoptosis_or_Intrinsic_Apoptosis,1,1
CASP8,apoptosis,extrinsic_apoptosis,KEGG_hsa04210_Apoptosis;Reactome_Apoptosis_or_Intrinsic_Apoptosis,2,1
DAB2IP,apoptosis,extrinsic_apoptosis,KEGG_hsa04210_Apoptosis,1,2
FADD,apoptosis,extrinsic_apoptosis,KEGG_hsa04210_Apoptosis;Reactome_Apoptosis_or_Intrinsic_Apoptosis,2,1
FAS,apoptosis,extrinsic_apoptosis,KEGG_hsa04210_Apoptosis;Reactome_Apoptosis_or_Intrinsic_Apoptosis,2,1
FASLG,apoptosis,extrinsic_apoptosis,KEGG_hsa04210_Apoptosis;Reactome_Apoptosis_or_Intrinsic_Apoptosis;previous_reviewed_core_panel,2,1
TNFRSF1A,apoptosis,extrinsic_apoptosis,KEGG_hsa04210_Apoptosis,1,1
TNFSF10,apoptosis,extrinsic_apoptosis,KEGG_hsa04210_Apoptosis;Reactome_Apoptosis_or_Intrinsic_Apoptosis;previous_reviewed_core_panel,2,2
TRADD,apoptosis,extrinsic_apoptosis,KEGG_hsa04210_Apoptosis;Reactome_Apoptosis_or_Intrinsic_Apoptosis,2,1
AIFM1,apoptosis,intrinsic_apoptosis,KEGG_hsa04210_Apoptosis,1,1
APAF1,apoptosis,intrinsic_apoptosis,KEGG_hsa04210_Apoptosis;Reactome_Apoptosis_or_Intrinsic_Apoptosis,2,1
BAD,apoptosis,intrinsic_apoptosis,KEGG_hsa04210_Apoptosis;Reactome_Apoptosis_or_Intrinsic_Apoptosis,2,1
BAX,apoptosis,intrinsic_apoptosis,KEGG_hsa04210_Apoptosis;Reactome_Apoptosis_or_Intrinsic_Apoptosis;previous_reviewed_core_panel,2,2
BBC3,apoptosis,intrinsic_apoptosis,KEGG_hsa04210_Apoptosis;Reactome_Apoptosis_or_Intrinsic_Apoptosis,2,1
BCL2L11,apoptosis,intrinsic_apoptosis,KEGG_hsa04210_Apoptosis;Reactome_Apoptosis_or_Intrinsic_Apoptosis;previous_reviewed_core_panel,2,1
BID,apoptosis,intrinsic_apoptosis,KEGG_hsa04210_Apoptosis;Reactome_Apoptosis_or_Intrinsic_Apoptosis,2,1
BNIP3L,apoptosis,intrinsic_apoptosis,previous_reviewed_core_panel,0,2
CASP9,apoptosis,intrinsic_apoptosis,KEGG_hsa04210_Apoptosis;Reactome_Apoptosis_or_Intrinsic_Apoptosis;previous_reviewed_core_panel,2,1
DIABLO,apoptosis,intrinsic_apoptosis,KEGG_hsa04210_Apoptosis;Reactome_Apoptosis_or_Intrinsic_Apoptosis;previous_reviewed_core_panel,2,1
ENDOG,apoptosis,intrinsic_apoptosis,KEGG_hsa04210_Apoptosis,1,1
OMA1,apoptosis,intrinsic_apoptosis,Reactome_Apoptosis_or_Intrinsic_Apoptosis,1,1
DAP3,apoptosis,stress_pro_apoptotic,previous_reviewed_core_panel,0,1
DAPK1,apoptosis,stress_pro_apoptotic,Reactome_Apoptosis_or_Intrinsic_Apoptosis,1,1
DAPK2,apoptosis,stress_pro_apoptotic,Reactome_Apoptosis_or_Intrinsic_Apoptosis,1,1
DAPK3,apoptosis,stress_pro_apoptotic,Reactome_Apoptosis_or_Intrinsic_Apoptosis,1,1
DDIT3,apoptosis,stress_pro_apoptotic,KEGG_hsa04210_Apoptosis,1,1
EIF2AK3,apoptosis,stress_pro_apoptotic,KEGG_hsa04210_Apoptosis,1,1
MAP3K5,apoptosis,stress_pro_apoptotic,KEGG_hsa04210_Apoptosis,1,1
PRKCD,apoptosis,stress_pro_apoptotic,Reactome_Apoptosis_or_Intrinsic_Apoptosis,1,2
TP53,apoptosis,stress_pro_apoptotic,KEGG_hsa04210_Apoptosis;Reactome_Apoptosis_or_Intrinsic_Apoptosis;previous_reviewed_core_panel,2,1
TP53BP2,apoptosis,stress_pro_apoptotic,Reactome_Apoptosis_or_Intrinsic_Apoptosis,1,2
UNC5B,apoptosis,stress_pro_apoptotic,Reactome_Apoptosis_or_Intrinsic_Apoptosis,1,1
ANLN,proliferation,G2M_phase,Seurat_cc.genes.updated.2019/Tirosh2016,1,1
ANP32E,proliferation,G2M_phase,Seurat_cc.genes.updated.2019/Tirosh2016,1,1
AURKA,proliferation,G2M_phase,Seurat_cc.genes.updated.2019/Tirosh2016;Reactome_Cell_Cycle_Mitotic_or_DNA_Replication;previous_reviewed_core_panel,2,1
AURKB,proliferation,G2M_phase,Seurat_cc.genes.updated.2019/Tirosh2016;KEGG_hsa04110_Cell_cycle;Reactome_Cell_Cycle_Mitotic_or_DNA_Replication;previous_reviewed_core_panel,3,1
BIRC5,proliferation,G2M_phase,Seurat_cc.genes.updated.2019/Tirosh2016;Reactome_Cell_Cycle_Mitotic_or_DNA_Replication;previous_reviewed_core_panel,2,1
BUB1,proliferation,G2M_phase,Seurat_cc.genes.updated.2019/Tirosh2016;KEGG_hsa04110_Cell_cycle;Reactome_Cell_Cycle_Mitotic_or_DNA_Replication;previous_reviewed_core_panel,3,1
BUB3,proliferation,G2M_phase,KEGG_hsa04110_Cell_cycle;Reactome_Cell_Cycle_Mitotic_or_DNA_Replication;previous_reviewed_core_panel,2,1
CCNB1,proliferation,G2M_phase,KEGG_hsa04110_Cell_cycle;Reactome_Cell_Cycle_Mitotic_or_DNA_Replication;previous_reviewed_core_panel,2,1
CCNB2,proliferation,G2M_phase,Seurat_cc.genes.updated.2019/Tirosh2016;KEGG_hsa04110_Cell_cycle;Reactome_Cell_Cycle_Mitotic_or_DNA_Replication;previous_reviewed_core_panel,3,1
CDC20,proliferation,G2M_phase,Seurat_cc.genes.updated.2019/Tirosh2016;KEGG_hsa04110_Cell_cycle;Reactome_Cell_Cycle_Mitotic_or_DNA_Replication;previous_reviewed_core_panel,3,1
CDK1,proliferation,G2M_phase,Seurat_cc.genes.updated.2019/Tirosh2016;KEGG_hsa04110_Cell_cycle;Reactome_Cell_Cycle_Mitotic_or_DNA_Replication;previous_reviewed_core_panel,3,1
CENPF,proliferation,G2M_phase,Seurat_cc.genes.updated.2019/Tirosh2016;Reactome_Cell_Cycle_Mitotic_or_DNA_Replication;previous_reviewed_core_panel,2,1
CENPK,proliferation,G2M_phase,Reactome_Cell_Cycle_Mitotic_or_DNA_Replication;previous_reviewed_core_panel,1,1
CKAP2L,proliferation,G2M_phase,Seurat_cc.genes.updated.2019/Tirosh2016,1,1
CKAP5,proliferation,G2M_phase,Seurat_cc.genes.updated.2019/Tirosh2016;Reactome_Cell_Cycle_Mitotic_or_DNA_Replication,2,1
CKS1B,proliferation,G2M_phase,Seurat_cc.genes.updated.2019/Tirosh2016;Reactome_Cell_Cycle_Mitotic_or_DNA_Replication,2,1
CKS2,proliferation,G2M_phase,Seurat_cc.genes.updated.2019/Tirosh2016,1,1
CTCF,proliferation,G2M_phase,Seurat_cc.genes.updated.2019/Tirosh2016,1,1
DLGAP5,proliferation,G2M_phase,Seurat_cc.genes.updated.2019/Tirosh2016,1,1
ECT2,proliferation,G2M_phase,Seurat_cc.genes.updated.2019/Tirosh2016,1,1
G2E3,proliferation,G2M_phase,Seurat_cc.genes.updated.2019/Tirosh2016,1,1
GAS2L3,proliferation,G2M_phase,Seurat_cc.genes.updated.2019/Tirosh2016,1,1
GTSE1,proliferation,G2M_phase,Seurat_cc.genes.updated.2019/Tirosh2016;Reactome_Cell_Cycle_Mitotic_or_DNA_Replication,2,1
HMGB2,proliferation,G2M_phase,Seurat_cc.genes.updated.2019/Tirosh2016,1,2
HMMR,proliferation,G2M_phase,Seurat_cc.genes.updated.2019/Tirosh2016;Reactome_Cell_Cycle_Mitotic_or_DNA_Replication,2,1
KIF11,proliferation,G2M_phase,Seurat_cc.genes.updated.2019/Tirosh2016;previous_reviewed_core_panel,1,1
KIF20B,proliferation,G2M_phase,Seurat_cc.genes.updated.2019/Tirosh2016,1,2
KIF23,proliferation,G2M_phase,Seurat_cc.genes.updated.2019/Tirosh2016;Reactome_Cell_Cycle_Mitotic_or_DNA_Replication,2,1
KIF2C,proliferation,G2M_phase,Seurat_cc.genes.updated.2019/Tirosh2016;Reactome_Cell_Cycle_Mitotic_or_DNA_Replication,2,1
LBR,proliferation,G2M_phase,Seurat_cc.genes.updated.2019/Tirosh2016;Reactome_Cell_Cycle_Mitotic_or_DNA_Replication,2,1
MAD2L1,proliferation,G2M_phase,KEGG_hsa04110_Cell_cycle;Reactome_Cell_Cycle_Mitotic_or_DNA_Replication;previous_reviewed_core_panel,2,1
MKI67,proliferation,G2M_phase,Seurat_cc.genes.updated.2019/Tirosh2016;previous_reviewed_core_panel,1,1
NCAPD2,proliferation,G2M_phase,Seurat_cc.genes.updated.2019/Tirosh2016;Reactome_Cell_Cycle_Mitotic_or_DNA_Replication,2,1
NDC80,proliferation,G2M_phase,Seurat_cc.genes.updated.2019/Tirosh2016;KEGG_hsa04110_Cell_cycle;Reactome_Cell_Cycle_Mitotic_or_DNA_Replication;previous_reviewed_core_panel,3,1
NEK2,proliferation,G2M_phase,Seurat_cc.genes.updated.2019/Tirosh2016;Reactome_Cell_Cycle_Mitotic_or_DNA_Replication,2,1
PLK1,proliferation,G2M_phase,KEGG_hsa04110_Cell_cycle;Reactome_Cell_Cycle_Mitotic_or_DNA_Replication;previous_reviewed_core_panel,2,1
RANGAP1,proliferation,G2M_phase,Seurat_cc.genes.updated.2019/Tirosh2016;Reactome_Cell_Cycle_Mitotic_or_DNA_Replication,2,2
SMC4,proliferation,G2M_phase,Seurat_cc.genes.updated.2019/Tirosh2016;Reactome_Cell_Cycle_Mitotic_or_DNA_Replication;previous_reviewed_core_panel,2,1
TACC3,proliferation,G2M_phase,Seurat_cc.genes.updated.2019/Tirosh2016,1,1
TMPO,proliferation,G2M_phase,Seurat_cc.genes.updated.2019/Tirosh2016;Reactome_Cell_Cycle_Mitotic_or_DNA_Replication,2,2
TOP2A,proliferation,G2M_phase,Seurat_cc.genes.updated.2019/Tirosh2016;Reactome_Cell_Cycle_Mitotic_or_DNA_Replication;previous_reviewed_core_panel,2,1
TPX2,proliferation,G2M_phase,Seurat_cc.genes.updated.2019/Tirosh2016;Reactome_Cell_Cycle_Mitotic_or_DNA_Replication;previous_reviewed_core_panel,2,1
TTK,proliferation,G2M_phase,Seurat_cc.genes.updated.2019/Tirosh2016;KEGG_hsa04110_Cell_cycle,2,1
UBE2C,proliferation,G2M_phase,Seurat_cc.genes.updated.2019/Tirosh2016;Reactome_Cell_Cycle_Mitotic_or_DNA_Replication;previous_reviewed_core_panel,2,1
ATAD2,proliferation,S_phase,Seurat_cc.genes.updated.2019/Tirosh2016,1,1
BLM,proliferation,S_phase,Seurat_cc.genes.updated.2019/Tirosh2016,1,1
CASP8AP2,proliferation,S_phase,Seurat_cc.genes.updated.2019/Tirosh2016,1,1
CCNE1,proliferation,S_phase,KEGG_hsa04110_Cell_cycle;Reactome_Cell_Cycle_Mitotic_or_DNA_Replication;previous_reviewed_core_panel,2,1
CDC45,proliferation,S_phase,Seurat_cc.genes.updated.2019/Tirosh2016;KEGG_hsa04110_Cell_cycle;Reactome_Cell_Cycle_Mitotic_or_DNA_Replication,3,1
CDC6,proliferation,S_phase,Seurat_cc.genes.updated.2019/Tirosh2016;KEGG_hsa04110_Cell_cycle;Reactome_Cell_Cycle_Mitotic_or_DNA_Replication;previous_reviewed_core_panel,3,1
CDCA7,proliferation,S_phase,Seurat_cc.genes.updated.2019/Tirosh2016,1,1
CHAF1B,proliferation,S_phase,Seurat_cc.genes.updated.2019/Tirosh2016,1,1
DSCC1,proliferation,S_phase,Seurat_cc.genes.updated.2019/Tirosh2016,1,1
DTL,proliferation,S_phase,Seurat_cc.genes.updated.2019/Tirosh2016,1,1
E2F8,proliferation,S_phase,Seurat_cc.genes.updated.2019/Tirosh2016,1,1
EXO1,proliferation,S_phase,Seurat_cc.genes.updated.2019/Tirosh2016,1,1
FEN1,proliferation,S_phase,Seurat_cc.genes.updated.2019/Tirosh2016;Reactome_Cell_Cycle_Mitotic_or_DNA_Replication,2,1
GINS1,proliferation,S_phase,Reactome_Cell_Cycle_Mitotic_or_DNA_Replication;previous_reviewed_core_panel,1,1
GINS2,proliferation,S_phase,Seurat_cc.genes.updated.2019/Tirosh2016;Reactome_Cell_Cycle_Mitotic_or_DNA_Replication;previous_reviewed_core_panel,2,1
GINS3,proliferation,S_phase,Reactome_Cell_Cycle_Mitotic_or_DNA_Replication;previous_reviewed_core_panel,1,1
GMNN,proliferation,S_phase,Seurat_cc.genes.updated.2019/Tirosh2016;Reactome_Cell_Cycle_Mitotic_or_DNA_Replication;previous_reviewed_core_panel,2,1
HELLS,proliferation,S_phase,Seurat_cc.genes.updated.2019/Tirosh2016,1,1
MCM10,proliferation,S_phase,Reactome_Cell_Cycle_Mitotic_or_DNA_Replication;previous_reviewed_core_panel,1,1
MCM2,proliferation,S_phase,KEGG_hsa04110_Cell_cycle;Reactome_Cell_Cycle_Mitotic_or_DNA_Replication;previous_reviewed_core_panel,2,1
MCM3,proliferation,S_phase,KEGG_hsa04110_Cell_cycle;Reactome_Cell_Cycle_Mitotic_or_DNA_Replication;previous_reviewed_core_panel,2,1
MCM4,proliferation,S_phase,Seurat_cc.genes.updated.2019/Tirosh2016;KEGG_hsa04110_Cell_cycle;Reactome_Cell_Cycle_Mitotic_or_DNA_Replication;previous_reviewed_core_panel,3,1
MCM5,proliferation,S_phase,Seurat_cc.genes.updated.2019/Tirosh2016;KEGG_hsa04110_Cell_cycle;Reactome_Cell_Cycle_Mitotic_or_DNA_Replication;previous_reviewed_core_panel,3,1
MCM6,proliferation,S_phase,Seurat_cc.genes.updated.2019/Tirosh2016;KEGG_hsa04110_Cell_cycle;Reactome_Cell_Cycle_Mitotic_or_DNA_Replication;previous_reviewed_core_panel,3,1
MRPL36,proliferation,S_phase,Seurat_cc.genes.updated.2019/Tirosh2016,1,1
MSH2,proliferation,S_phase,Seurat_cc.genes.updated.2019/Tirosh2016,1,1
NASP,proliferation,S_phase,Seurat_cc.genes.updated.2019/Tirosh2016,1,1
ORC1,proliferation,S_phase,KEGG_hsa04110_Cell_cycle;Reactome_Cell_Cycle_Mitotic_or_DNA_Replication;previous_reviewed_core_panel,2,1
PCNA,proliferation,S_phase,Seurat_cc.genes.updated.2019/Tirosh2016;KEGG_hsa04110_Cell_cycle;Reactome_Cell_Cycle_Mitotic_or_DNA_Replication;previous_reviewed_core_panel,3,1
POLA1,proliferation,S_phase,Seurat_cc.genes.updated.2019/Tirosh2016;Reactome_Cell_Cycle_Mitotic_or_DNA_Replication,2,1
POLA2,proliferation,S_phase,Reactome_Cell_Cycle_Mitotic_or_DNA_Replication;previous_reviewed_core_panel,1,1
POLD3,proliferation,S_phase,Seurat_cc.genes.updated.2019/Tirosh2016;Reactome_Cell_Cycle_Mitotic_or_DNA_Replication,2,1
POLR1B,proliferation,S_phase,Seurat_cc.genes.updated.2019/Tirosh2016,1,1
PRIM1,proliferation,S_phase,Seurat_cc.genes.updated.2019/Tirosh2016;Reactome_Cell_Cycle_Mitotic_or_DNA_Replication,2,1
RAD51,proliferation,S_phase,Seurat_cc.genes.updated.2019/Tirosh2016,1,1
RAD51AP1,proliferation,S_phase,Seurat_cc.genes.updated.2019/Tirosh2016,1,1
RFC2,proliferation,S_phase,Seurat_cc.genes.updated.2019/Tirosh2016;Reactome_Cell_Cycle_Mitotic_or_DNA_Replication;previous_reviewed_core_panel,2,1
RFC3,proliferation,S_phase,Reactome_Cell_Cycle_Mitotic_or_DNA_Replication;previous_reviewed_core_panel,1,1
RRM1,proliferation,S_phase,Seurat_cc.genes.updated.2019/Tirosh2016,1,1
RRM2,proliferation,S_phase,Seurat_cc.genes.updated.2019/Tirosh2016;Reactome_Cell_Cycle_Mitotic_or_DNA_Replication,2,1
TIPIN,proliferation,S_phase,Seurat_cc.genes.updated.2019/Tirosh2016,1,1
TYMS,proliferation,S_phase,Seurat_cc.genes.updated.2019/Tirosh2016;Reactome_Cell_Cycle_Mitotic_or_DNA_Replication;previous_reviewed_core_panel,2,1
UBR7,proliferation,S_phase,Seurat_cc.genes.updated.2019/Tirosh2016,1,1
UHRF1,proliferation,S_phase,Seurat_cc.genes.updated.2019/Tirosh2016,1,1
UNG,proliferation,S_phase,Seurat_cc.genes.updated.2019/Tirosh2016,1,1
USP1,proliferation,S_phase,Seurat_cc.genes.updated.2019/Tirosh2016,1,1
WDR76,proliferation,S_phase,Seurat_cc.genes.updated.2019/Tirosh2016,1,1
