source,path,status,context,kind,bytes,sha256
zebrafish_hematopoiesis_growth_mapping_graphvelo_moscot.ipynb,executed_notebooks/zebrafish_hematopoiesis_growth_mapping_graphvelo_moscot.ipynb,CURRENT SAVED RUN,41 executed nonempty cells; no saved errors. Original paths and outputs preserved; not a new execution.,notebook,1928571,f04295b650abc868ae3d9bd36e411b92e5bf32da7f1d9355b604b82c306f324b
zebrafish_hematopoiesis_growth_mapping_graphvelo_moscot.ipynb#cell-17-output-2,notebook_figures/zebrafish_hematopoiesis_growth_mapping_graphvelo_moscot/cell_017_output_02.png,CURRENT SAVED RUN,6. Data-driven candidate-marker discovery without relabeling. 41 executed nonempty cells; no saved errors. Original paths and outputs preserved; not a new execution.,notebook_image,241389,75a7bb03968600cd5c109c49754a3d211f55f22903cc680970f26d4a85c65146
zebrafish_hematopoiesis_growth_mapping_graphvelo_moscot.ipynb#cell-23-output-1,notebook_figures/zebrafish_hematopoiesis_growth_mapping_graphvelo_moscot/cell_023_output_01.png,CURRENT SAVED RUN,7. Restrict to official labels and run Dynamo preprocessing once. 41 executed nonempty cells; no saved errors. Original paths and outputs preserved; not a new execution.,notebook_image,447942,cdbfc7c5913507dda42ee9fcf7ce26446eeca59c6a7353ba5870ea223bc22333
zebrafish_hematopoiesis_growth_mapping_graphvelo_moscot.ipynb#cell-66-output-2,notebook_figures/zebrafish_hematopoiesis_growth_mapping_graphvelo_moscot/cell_066_output_02.png,CURRENT SAVED RUN,"24. Visualize native moscot growth, fate, and velocity agreement. 41 executed nonempty cells; no saved errors. Original paths and outputs preserved; not a new execution.",notebook_image,393789,6eb7ea8c59ba38e4cf9d79a301583dd2d9cf26ffb7120facd067c9bad02806fb
zebrafish_hematopoiesis_growth_mapping_graphvelo_moscot.ipynb#cell-66-output-3,notebook_figures/zebrafish_hematopoiesis_growth_mapping_graphvelo_moscot/cell_066_output_03.png,CURRENT SAVED RUN,"24. Visualize native moscot growth, fate, and velocity agreement. 41 executed nonempty cells; no saved errors. Original paths and outputs preserved; not a new execution.",notebook_image,41602,10d2a3f241a47e7e997c0227441d09d8fdf3ccfa089f10b2a1960dd497cf561d
hematopoiesis_GraphVelo_moscot.ipynb,executed_notebooks/hematopoiesis_GraphVelo_moscot.ipynb,HISTORICAL / SAVED ERROR,Earlier combined model; saved categorical-median error. Superseded by native M0/M1.,notebook,2881884,500937ea668454e48933b88a6c2b2c35046fd772c79a41c7ff18222ccdc7a0d7
hematopoiesis_GraphVelo_moscot.ipynb#cell-17-output-2,notebook_figures/hematopoiesis_GraphVelo_moscot/cell_017_output_02.png,HISTORICAL / SAVED ERROR,6. Data-driven candidate-marker discovery without relabeling. Earlier combined model; saved categorical-median error. Superseded by native M0/M1.,notebook_image,241389,75a7bb03968600cd5c109c49754a3d211f55f22903cc680970f26d4a85c65146
hematopoiesis_GraphVelo_moscot.ipynb#cell-21-output-1,notebook_figures/hematopoiesis_GraphVelo_moscot/cell_021_output_01.png,HISTORICAL / SAVED ERROR,7. Restrict to official labels and run Dynamo preprocessing once. Earlier combined model; saved categorical-median error. Superseded by native M0/M1.,notebook_image,447942,cdbfc7c5913507dda42ee9fcf7ce26446eeca59c6a7353ba5870ea223bc22333
hematopoiesis_GraphVelo_moscot.ipynb#cell-56-output-2,notebook_figures/hematopoiesis_GraphVelo_moscot/cell_056_output_02.png,HISTORICAL / SAVED ERROR,21. Aggregate cell-level couplings to official cell-type transitions. Earlier combined model; saved categorical-median error. Superseded by native M0/M1.,notebook_image,469353,03cdac31b5e5eca29b33941f80a6ed36065fe31c6801b0b52363eb0c4d4d4bf7
hematopoiesis_GraphVelo_moscot.ipynb#cell-58-output-2,notebook_figures/hematopoiesis_GraphVelo_moscot/cell_058_output_02.png,HISTORICAL / SAVED ERROR,22. HSPC push-forward fate distributions through multiple time points. Earlier combined model; saved categorical-median error. Superseded by native M0/M1.,notebook_image,147322,4ed5110a0fba6b3416a6a1e40c257199f1727538ed308c7e5f7450f8f2a8083d
hematopoiesis_GraphVelo_moscot.ipynb#cell-60-output-3,notebook_figures/hematopoiesis_GraphVelo_moscot/cell_060_output_03.png,HISTORICAL / SAVED ERROR,23. Convert combined couplings into real-time PCA velocities. Earlier combined model; saved categorical-median error. Superseded by native M0/M1.,notebook_image,471663,57b6f614d44aead94491e80a014b046de8a100cb82f8a38ebe946fb008bc072f
hematopoiesis_GraphVelo_moscot.ipynb#cell-72-output-2,notebook_figures/hematopoiesis_GraphVelo_moscot/cell_072_output_02.png,HISTORICAL / SAVED ERROR,Interpretation checklist before reporting. Earlier combined model; saved categorical-median error. Superseded by native M0/M1.,notebook_image,127040,6d3edab14bd3c609c3f425ace68a56ea622a88282d6d6bd74cdc0567a6b72980
hematopoiesis_graphvelo_2.ipynb,executed_notebooks/hematopoiesis_graphvelo_2.ipynb,HISTORICAL / PARTIAL RUN,Earlier GraphVelo stage; some nonempty cells have no execution count.,notebook,2069176,289ec396058b20d9802b5c30201b8a08e52f1e0367a7888ccbfada54b782d78d
hematopoiesis_graphvelo_2.ipynb#cell-16-output-2,notebook_figures/hematopoiesis_graphvelo_2/cell_016_output_02.png,HISTORICAL / PARTIAL RUN,6. Data-driven candidate-marker discovery without relabeling. Earlier GraphVelo stage; some nonempty cells have no execution count.,notebook_image,538364,03b9ce7c812fc915f14e5df962ab7d402b26c85598a3360f62291201bcc21129
hematopoiesis_graphvelo_2.ipynb#cell-20-output-1,notebook_figures/hematopoiesis_graphvelo_2/cell_020_output_01.png,HISTORICAL / PARTIAL RUN,7. Restrict to official labels and run Dynamo preprocessing once. Earlier GraphVelo stage; some nonempty cells have no execution count.,notebook_image,447942,cdbfc7c5913507dda42ee9fcf7ce26446eeca59c6a7353ba5870ea223bc22333
hematopoiesis_graphvelo_2.ipynb#cell-40-output-1,notebook_figures/hematopoiesis_graphvelo_2/cell_040_output_01.png,HISTORICAL / PARTIAL RUN,15. Main result: directed weighted official-cell-type network. Earlier GraphVelo stage; some nonempty cells have no execution count.,notebook_image,219621,d2b94639adecccf1d1497fc09ed1ece88c0c7df50135b8120a7b3388a8a413a2
hematopoiesis_graphvelo_2.ipynb#cell-47-output-1,notebook_figures/hematopoiesis_graphvelo_2/cell_047_output_01.png,HISTORICAL / PARTIAL RUN,16. Optional ODE trajectories in PCA space. Earlier GraphVelo stage; some nonempty cells have no execution count.,notebook_image,230198,8e83d38efbcb9b96b3702f4c3f755868b022fd46d669e616af6d13a430cae1f2
hematopoiesis_graphvelo.ipynb,executed_notebooks/hematopoiesis_graphvelo.ipynb,HISTORICAL / SAVED ERROR,Earlier annotation approach; saved SUBTYPE_RULES NameError.,notebook,117109,0274b424d6409ef981c4c29dfa34ca62a0056d0ed71eaf44f9fa73e2be4fd2bf
zebrafish_human_cross_species_validation.before_expanded_panel.ipynb,executed_notebooks/zebrafish_human_cross_species_validation.before_expanded_panel.ipynb,SUPERSEDED HUMAN VALIDATION,"Executed older marker-panel analysis, not the current expanded-panel result.",notebook,539919,0cb368bcaa5ba906a43711b7045483270755872bf4d9eed6ccaabf1ddb2a0847
zebrafish_human_cross_species_validation.before_expanded_panel.ipynb#cell-26-output-1,notebook_figures/zebrafish_human_cross_species_validation.before_expanded_panel/cell_026_output_01.png,SUPERSEDED HUMAN VALIDATION,"12. Black-and-white figures. Executed older marker-panel analysis, not the current expanded-panel result.",notebook_image,37432,df62bf32813ac4eca84ce82d565ca24cefbfdf99cef131c72dbf40f257f685a6
zebrafish_human_cross_species_validation.before_expanded_panel.ipynb#cell-27-output-1,notebook_figures/zebrafish_human_cross_species_validation.before_expanded_panel/cell_027_output_01.png,SUPERSEDED HUMAN VALIDATION,"12. Black-and-white figures. Executed older marker-panel analysis, not the current expanded-panel result.",notebook_image,39924,1b6a7e60f6e1a9e22127734006f0c1d8c796eaf6fea9d626c85e4dcc5de93f86
zebrafish_human_cross_species_validation.before_expanded_panel.ipynb#cell-27-output-2,notebook_figures/zebrafish_human_cross_species_validation.before_expanded_panel/cell_027_output_02.png,SUPERSEDED HUMAN VALIDATION,"12. Black-and-white figures. Executed older marker-panel analysis, not the current expanded-panel result.",notebook_image,41847,ff1a0f1d498583cf08a9a455c1d1576dc6e3345cb055ad121d268441c5b79375
zebrafish_human_cross_species_validation.before_expanded_panel.ipynb#cell-28-output-1,notebook_figures/zebrafish_human_cross_species_validation.before_expanded_panel/cell_028_output_01.png,SUPERSEDED HUMAN VALIDATION,"12. Black-and-white figures. Executed older marker-panel analysis, not the current expanded-panel result.",notebook_image,70424,7ef16abf725b514ee7aa9d16acdb6f12e119c237b596de328003444dd0879600
zebrafish_human_cross_species_validation.before_expanded_panel.ipynb#cell-29-output-1,notebook_figures/zebrafish_human_cross_species_validation.before_expanded_panel/cell_029_output_01.png,SUPERSEDED HUMAN VALIDATION,"12. Black-and-white figures. Executed older marker-panel analysis, not the current expanded-panel result.",notebook_image,38407,301ee2eb10cdac6fc4e3d0762168888c7b43bf90d78ba8b728fb17b87f71bc2b
zebrafish_human_cross_species_validation.before_expanded_panel.ipynb#cell-30-output-1,notebook_figures/zebrafish_human_cross_species_validation.before_expanded_panel/cell_030_output_01.png,SUPERSEDED HUMAN VALIDATION,"12. Black-and-white figures. Executed older marker-panel analysis, not the current expanded-panel result.",notebook_image,45564,1534f45f8eb23c9cf053a4059a1c6af3b170bf085eaa2cdd9e6636d0368c6bf9
blood_growth_graphvelo_moscot_v2/results/figures/exploratory_cell_level_candidate_markers.pdf,original_figures/blood_growth_graphvelo_moscot_v2/results/figures/exploratory_cell_level_candidate_markers.pdf,CURRENT / READ WITH CORRECTED AUDITS,Native M0/M1; cell-level marker plots are exploratory. Use corrected directional evidence and support gates for interpretation.,standalone_figure,25008,aee724b9e393e5735b0d8a58cc1ccf5262480cd942581f79acfb5c1b7b6a57e4
blood_growth_graphvelo_moscot_v2/results/figures/moscot_M1_conditional_fate_heatmaps.pdf,original_figures/blood_growth_graphvelo_moscot_v2/results/figures/moscot_M1_conditional_fate_heatmaps.pdf,CURRENT / READ WITH CORRECTED AUDITS,Native M0/M1; cell-level marker plots are exploratory. Use corrected directional evidence and support gates for interpretation.,standalone_figure,36821,1ff90facecfa32ddb6afef5e3789896d53c76a9578739812eeb222d0f90dc7ba
blood_growth_graphvelo_moscot_v2/results/figures/official_fine_type_pca_state_space.pdf,original_figures/blood_growth_graphvelo_moscot_v2/results/figures/official_fine_type_pca_state_space.pdf,CURRENT / READ WITH CORRECTED AUDITS,Native M0/M1; cell-level marker plots are exploratory. Use corrected directional evidence and support gates for interpretation.,standalone_figure,497252,51b26cca3019b654303521865d5e10d9629cfe353b9ff28f51d3ec5aaad1fccf
blood_growth_graphvelo_moscot_v2/results/figures/velocity_agreement_by_proliferation_quartile.pdf,original_figures/blood_growth_graphvelo_moscot_v2/results/figures/velocity_agreement_by_proliferation_quartile.pdf,CURRENT / READ WITH CORRECTED AUDITS,Native M0/M1; cell-level marker plots are exploratory. Use corrected directional evidence and support gates for interpretation.,standalone_figure,14247,f8215513774a0a7f86dbcbfb3e5c0206ee6c895baf20d90f0354cb9608a3e46f
cross_species_validation/figures/01_dataset_audit.pdf,original_figures/cross_species_validation/figures/01_dataset_audit.pdf,CURRENT EXPRESSION-PROGRAM VALIDATION,"Human comparisons test expression programs, not fate, velocity or absolute growth.",standalone_figure,15738,b1e3ca0f58191b42f191763c607ca81f43ffe825f2c90e0f5afee42f00f63354
cross_species_validation/figures/02_apoptosis_pseudobulks.pdf,original_figures/cross_species_validation/figures/02_apoptosis_pseudobulks.pdf,CURRENT EXPRESSION-PROGRAM VALIDATION,"Human comparisons test expression programs, not fate, velocity or absolute growth.",standalone_figure,14343,b30cb19f4bfe8688128c5945acfc1447cef558ded5429e63991fa2f12f20e7ad
cross_species_validation/figures/02_proliferation_pseudobulks.pdf,original_figures/cross_species_validation/figures/02_proliferation_pseudobulks.pdf,CURRENT EXPRESSION-PROGRAM VALIDATION,"Human comparisons test expression programs, not fate, velocity or absolute growth.",standalone_figure,14542,3ac596a2e32e6a2a906e2f22634fa08b462c9a685588b4131969ebfd57f8bdbd
cross_species_validation/figures/03_zebrafish_popescu_proliferation_profile.pdf,original_figures/cross_species_validation/figures/03_zebrafish_popescu_proliferation_profile.pdf,CURRENT EXPRESSION-PROGRAM VALIDATION,"Human comparisons test expression programs, not fate, velocity or absolute growth.",standalone_figure,22496,c6ff1eefada28bba6064a440222cdc8722d0d8e89c20b8f7f013486fc6cfb0df
cross_species_validation/figures/04_replicate_proliferation_time.pdf,original_figures/cross_species_validation/figures/04_replicate_proliferation_time.pdf,CURRENT EXPRESSION-PROGRAM VALIDATION,"Human comparisons test expression programs, not fate, velocity or absolute growth.",standalone_figure,20137,f328b585472f81b3e0956a9efe88d3e75ae1948d49f15b2665ece85b0ca0fb9f
cross_species_validation/figures/05_popescu_gse_hspc_gene_slopes.pdf,original_figures/cross_species_validation/figures/05_popescu_gse_hspc_gene_slopes.pdf,CURRENT EXPRESSION-PROGRAM VALIDATION,"Human comparisons test expression programs, not fate, velocity or absolute growth.",standalone_figure,17303,3803dbe314938dbc0d8a7762f627fc187ab938994b5c48087c7791a8b39bfce0
blood_graphvelo_official/results/figures/data_driven_candidate_markers.pdf,original_figures/blood_graphvelo_official/results/figures/data_driven_candidate_markers.pdf,HISTORICAL / SUPERSEDED,Earlier combined transport/velocity and trajectory analyses. These do not define the current native M0/M1 conclusions.,standalone_figure,25008,8db076531d024571e4149122ebd8cd812db3b206ff7859df21446b6880331121
blood_graphvelo_official/results/figures/hspc_combined_pushforward_fates.pdf,original_figures/blood_graphvelo_official/results/figures/hspc_combined_pushforward_fates.pdf,HISTORICAL / SUPERSEDED,Earlier combined transport/velocity and trajectory analyses. These do not define the current native M0/M1 conclusions.,standalone_figure,16076,0e0f8f34293ee67ca872b19977a918340254adbf568e03d277a224c2a0b378e7
blood_graphvelo_official/results/figures/moscot_graphvelo_real_time_velocity_quiver.pdf,original_figures/blood_graphvelo_official/results/figures/moscot_graphvelo_real_time_velocity_quiver.pdf,HISTORICAL / SUPERSEDED,Earlier combined transport/velocity and trajectory analyses. These do not define the current native M0/M1 conclusions.,standalone_figure,438216,769de954766da037c5ca73e44a188fae866996ff35de8bab67e6746adcf86fe3
blood_graphvelo_official/results/figures/moscot_graphvelo_type_transition_heatmaps.pdf,original_figures/blood_graphvelo_official/results/figures/moscot_graphvelo_type_transition_heatmaps.pdf,HISTORICAL / SUPERSEDED,Earlier combined transport/velocity and trajectory analyses. These do not define the current native M0/M1 conclusions.,standalone_figure,42950,91f7d086b1689ea6524e522480cc340101b332cbae8311430dc28088de653459
blood_graphvelo_official/results/figures/moscot_vs_combined_directional_diagnostics.pdf,original_figures/blood_graphvelo_official/results/figures/moscot_vs_combined_directional_diagnostics.pdf,HISTORICAL / SUPERSEDED,Earlier combined transport/velocity and trajectory analyses. These do not define the current native M0/M1 conclusions.,standalone_figure,19359,e4ae88fd91855e006eae9003dfaced2730a43546ba6025e8205c084531ade13e
blood_graphvelo_official/results/figures/moscot_vs_combined_directional_diagnostics.png,original_figures/blood_graphvelo_official/results/figures/moscot_vs_combined_directional_diagnostics.png,HISTORICAL / SUPERSEDED,Earlier combined transport/velocity and trajectory analyses. These do not define the current native M0/M1 conclusions.,standalone_figure,213943,3f5331cb40e9c8a5a5a7e073c4648bb1d3b81d6fa7fcaa04aa3cfa7f1542ada5
blood_graphvelo_official/results/figures/official_fine_type_lineage_network.pdf,original_figures/blood_graphvelo_official/results/figures/official_fine_type_lineage_network.pdf,HISTORICAL / SUPERSEDED,Earlier combined transport/velocity and trajectory analyses. These do not define the current native M0/M1 conclusions.,standalone_figure,20288,b918da8cf98c1cb343daf9775c86af1836e24de5eb0c20e7064dfe441cb810f4
blood_graphvelo_official/results/figures/official_fine_type_marker_validation.pdf,original_figures/blood_graphvelo_official/results/figures/official_fine_type_marker_validation.pdf,HISTORICAL / SUPERSEDED,Earlier combined transport/velocity and trajectory analyses. These do not define the current native M0/M1 conclusions.,standalone_figure,21983,d0cb1aba55949544f73695edc59375a8dae0ae61313683a7314d63348fcff4ff
blood_graphvelo_official/results/figures/official_fine_type_pca_state_space.pdf,original_figures/blood_graphvelo_official/results/figures/official_fine_type_pca_state_space.pdf,HISTORICAL / SUPERSEDED,Earlier combined transport/velocity and trajectory analyses. These do not define the current native M0/M1 conclusions.,standalone_figure,497252,e7fac84444c4c18f01b71871697f092c0a8f711303cb45463c8529476143da60
blood_graphvelo_official/results/figures/official_label_ode_trajectories.pdf,original_figures/blood_graphvelo_official/results/figures/official_label_ode_trajectories.pdf,HISTORICAL / SUPERSEDED,Earlier combined transport/velocity and trajectory analyses. These do not define the current native M0/M1 conclusions.,standalone_figure,133674,b836458cc718f557feaf60f6ff3a8eeadf2b44c2e08a9324699a4cbf412389fe
archive/2026-09-01_legacy_mapping_and_M2/figures/M2_conditional_fate_heatmaps.pdf,original_figures/archive/2026-09-01_legacy_mapping_and_M2/figures/M2_conditional_fate_heatmaps.pdf,ARCHIVED / SUPERSEDED,"Earlier panels, M2 reweighting or cell-level marker inference; preserved to document unsuccessful/superseded approaches.",standalone_figure,43003,7116effe7638b8fa089c7cd03ab1a93686d851bca054857b83fb433e6ba30e15
archive/2026-09-10_cross_species_legacy_38_12/figures/01_dataset_audit.pdf,original_figures/archive/2026-09-10_cross_species_legacy_38_12/figures/01_dataset_audit.pdf,ARCHIVED / SUPERSEDED,"Earlier panels, M2 reweighting or cell-level marker inference; preserved to document unsuccessful/superseded approaches.",standalone_figure,15738,3ecf91b411209e473e19e280a1590ea415fc88335ffad0497863ab1247084ec4
archive/2026-09-10_cross_species_legacy_38_12/figures/02_apoptosis_pseudobulks.pdf,original_figures/archive/2026-09-10_cross_species_legacy_38_12/figures/02_apoptosis_pseudobulks.pdf,ARCHIVED / SUPERSEDED,"Earlier panels, M2 reweighting or cell-level marker inference; preserved to document unsuccessful/superseded approaches.",standalone_figure,15039,210c2fab423be1e327a4d925f2ab22a5bec54b55ef251483cecb63a5fce55dce
archive/2026-09-10_cross_species_legacy_38_12/figures/02_proliferation_pseudobulks.pdf,original_figures/archive/2026-09-10_cross_species_legacy_38_12/figures/02_proliferation_pseudobulks.pdf,ARCHIVED / SUPERSEDED,"Earlier panels, M2 reweighting or cell-level marker inference; preserved to document unsuccessful/superseded approaches.",standalone_figure,13884,1c042f480cebf953eca66e9fe6a71ffcc68a6d7bc6326a2d636f9ba682659136
archive/2026-09-10_cross_species_legacy_38_12/figures/03_zebrafish_popescu_proliferation_profile.pdf,original_figures/archive/2026-09-10_cross_species_legacy_38_12/figures/03_zebrafish_popescu_proliferation_profile.pdf,ARCHIVED / SUPERSEDED,"Earlier panels, M2 reweighting or cell-level marker inference; preserved to document unsuccessful/superseded approaches.",standalone_figure,17991,d46587b842d58a4408c09305b20ef3a0e8ca55592bddc4516d0b25c27d9d3118
archive/2026-09-10_cross_species_legacy_38_12/figures/04_replicate_proliferation_time.pdf,original_figures/archive/2026-09-10_cross_species_legacy_38_12/figures/04_replicate_proliferation_time.pdf,ARCHIVED / SUPERSEDED,"Earlier panels, M2 reweighting or cell-level marker inference; preserved to document unsuccessful/superseded approaches.",standalone_figure,19820,21f81407c97addce5261c0459cf5c7da49b2e430b03350e346d2daa8ba51cde4
archive/2026-09-10_cross_species_legacy_38_12/figures/05_popescu_gse_hspc_gene_slopes.pdf,original_figures/archive/2026-09-10_cross_species_legacy_38_12/figures/05_popescu_gse_hspc_gene_slopes.pdf,ARCHIVED / SUPERSEDED,"Earlier panels, M2 reweighting or cell-level marker inference; preserved to document unsuccessful/superseded approaches.",standalone_figure,15975,1585618d14771e9ebf61e5fb4361173ce602fa9fd243d37e46c4feced5a8be40
archive/2026-09-15_replaced_cell_level_marker_output/data_driven_candidate_markers.pdf,original_figures/archive/2026-09-15_replaced_cell_level_marker_output/data_driven_candidate_markers.pdf,ARCHIVED / SUPERSEDED,"Earlier panels, M2 reweighting or cell-level marker inference; preserved to document unsuccessful/superseded approaches.",standalone_figure,25008,058d2596fc8987f1e936c22f9441601605eaf513da3be1849bbdfedc98058654
cluster23_pilot_trajectories/actc1b_pilot_trajectory.png,original_figures/cluster23_pilot_trajectories/actc1b_pilot_trajectory.png,EXPLORATORY CLUSTER-23 PILOT,Cluster is not a lineage identity. Mixed blood/non-blood gene trajectories are exploratory and do not validate blood fate.,standalone_figure,263849,36ed242fb62b14551069076ff074c4bfadbf7562d5ac2301ebfb11acb3559cb8
cluster23_pilot_trajectories/actc1b_pilot_trajectory.svg,original_figures/cluster23_pilot_trajectories/actc1b_pilot_trajectory.svg,EXPLORATORY CLUSTER-23 PILOT,Cluster is not a lineage identity. Mixed blood/non-blood gene trajectories are exploratory and do not validate blood fate.,standalone_figure,90090,7437eaf62b61952cef0c2b07b2ebae13aed31d11854af2bd8b057e7a8f8f3429
cluster23_pilot_trajectories/actc1b_time_expression_manifold.png,original_figures/cluster23_pilot_trajectories/actc1b_time_expression_manifold.png,EXPLORATORY CLUSTER-23 PILOT,Cluster is not a lineage identity. Mixed blood/non-blood gene trajectories are exploratory and do not validate blood fate.,standalone_figure,355843,4c8a5b3001c211cea8f260d39e99ebd84b99b2bdf212be8a2866fa922894fcf9
cluster23_pilot_trajectories/actc1b_time_expression_manifold.svg,original_figures/cluster23_pilot_trajectories/actc1b_time_expression_manifold.svg,EXPLORATORY CLUSTER-23 PILOT,Cluster is not a lineage identity. Mixed blood/non-blood gene trajectories are exploratory and do not validate blood fate.,standalone_figure,345149,e106387fd374918e34588b254805725c4971288f750c3deffc032d44a0b5369d
cluster23_pilot_trajectories/alas2_time_expression_manifold.png,original_figures/cluster23_pilot_trajectories/alas2_time_expression_manifold.png,EXPLORATORY CLUSTER-23 PILOT,Cluster is not a lineage identity. Mixed blood/non-blood gene trajectories are exploratory and do not validate blood fate.,standalone_figure,556638,feb18830b64327813a91d4df47eb81841e41c9800f3edcab6c10a4e2e68b4806
cluster23_pilot_trajectories/alas2_time_expression_manifold.svg,original_figures/cluster23_pilot_trajectories/alas2_time_expression_manifold.svg,EXPLORATORY CLUSTER-23 PILOT,Cluster is not a lineage identity. Mixed blood/non-blood gene trajectories are exploratory and do not validate blood fate.,standalone_figure,454573,de4711cd446c6da70b478c74d3c3ebdff9f7c16f6811f140bd675e823780b843
cluster23_pilot_trajectories/cluster23_multigene_pilot_trajectory.png,original_figures/cluster23_pilot_trajectories/cluster23_multigene_pilot_trajectory.png,EXPLORATORY CLUSTER-23 PILOT,Cluster is not a lineage identity. Mixed blood/non-blood gene trajectories are exploratory and do not validate blood fate.,standalone_figure,247104,235bb895c750ccdc913ed8d2f6390e0db72cec698e47205f6fdadb12a538769b
cluster23_pilot_trajectories/cluster23_multigene_pilot_trajectory.svg,original_figures/cluster23_pilot_trajectories/cluster23_multigene_pilot_trajectory.svg,EXPLORATORY CLUSTER-23 PILOT,Cluster is not a lineage identity. Mixed blood/non-blood gene trajectories are exploratory and do not validate blood fate.,standalone_figure,211470,34fbafe86d54c591833a17a3fa31b7d6b0348285cb4dd6d881290a8c4d43c798
cluster23_pilot_trajectories/gata2a_pilot_trajectory.png,original_figures/cluster23_pilot_trajectories/gata2a_pilot_trajectory.png,EXPLORATORY CLUSTER-23 PILOT,Cluster is not a lineage identity. Mixed blood/non-blood gene trajectories are exploratory and do not validate blood fate.,standalone_figure,255191,b3f524a3f87211a6c2ea94d63e1b1e68271fa3d6a96edf2beff8dffac795a89c
cluster23_pilot_trajectories/gata2a_pilot_trajectory.svg,original_figures/cluster23_pilot_trajectories/gata2a_pilot_trajectory.svg,EXPLORATORY CLUSTER-23 PILOT,Cluster is not a lineage identity. Mixed blood/non-blood gene trajectories are exploratory and do not validate blood fate.,standalone_figure,89829,0032e1e375d10244106ecbcb99019fe867cbd6e1e895a978c16ab1f9fd982b0b
cluster23_pilot_trajectories/gata2a_time_expression_manifold.png,original_figures/cluster23_pilot_trajectories/gata2a_time_expression_manifold.png,EXPLORATORY CLUSTER-23 PILOT,Cluster is not a lineage identity. Mixed blood/non-blood gene trajectories are exploratory and do not validate blood fate.,standalone_figure,438462,52713e9c8ee7a934eef11c833f72198feba48286284630eb0b66586033e6e747
cluster23_pilot_trajectories/gata2a_time_expression_manifold.svg,original_figures/cluster23_pilot_trajectories/gata2a_time_expression_manifold.svg,EXPLORATORY CLUSTER-23 PILOT,Cluster is not a lineage identity. Mixed blood/non-blood gene trajectories are exploratory and do not validate blood fate.,standalone_figure,348365,0ad0eebe26cd37db1433dcc37846c144f3453299f4b83c50ca784b638bb69e61
cluster23_pilot_trajectories/hbae3_pilot_trajectory.png,original_figures/cluster23_pilot_trajectories/hbae3_pilot_trajectory.png,EXPLORATORY CLUSTER-23 PILOT,Cluster is not a lineage identity. Mixed blood/non-blood gene trajectories are exploratory and do not validate blood fate.,standalone_figure,266912,aef82c9ea8cbc6bd783020ccb57b1b0b0d44ed61b069db567b47fb6f3c358d16
cluster23_pilot_trajectories/hbae3_pilot_trajectory.svg,original_figures/cluster23_pilot_trajectories/hbae3_pilot_trajectory.svg,EXPLORATORY CLUSTER-23 PILOT,Cluster is not a lineage identity. Mixed blood/non-blood gene trajectories are exploratory and do not validate blood fate.,standalone_figure,87721,f489f4bb659cc82b3be3d997091a08f58e8fcfeb3403f253ce45c34a8fb9921b
cluster23_pilot_trajectories/hbae3_time_expression_manifold.png,original_figures/cluster23_pilot_trajectories/hbae3_time_expression_manifold.png,EXPLORATORY CLUSTER-23 PILOT,Cluster is not a lineage identity. Mixed blood/non-blood gene trajectories are exploratory and do not validate blood fate.,standalone_figure,633357,da12871250fe4ea36a57b8d5e4fa5ca6384b5d3d2aac1ac47265a6804f42129c
cluster23_pilot_trajectories/hbae3_time_expression_manifold.svg,original_figures/cluster23_pilot_trajectories/hbae3_time_expression_manifold.svg,EXPLORATORY CLUSTER-23 PILOT,Cluster is not a lineage identity. Mixed blood/non-blood gene trajectories are exploratory and do not validate blood fate.,standalone_figure,575643,d028437de1f61aa5f83f578cdad8f181fb872c62a14b10676d4fba613681a676
cluster23_pilot_trajectories/hbbe3_pilot_trajectory.png,original_figures/cluster23_pilot_trajectories/hbbe3_pilot_trajectory.png,EXPLORATORY CLUSTER-23 PILOT,Cluster is not a lineage identity. Mixed blood/non-blood gene trajectories are exploratory and do not validate blood fate.,standalone_figure,253666,0675bf4b6432b0e8f9b12901911faf986cba910b8dbfbb5bfb6f621824832259
cluster23_pilot_trajectories/hbbe3_pilot_trajectory.svg,original_figures/cluster23_pilot_trajectories/hbbe3_pilot_trajectory.svg,EXPLORATORY CLUSTER-23 PILOT,Cluster is not a lineage identity. Mixed blood/non-blood gene trajectories are exploratory and do not validate blood fate.,standalone_figure,85495,65b1b4aea04bc27472a577f1ed985d6347bbfdbba01e0e95127b2d476678088d
cluster23_pilot_trajectories/hbbe3_time_expression_manifold.png,original_figures/cluster23_pilot_trajectories/hbbe3_time_expression_manifold.png,EXPLORATORY CLUSTER-23 PILOT,Cluster is not a lineage identity. Mixed blood/non-blood gene trajectories are exploratory and do not validate blood fate.,standalone_figure,486565,238cecfc6433ec6a9b8a4875de1ac4fbb5bbf6e02fe6cfba1a5abe2010488e41
cluster23_pilot_trajectories/hbbe3_time_expression_manifold.svg,original_figures/cluster23_pilot_trajectories/hbbe3_time_expression_manifold.svg,EXPLORATORY CLUSTER-23 PILOT,Cluster is not a lineage identity. Mixed blood/non-blood gene trajectories are exploratory and do not validate blood fate.,standalone_figure,421044,dbdb522a845cb1d12744f9b50760cc317c437b8f5d9f12c05cd2cd8a6fb4c947
cluster23_pilot_trajectories/krt4_pilot_trajectory.png,original_figures/cluster23_pilot_trajectories/krt4_pilot_trajectory.png,EXPLORATORY CLUSTER-23 PILOT,Cluster is not a lineage identity. Mixed blood/non-blood gene trajectories are exploratory and do not validate blood fate.,standalone_figure,269275,bdabae10374f78ee4fbae78ba776f3fb177b8542a9ff3e5b71438f8013639b36
cluster23_pilot_trajectories/krt4_pilot_trajectory.svg,original_figures/cluster23_pilot_trajectories/krt4_pilot_trajectory.svg,EXPLORATORY CLUSTER-23 PILOT,Cluster is not a lineage identity. Mixed blood/non-blood gene trajectories are exploratory and do not validate blood fate.,standalone_figure,85306,e9e46376f7bacb5897bc63757074b097b15161d5826a49eee48730f89038803e
cluster23_pilot_trajectories/krt91_pilot_trajectory.png,original_figures/cluster23_pilot_trajectories/krt91_pilot_trajectory.png,EXPLORATORY CLUSTER-23 PILOT,Cluster is not a lineage identity. Mixed blood/non-blood gene trajectories are exploratory and do not validate blood fate.,standalone_figure,265961,8cc0e8295064d64b91eb457d2f8ee466f4844e80b31351e979a4fa848b3dc362
cluster23_pilot_trajectories/krt91_pilot_trajectory.svg,original_figures/cluster23_pilot_trajectories/krt91_pilot_trajectory.svg,EXPLORATORY CLUSTER-23 PILOT,Cluster is not a lineage identity. Mixed blood/non-blood gene trajectories are exploratory and do not validate blood fate.,standalone_figure,85698,18eb9b85876e06551ecdf3d8eb80ba6f17a3fc02068443af379436233b46c6df
cluster23_pilot_trajectories/lmo2_pilot_trajectory.png,original_figures/cluster23_pilot_trajectories/lmo2_pilot_trajectory.png,EXPLORATORY CLUSTER-23 PILOT,Cluster is not a lineage identity. Mixed blood/non-blood gene trajectories are exploratory and do not validate blood fate.,standalone_figure,233249,ab767ac4d1459cf7ea6b5e4f8645d1cbaf6f4d2eb930a6d059d8a3ee3ab46f25
cluster23_pilot_trajectories/lmo2_pilot_trajectory.svg,original_figures/cluster23_pilot_trajectories/lmo2_pilot_trajectory.svg,EXPLORATORY CLUSTER-23 PILOT,Cluster is not a lineage identity. Mixed blood/non-blood gene trajectories are exploratory and do not validate blood fate.,standalone_figure,88374,b841510ab5a418ed4ae800562ee9496ff2e415ef6fdcd396dd30d32009501fd4
cluster23_pilot_trajectories/mylpfa_pilot_trajectory.png,original_figures/cluster23_pilot_trajectories/mylpfa_pilot_trajectory.png,EXPLORATORY CLUSTER-23 PILOT,Cluster is not a lineage identity. Mixed blood/non-blood gene trajectories are exploratory and do not validate blood fate.,standalone_figure,271514,f7b909dc5ab0dc80ca24b1c79aa41d85245a02abc1bea8cf03b3743ec6ff1cca
cluster23_pilot_trajectories/mylpfa_pilot_trajectory.svg,original_figures/cluster23_pilot_trajectories/mylpfa_pilot_trajectory.svg,EXPLORATORY CLUSTER-23 PILOT,Cluster is not a lineage identity. Mixed blood/non-blood gene trajectories are exploratory and do not validate blood fate.,standalone_figure,92534,dc7f9d3d5efff3f243ae02c0f40963ce6033e6344e58a54eb5433ff3b48ac334
cluster23_pilot_trajectories/mylpfb_pilot_trajectory.png,original_figures/cluster23_pilot_trajectories/mylpfb_pilot_trajectory.png,EXPLORATORY CLUSTER-23 PILOT,Cluster is not a lineage identity. Mixed blood/non-blood gene trajectories are exploratory and do not validate blood fate.,standalone_figure,253747,17267daa70ad31e90399468be18b3c41cd519a25b3d3d11f51de4fe5a7dfe253
cluster23_pilot_trajectories/mylpfb_pilot_trajectory.svg,original_figures/cluster23_pilot_trajectories/mylpfb_pilot_trajectory.svg,EXPLORATORY CLUSTER-23 PILOT,Cluster is not a lineage identity. Mixed blood/non-blood gene trajectories are exploratory and do not validate blood fate.,standalone_figure,87414,03a044f42ae2b45110a5da6d752a41e117691e8c3e2d03a6032c858ec4a509dd
cluster23_pilot_trajectories/pvalb1_pilot_trajectory.png,original_figures/cluster23_pilot_trajectories/pvalb1_pilot_trajectory.png,EXPLORATORY CLUSTER-23 PILOT,Cluster is not a lineage identity. Mixed blood/non-blood gene trajectories are exploratory and do not validate blood fate.,standalone_figure,262212,b039f0172c78ee60f11b4611b7a7a24cbb1d94efd601a729ec68d0445f9bb914
cluster23_pilot_trajectories/pvalb1_pilot_trajectory.svg,original_figures/cluster23_pilot_trajectories/pvalb1_pilot_trajectory.svg,EXPLORATORY CLUSTER-23 PILOT,Cluster is not a lineage identity. Mixed blood/non-blood gene trajectories are exploratory and do not validate blood fate.,standalone_figure,90953,e17abad7c8d680460713bc0d4a9759e8cb8183198bc650b84d0dce9400f89e98
cluster23_pilot_trajectories/pvalb2_pilot_trajectory.png,original_figures/cluster23_pilot_trajectories/pvalb2_pilot_trajectory.png,EXPLORATORY CLUSTER-23 PILOT,Cluster is not a lineage identity. Mixed blood/non-blood gene trajectories are exploratory and do not validate blood fate.,standalone_figure,262205,5466a7674d913f0704516b25ac6d67e8964fa8ed526b8f8b2d6107f479f7012f
cluster23_pilot_trajectories/pvalb2_pilot_trajectory.svg,original_figures/cluster23_pilot_trajectories/pvalb2_pilot_trajectory.svg,EXPLORATORY CLUSTER-23 PILOT,Cluster is not a lineage identity. Mixed blood/non-blood gene trajectories are exploratory and do not validate blood fate.,standalone_figure,89972,cb8363e84a851451c588b7e4f82fe0c67055d76ca99e4e9bd0dfe953baa01875
cluster23_pilot_trajectories/spi1b_pilot_trajectory.png,original_figures/cluster23_pilot_trajectories/spi1b_pilot_trajectory.png,EXPLORATORY CLUSTER-23 PILOT,Cluster is not a lineage identity. Mixed blood/non-blood gene trajectories are exploratory and do not validate blood fate.,standalone_figure,252121,db2858de339d637896c5805f8f19836c553c8c016c64d342d2002b50178470d9
cluster23_pilot_trajectories/spi1b_pilot_trajectory.svg,original_figures/cluster23_pilot_trajectories/spi1b_pilot_trajectory.svg,EXPLORATORY CLUSTER-23 PILOT,Cluster is not a lineage identity. Mixed blood/non-blood gene trajectories are exploratory and do not validate blood fate.,standalone_figure,90225,e3cdae18596a1d37bb32579e0770f5bbc925d13b3a0cae1a86d0a72521764520
cluster23_pilot_trajectories/spi1b_time_expression_manifold.png,original_figures/cluster23_pilot_trajectories/spi1b_time_expression_manifold.png,EXPLORATORY CLUSTER-23 PILOT,Cluster is not a lineage identity. Mixed blood/non-blood gene trajectories are exploratory and do not validate blood fate.,standalone_figure,428880,4b357d14839a3325a69a550aa0fd727f935ad2014086c20d3338f7c14deb3dd2
cluster23_pilot_trajectories/spi1b_time_expression_manifold.svg,original_figures/cluster23_pilot_trajectories/spi1b_time_expression_manifold.svg,EXPLORATORY CLUSTER-23 PILOT,Cluster is not a lineage identity. Mixed blood/non-blood gene trajectories are exploratory and do not validate blood fate.,standalone_figure,321842,f84bb26d20c52529a946ce2f34268350b295a6afa68c56e332fc2e8d863f86de
cluster23_pilot_trajectories/sptb_pilot_trajectory.png,original_figures/cluster23_pilot_trajectories/sptb_pilot_trajectory.png,EXPLORATORY CLUSTER-23 PILOT,Cluster is not a lineage identity. Mixed blood/non-blood gene trajectories are exploratory and do not validate blood fate.,standalone_figure,268022,e323940023e4b0b1239a1da1c9020264b59e2b371b09c461778f4c4acc0d6adb
cluster23_pilot_trajectories/sptb_pilot_trajectory.svg,original_figures/cluster23_pilot_trajectories/sptb_pilot_trajectory.svg,EXPLORATORY CLUSTER-23 PILOT,Cluster is not a lineage identity. Mixed blood/non-blood gene trajectories are exploratory and do not validate blood fate.,standalone_figure,88282,d7cc69b0aff92fcc5b79b6e8119e06926917f715c52626fd4b4eeba13d70a616
cluster23_pilot_trajectories/tal1_pilot_trajectory.png,original_figures/cluster23_pilot_trajectories/tal1_pilot_trajectory.png,EXPLORATORY CLUSTER-23 PILOT,Cluster is not a lineage identity. Mixed blood/non-blood gene trajectories are exploratory and do not validate blood fate.,standalone_figure,237810,8198956d4b7c2f89392f7e8454f97d29279a3a482b3a831febfa6a77744c5ef8
cluster23_pilot_trajectories/tal1_pilot_trajectory.svg,original_figures/cluster23_pilot_trajectories/tal1_pilot_trajectory.svg,EXPLORATORY CLUSTER-23 PILOT,Cluster is not a lineage identity. Mixed blood/non-blood gene trajectories are exploratory and do not validate blood fate.,standalone_figure,85567,19e59b260832fdcefcf867164e5c359ac2cbd0172d9e8a370ce48973454be523
cluster23_pilot_trajectories/tal1_time_expression_manifold.png,original_figures/cluster23_pilot_trajectories/tal1_time_expression_manifold.png,EXPLORATORY CLUSTER-23 PILOT,Cluster is not a lineage identity. Mixed blood/non-blood gene trajectories are exploratory and do not validate blood fate.,standalone_figure,532816,4e1891e5b8c893777a917bfd636a0acba7647f1f53b88d26a5f80b00f75792ab
cluster23_pilot_trajectories/tal1_time_expression_manifold.svg,original_figures/cluster23_pilot_trajectories/tal1_time_expression_manifold.svg,EXPLORATORY CLUSTER-23 PILOT,Cluster is not a lineage identity. Mixed blood/non-blood gene trajectories are exploratory and do not validate blood fate.,standalone_figure,467398,3fe01c0fe915078562f16199793b5c6e49f6813e4ce542b72be7615a5b2ab8bc
cluster23_pilot_trajectories/tnni2a.4_pilot_trajectory.png,original_figures/cluster23_pilot_trajectories/tnni2a.4_pilot_trajectory.png,EXPLORATORY CLUSTER-23 PILOT,Cluster is not a lineage identity. Mixed blood/non-blood gene trajectories are exploratory and do not validate blood fate.,standalone_figure,251046,74aa5a3b26a4c8dbac2595e02fd9d883bf3e2702df0a8361b823307026664146
cluster23_pilot_trajectories/tnni2a.4_pilot_trajectory.svg,original_figures/cluster23_pilot_trajectories/tnni2a.4_pilot_trajectory.svg,EXPLORATORY CLUSTER-23 PILOT,Cluster is not a lineage identity. Mixed blood/non-blood gene trajectories are exploratory and do not validate blood fate.,standalone_figure,87272,96c8aa985ee758709d67538b1b9db1fc34099304ae681b20593af3a18b2bd66a
cluster23_pilot_trajectories/tnnt3b_pilot_trajectory.png,original_figures/cluster23_pilot_trajectories/tnnt3b_pilot_trajectory.png,EXPLORATORY CLUSTER-23 PILOT,Cluster is not a lineage identity. Mixed blood/non-blood gene trajectories are exploratory and do not validate blood fate.,standalone_figure,257051,4a533476bd8e84747282ff262609f1f0300e4fc438d5ffe1af053a0319be8c2d
cluster23_pilot_trajectories/tnnt3b_pilot_trajectory.svg,original_figures/cluster23_pilot_trajectories/tnnt3b_pilot_trajectory.svg,EXPLORATORY CLUSTER-23 PILOT,Cluster is not a lineage identity. Mixed blood/non-blood gene trajectories are exploratory and do not validate blood fate.,standalone_figure,90140,22bd668ef91b9004959f123c8e9347b4a73dd54117f1f84d8c469bb8a203b3c2
figs_graphvelo/fig1_gv_stream.png,original_figures/figs_graphvelo/fig1_gv_stream.png,EXPLORATORY WHOLE-ATLAS GRAPHVELO,Whole-atlas velocity visualizations; not independent validation of the final blood cohort.,standalone_figure,455162,742619d56c8e54ed6765b302c9d0df9ce8b5b039867d16018a7a2d12b2d4e4d7
figs_graphvelo/fig2_ddhodge_potential.png,original_figures/figs_graphvelo/fig2_ddhodge_potential.png,EXPLORATORY WHOLE-ATLAS GRAPHVELO,Whole-atlas velocity visualizations; not independent validation of the final blood cohort.,standalone_figure,374753,f519f485c5670871a5a6651e0bd90b5ed49f0299ce0ae172217a73bdad2bdf7c
figs_graphvelo/fig3_boxplot.png,original_figures/figs_graphvelo/fig3_boxplot.png,EXPLORATORY WHOLE-ATLAS GRAPHVELO,Whole-atlas velocity visualizations; not independent validation of the final blood cohort.,standalone_figure,63818,5b1f4391d42633409e7830b9c75aac2bec30f088a62df3cdb9d66f018e85e1a7
figs_graphvelo/fig4_hpf_umap.png,original_figures/figs_graphvelo/fig4_hpf_umap.png,EXPLORATORY WHOLE-ATLAS GRAPHVELO,Whole-atlas velocity visualizations; not independent validation of the final blood cohort.,standalone_figure,475180,1a242f9e200d2def425656a40c3f1ebac011d2852d8882424ba6a37b705b2ea2
figs_graphvelo/fig5_per_cluster_rho.png,original_figures/figs_graphvelo/fig5_per_cluster_rho.png,EXPLORATORY WHOLE-ATLAS GRAPHVELO,Whole-atlas velocity visualizations; not independent validation of the final blood cohort.,standalone_figure,48513,ccdb95e78ebe6b6f197377aa5b809a5fbbc91e943cc3a76fdd155d5a006e82d7
