zebrafish_gene,human_gene,source_gene,marker_class,marker_subclass,mapping_direction,mapping_database,evidence_status,pathway_sources,n_external_sources,selection_rule,zfin_ids,zfin_evidence_codes,zfin_publications,source_urls,present_in_zfin_dump
acin1a,ACIN1,ACIN1,apoptosis,execution_apoptosis,zebrafish_to_human,ZFIN human orthology download,reviewed_external_consensus,Reactome_Apoptosis_or_Intrinsic_Apoptosis,1,directionally_curated_pro_death+KEGG_or_Reactome_or_core+ZFIN_ortholog+present_in_all_genes,ZDB-GENE-030616-583,AA;CL,ZDB-PUB-030905-1;ZDB-PUB-050823-6,https://reactome.org/content/detail/R-HSA-109581;https://reactome.org/content/detail/R-HSA-109606;https://zfin.org/downloads/human_orthos.txt,True
acin1b,ACIN1,ACIN1,apoptosis,execution_apoptosis,zebrafish_to_human,ZFIN human orthology download,reviewed_external_consensus,Reactome_Apoptosis_or_Intrinsic_Apoptosis,1,directionally_curated_pro_death+KEGG_or_Reactome_or_core+ZFIN_ortholog+present_in_all_genes,ZDB-GENE-030826-12,AA;CL,ZDB-PUB-050823-6,https://reactome.org/content/detail/R-HSA-109581;https://reactome.org/content/detail/R-HSA-109606;https://zfin.org/downloads/human_orthos.txt,True
casp2,CASP2,CASP2,apoptosis,execution_apoptosis,zebrafish_to_human,ZFIN human orthology download,reviewed_external_consensus,KEGG_hsa04210_Apoptosis,1,directionally_curated_pro_death+KEGG_or_Reactome_or_core+ZFIN_ortholog+present_in_all_genes,ZDB-GENE-030825-3,AA;CL,ZDB-PUB-030905-1,https://www.kegg.jp/pathway/hsa04210;https://zfin.org/downloads/human_orthos.txt,True
casp3a,CASP3,CASP3,apoptosis,execution_apoptosis,zebrafish_to_human,ZFIN human orthology download,reviewed_external_consensus,KEGG_hsa04210_Apoptosis;Reactome_Apoptosis_or_Intrinsic_Apoptosis;previous_reviewed_core_panel,2,directionally_curated_pro_death+KEGG_or_Reactome_or_core+ZFIN_ortholog+present_in_all_genes,ZDB-GENE-011210-1,AA;CL;OT;PT,ZDB-PUB-011109-5;ZDB-PUB-030905-1;ZDB-PUB-160901-6;ZDB-PUB-220608-7,https://reactome.org/content/detail/R-HSA-109581;https://reactome.org/content/detail/R-HSA-109606;https://www.kegg.jp/pathway/hsa04210;https://zfin.org/downloads/human_orthos.txt,True
casp3b,CASP3,CASP3,apoptosis,execution_apoptosis,zebrafish_to_human,ZFIN human orthology download,reviewed_external_consensus,KEGG_hsa04210_Apoptosis;Reactome_Apoptosis_or_Intrinsic_Apoptosis;previous_reviewed_core_panel,2,directionally_curated_pro_death+KEGG_or_Reactome_or_core+ZFIN_ortholog+present_in_all_genes,ZDB-GENE-070607-1,AA;CL;OT;PT,ZDB-PUB-030905-1;ZDB-PUB-160901-6;ZDB-PUB-220608-7,https://reactome.org/content/detail/R-HSA-109581;https://reactome.org/content/detail/R-HSA-109606;https://www.kegg.jp/pathway/hsa04210;https://zfin.org/downloads/human_orthos.txt,True
casp7,CASP7,CASP7,apoptosis,execution_apoptosis,zebrafish_to_human,ZFIN human orthology download,reviewed_external_consensus,KEGG_hsa04210_Apoptosis;Reactome_Apoptosis_or_Intrinsic_Apoptosis;previous_reviewed_core_panel,2,directionally_curated_pro_death+KEGG_or_Reactome_or_core+ZFIN_ortholog+present_in_all_genes,ZDB-GENE-050522-506,AA;CL,ZDB-PUB-030905-1;ZDB-PUB-140513-246;ZDB-PUB-180622-27,https://reactome.org/content/detail/R-HSA-109581;https://reactome.org/content/detail/R-HSA-109606;https://www.kegg.jp/pathway/hsa04210;https://zfin.org/downloads/human_orthos.txt,True
dffa,DFFA,DFFA,apoptosis,execution_apoptosis,zebrafish_to_human,ZFIN human orthology download,reviewed_external_consensus,KEGG_hsa04210_Apoptosis;Reactome_Apoptosis_or_Intrinsic_Apoptosis;previous_reviewed_core_panel,2,directionally_curated_pro_death+KEGG_or_Reactome_or_core+ZFIN_ortholog+present_in_all_genes,ZDB-GENE-040718-376,AA;CL,ZDB-PUB-030905-1,https://reactome.org/content/detail/R-HSA-109581;https://reactome.org/content/detail/R-HSA-109606;https://www.kegg.jp/pathway/hsa04210;https://zfin.org/downloads/human_orthos.txt,True
dffb,DFFB,DFFB,apoptosis,execution_apoptosis,zebrafish_to_human,ZFIN human orthology download,reviewed_external_consensus,KEGG_hsa04210_Apoptosis;Reactome_Apoptosis_or_Intrinsic_Apoptosis,2,directionally_curated_pro_death+KEGG_or_Reactome_or_core+ZFIN_ortholog+present_in_all_genes,ZDB-GENE-030826-4,AA;CL;NT,ZDB-PUB-030905-1;ZDB-PUB-190929-11,https://reactome.org/content/detail/R-HSA-109581;https://reactome.org/content/detail/R-HSA-109606;https://www.kegg.jp/pathway/hsa04210;https://zfin.org/downloads/human_orthos.txt,True
rock1,ROCK1,ROCK1,apoptosis,execution_apoptosis,zebrafish_to_human,ZFIN human orthology download,reviewed_external_consensus,Reactome_Apoptosis_or_Intrinsic_Apoptosis,1,directionally_curated_pro_death+KEGG_or_Reactome_or_core+ZFIN_ortholog+present_in_all_genes,ZDB-GENE-100712-2,AA;PT,ZDB-PUB-030905-1;ZDB-PUB-121210-10;ZDB-PUB-180722-18,https://reactome.org/content/detail/R-HSA-109581;https://reactome.org/content/detail/R-HSA-109606;https://zfin.org/downloads/human_orthos.txt,True
casp8,CASP8,CASP8,apoptosis,extrinsic_apoptosis,zebrafish_to_human,ZFIN human orthology download,reviewed_external_consensus,KEGG_hsa04210_Apoptosis;Reactome_Apoptosis_or_Intrinsic_Apoptosis,2,directionally_curated_pro_death+KEGG_or_Reactome_or_core+ZFIN_ortholog+present_in_all_genes,ZDB-GENE-000713-1,AA;CL,ZDB-PUB-070504-18;ZDB-PUB-130904-10,https://reactome.org/content/detail/R-HSA-109581;https://reactome.org/content/detail/R-HSA-109606;https://www.kegg.jp/pathway/hsa04210;https://zfin.org/downloads/human_orthos.txt,True
dab2ipa,DAB2IP,DAB2IP,apoptosis,extrinsic_apoptosis,zebrafish_to_human,ZFIN human orthology download,reviewed_external_consensus,KEGG_hsa04210_Apoptosis,1,directionally_curated_pro_death+KEGG_or_Reactome_or_core+ZFIN_ortholog+present_in_all_genes,ZDB-GENE-081104-516,AA;CL,ZDB-PUB-030905-1;ZDB-PUB-101222-14,https://www.kegg.jp/pathway/hsa04210;https://zfin.org/downloads/human_orthos.txt,True
dab2ipb,DAB2IP,DAB2IP,apoptosis,extrinsic_apoptosis,zebrafish_to_human,ZFIN human orthology download,reviewed_external_consensus,KEGG_hsa04210_Apoptosis,1,directionally_curated_pro_death+KEGG_or_Reactome_or_core+ZFIN_ortholog+present_in_all_genes,ZDB-GENE-030131-2449,AA;CL,ZDB-PUB-050823-6;ZDB-PUB-061031-2,https://www.kegg.jp/pathway/hsa04210;https://zfin.org/downloads/human_orthos.txt,True
fadd,FADD,FADD,apoptosis,extrinsic_apoptosis,zebrafish_to_human,ZFIN human orthology download,reviewed_external_consensus,KEGG_hsa04210_Apoptosis;Reactome_Apoptosis_or_Intrinsic_Apoptosis,2,directionally_curated_pro_death+KEGG_or_Reactome_or_core+ZFIN_ortholog+present_in_all_genes,ZDB-GENE-070606-3,AA;CL,ZDB-PUB-030905-1,https://reactome.org/content/detail/R-HSA-109581;https://reactome.org/content/detail/R-HSA-109606;https://www.kegg.jp/pathway/hsa04210;https://zfin.org/downloads/human_orthos.txt,True
fas,FAS,FAS,apoptosis,extrinsic_apoptosis,zebrafish_to_human,ZFIN human orthology download,reviewed_external_consensus,KEGG_hsa04210_Apoptosis;Reactome_Apoptosis_or_Intrinsic_Apoptosis,2,directionally_curated_pro_death+KEGG_or_Reactome_or_core+ZFIN_ortholog+present_in_all_genes,ZDB-GENE-061019-2,AA;CL,ZDB-PUB-030905-1,https://reactome.org/content/detail/R-HSA-109581;https://reactome.org/content/detail/R-HSA-109606;https://www.kegg.jp/pathway/hsa04210;https://zfin.org/downloads/human_orthos.txt,True
faslg,FASLG,FASLG,apoptosis,extrinsic_apoptosis,zebrafish_to_human,ZFIN human orthology download,reviewed_external_consensus,KEGG_hsa04210_Apoptosis;Reactome_Apoptosis_or_Intrinsic_Apoptosis;previous_reviewed_core_panel,2,directionally_curated_pro_death+KEGG_or_Reactome_or_core+ZFIN_ortholog+present_in_all_genes,ZDB-GENE-070410-16,AA;CL;PT,ZDB-PUB-030905-1;ZDB-PUB-090716-24;ZDB-PUB-150325-24;ZDB-PUB-211003-9,https://reactome.org/content/detail/R-HSA-109581;https://reactome.org/content/detail/R-HSA-109606;https://www.kegg.jp/pathway/hsa04210;https://zfin.org/downloads/human_orthos.txt,True
tnfrsf1a,TNFRSF1A,TNFRSF1A,apoptosis,extrinsic_apoptosis,zebrafish_to_human,ZFIN human orthology download,reviewed_external_consensus,KEGG_hsa04210_Apoptosis,1,directionally_curated_pro_death+KEGG_or_Reactome_or_core+ZFIN_ortholog+present_in_all_genes,ZDB-GENE-040426-2252,AA;CL,ZDB-PUB-030905-1,https://www.kegg.jp/pathway/hsa04210;https://zfin.org/downloads/human_orthos.txt,True
tnfsf10,TNFSF10,TNFSF10,apoptosis,extrinsic_apoptosis,zebrafish_to_human,ZFIN human orthology download,reviewed_external_consensus,KEGG_hsa04210_Apoptosis;Reactome_Apoptosis_or_Intrinsic_Apoptosis;previous_reviewed_core_panel,2,directionally_curated_pro_death+KEGG_or_Reactome_or_core+ZFIN_ortholog+present_in_all_genes,ZDB-GENE-040718-335,AA;CL,ZDB-PUB-030905-1;ZDB-PUB-150325-24,https://reactome.org/content/detail/R-HSA-109581;https://reactome.org/content/detail/R-HSA-109606;https://www.kegg.jp/pathway/hsa04210;https://zfin.org/downloads/human_orthos.txt,True
tnfsf10l,TNFSF10,TNFSF10,apoptosis,extrinsic_apoptosis,zebrafish_to_human,ZFIN human orthology download,reviewed_external_consensus,KEGG_hsa04210_Apoptosis;Reactome_Apoptosis_or_Intrinsic_Apoptosis;previous_reviewed_core_panel,2,directionally_curated_pro_death+KEGG_or_Reactome_or_core+ZFIN_ortholog+present_in_all_genes,ZDB-GENE-010801-1,AA,ZDB-PUB-050823-6,https://reactome.org/content/detail/R-HSA-109581;https://reactome.org/content/detail/R-HSA-109606;https://www.kegg.jp/pathway/hsa04210;https://zfin.org/downloads/human_orthos.txt,True
tradd,TRADD,TRADD,apoptosis,extrinsic_apoptosis,zebrafish_to_human,ZFIN human orthology download,reviewed_external_consensus,KEGG_hsa04210_Apoptosis;Reactome_Apoptosis_or_Intrinsic_Apoptosis,2,directionally_curated_pro_death+KEGG_or_Reactome_or_core+ZFIN_ortholog+present_in_all_genes,ZDB-GENE-000511-5,AA;CL,ZDB-PUB-030905-1,https://reactome.org/content/detail/R-HSA-109581;https://reactome.org/content/detail/R-HSA-109606;https://www.kegg.jp/pathway/hsa04210;https://zfin.org/downloads/human_orthos.txt,True
aifm1,AIFM1,AIFM1,apoptosis,intrinsic_apoptosis,zebrafish_to_human,ZFIN human orthology download,reviewed_external_consensus,KEGG_hsa04210_Apoptosis,1,directionally_curated_pro_death+KEGG_or_Reactome_or_core+ZFIN_ortholog+present_in_all_genes,ZDB-GENE-030826-11,AA,ZDB-PUB-030905-1,https://www.kegg.jp/pathway/hsa04210;https://zfin.org/downloads/human_orthos.txt,True
apaf1,APAF1,APAF1,apoptosis,intrinsic_apoptosis,zebrafish_to_human,ZFIN human orthology download,reviewed_external_consensus,KEGG_hsa04210_Apoptosis;Reactome_Apoptosis_or_Intrinsic_Apoptosis,2,directionally_curated_pro_death+KEGG_or_Reactome_or_core+ZFIN_ortholog+present_in_all_genes,ZDB-GENE-000616-4,AA;CL,ZDB-PUB-030905-1;ZDB-PUB-071129-8,https://reactome.org/content/detail/R-HSA-109581;https://reactome.org/content/detail/R-HSA-109606;https://www.kegg.jp/pathway/hsa04210;https://zfin.org/downloads/human_orthos.txt,True
badb,BAD,BAD,apoptosis,intrinsic_apoptosis,zebrafish_to_human,ZFIN human orthology download,reviewed_external_consensus,KEGG_hsa04210_Apoptosis;Reactome_Apoptosis_or_Intrinsic_Apoptosis,2,directionally_curated_pro_death+KEGG_or_Reactome_or_core+ZFIN_ortholog+present_in_all_genes,ZDB-GENE-000616-1,AA;CL,ZDB-PUB-010813-1;ZDB-PUB-030905-1,https://reactome.org/content/detail/R-HSA-109581;https://reactome.org/content/detail/R-HSA-109606;https://www.kegg.jp/pathway/hsa04210;https://zfin.org/downloads/human_orthos.txt,True
baxa,BAX,BAX,apoptosis,intrinsic_apoptosis,zebrafish_to_human,ZFIN human orthology download,reviewed_external_consensus,KEGG_hsa04210_Apoptosis;Reactome_Apoptosis_or_Intrinsic_Apoptosis;previous_reviewed_core_panel,2,directionally_curated_pro_death+KEGG_or_Reactome_or_core+ZFIN_ortholog+present_in_all_genes,ZDB-GENE-000511-6,AA;CL;PT,ZDB-PUB-030905-1;ZDB-PUB-060816-5;ZDB-PUB-160407-7,https://reactome.org/content/detail/R-HSA-109581;https://reactome.org/content/detail/R-HSA-109606;https://www.kegg.jp/pathway/hsa04210;https://zfin.org/downloads/human_orthos.txt,True
baxb,BAX,BAX,apoptosis,intrinsic_apoptosis,zebrafish_to_human,ZFIN human orthology download,reviewed_external_consensus,KEGG_hsa04210_Apoptosis;Reactome_Apoptosis_or_Intrinsic_Apoptosis;previous_reviewed_core_panel,2,directionally_curated_pro_death+KEGG_or_Reactome_or_core+ZFIN_ortholog+present_in_all_genes,ZDB-GENE-050227-21,AA;CL;PT,ZDB-PUB-060816-5;ZDB-PUB-160407-7,https://reactome.org/content/detail/R-HSA-109581;https://reactome.org/content/detail/R-HSA-109606;https://www.kegg.jp/pathway/hsa04210;https://zfin.org/downloads/human_orthos.txt,True
bbc3,BBC3,BBC3,apoptosis,intrinsic_apoptosis,zebrafish_to_human,ZFIN human orthology download,reviewed_external_consensus,KEGG_hsa04210_Apoptosis;Reactome_Apoptosis_or_Intrinsic_Apoptosis,2,directionally_curated_pro_death+KEGG_or_Reactome_or_core+ZFIN_ortholog+present_in_all_genes,ZDB-GENE-070119-4,AA;CL,ZDB-PUB-060816-5;ZDB-PUB-121012-30,https://reactome.org/content/detail/R-HSA-109581;https://reactome.org/content/detail/R-HSA-109606;https://www.kegg.jp/pathway/hsa04210;https://zfin.org/downloads/human_orthos.txt,True
bcl2l11,BCL2L11,BCL2L11,apoptosis,intrinsic_apoptosis,zebrafish_to_human,ZFIN human orthology download,reviewed_external_consensus,KEGG_hsa04210_Apoptosis;Reactome_Apoptosis_or_Intrinsic_Apoptosis;previous_reviewed_core_panel,2,directionally_curated_pro_death+KEGG_or_Reactome_or_core+ZFIN_ortholog+present_in_all_genes,ZDB-GENE-081008-1,AA,ZDB-PUB-080415-12,https://reactome.org/content/detail/R-HSA-109581;https://reactome.org/content/detail/R-HSA-109606;https://www.kegg.jp/pathway/hsa04210;https://zfin.org/downloads/human_orthos.txt,True
bida,BID,BID,apoptosis,intrinsic_apoptosis,zebrafish_to_human,ZFIN human orthology download,reviewed_external_consensus,KEGG_hsa04210_Apoptosis;Reactome_Apoptosis_or_Intrinsic_Apoptosis,2,directionally_curated_pro_death+KEGG_or_Reactome_or_core+ZFIN_ortholog+present_in_all_genes,ZDB-GENE-050419-35,AA,ZDB-PUB-060816-5,https://reactome.org/content/detail/R-HSA-109581;https://reactome.org/content/detail/R-HSA-109606;https://www.kegg.jp/pathway/hsa04210;https://zfin.org/downloads/human_orthos.txt,True
bnip3la,BNIP3L,BNIP3L,apoptosis,intrinsic_apoptosis,zebrafish_to_human,ZFIN human orthology download,reviewed_external_consensus,previous_reviewed_core_panel,0,directionally_curated_pro_death+KEGG_or_Reactome_or_core+ZFIN_ortholog+present_in_all_genes,ZDB-GENE-030131-2283,AA;CL,ZDB-PUB-030905-1,https://zfin.org/downloads/human_orthos.txt,True
bnip3lb,BNIP3L,BNIP3L,apoptosis,intrinsic_apoptosis,zebrafish_to_human,ZFIN human orthology download,reviewed_external_consensus,previous_reviewed_core_panel,0,directionally_curated_pro_death+KEGG_or_Reactome_or_core+ZFIN_ortholog+present_in_all_genes,ZDB-GENE-040325-1,AA;CL,ZDB-PUB-030905-1,https://zfin.org/downloads/human_orthos.txt,True
casp9,CASP9,CASP9,apoptosis,intrinsic_apoptosis,zebrafish_to_human,ZFIN human orthology download,reviewed_external_consensus,KEGG_hsa04210_Apoptosis;Reactome_Apoptosis_or_Intrinsic_Apoptosis;previous_reviewed_core_panel,2,directionally_curated_pro_death+KEGG_or_Reactome_or_core+ZFIN_ortholog+present_in_all_genes,ZDB-GENE-030825-5,AA;CL,ZDB-PUB-030905-1,https://reactome.org/content/detail/R-HSA-109581;https://reactome.org/content/detail/R-HSA-109606;https://www.kegg.jp/pathway/hsa04210;https://zfin.org/downloads/human_orthos.txt,True
diablob,DIABLO,DIABLO,apoptosis,intrinsic_apoptosis,zebrafish_to_human,ZFIN human orthology download,reviewed_external_consensus,KEGG_hsa04210_Apoptosis;Reactome_Apoptosis_or_Intrinsic_Apoptosis;previous_reviewed_core_panel,2,directionally_curated_pro_death+KEGG_or_Reactome_or_core+ZFIN_ortholog+present_in_all_genes,ZDB-GENE-070112-202,AA,ZDB-PUB-030905-1,https://reactome.org/content/detail/R-HSA-109581;https://reactome.org/content/detail/R-HSA-109606;https://www.kegg.jp/pathway/hsa04210;https://zfin.org/downloads/human_orthos.txt,True
endog,ENDOG,ENDOG,apoptosis,intrinsic_apoptosis,zebrafish_to_human,ZFIN human orthology download,reviewed_external_consensus,KEGG_hsa04210_Apoptosis,1,directionally_curated_pro_death+KEGG_or_Reactome_or_core+ZFIN_ortholog+present_in_all_genes,ZDB-GENE-050522-402,AA;CL,ZDB-PUB-030905-1;ZDB-PUB-101222-14,https://www.kegg.jp/pathway/hsa04210;https://zfin.org/downloads/human_orthos.txt,True
OMA1,OMA1,OMA1,apoptosis,intrinsic_apoptosis,zebrafish_to_human,ZFIN human orthology download,reviewed_external_consensus,Reactome_Apoptosis_or_Intrinsic_Apoptosis,1,directionally_curated_pro_death+KEGG_or_Reactome_or_core+ZFIN_ortholog+present_in_all_genes,ZDB-GENE-091204-124,AA;CL;PT,ZDB-PUB-030905-1,https://reactome.org/content/detail/R-HSA-109581;https://reactome.org/content/detail/R-HSA-109606;https://zfin.org/downloads/human_orthos.txt,True
dap3,DAP3,DAP3,apoptosis,stress_pro_apoptotic,zebrafish_to_human,ZFIN human orthology download,reviewed_external_consensus,previous_reviewed_core_panel,0,directionally_curated_pro_death+KEGG_or_Reactome_or_core+ZFIN_ortholog+present_in_all_genes,ZDB-GENE-051129-2,AA;CL,ZDB-PUB-030905-1;ZDB-PUB-150918-13,https://zfin.org/downloads/human_orthos.txt,True
dapk1,DAPK1,DAPK1,apoptosis,stress_pro_apoptotic,zebrafish_to_human,ZFIN human orthology download,reviewed_external_consensus,Reactome_Apoptosis_or_Intrinsic_Apoptosis,1,directionally_curated_pro_death+KEGG_or_Reactome_or_core+ZFIN_ortholog+present_in_all_genes,ZDB-GENE-060526-177,AA;CL,ZDB-PUB-030905-1;ZDB-PUB-120706-8,https://reactome.org/content/detail/R-HSA-109581;https://reactome.org/content/detail/R-HSA-109606;https://zfin.org/downloads/human_orthos.txt,True
dapk2a,DAPK2,DAPK2,apoptosis,stress_pro_apoptotic,zebrafish_to_human,ZFIN human orthology download,reviewed_external_consensus,Reactome_Apoptosis_or_Intrinsic_Apoptosis,1,directionally_curated_pro_death+KEGG_or_Reactome_or_core+ZFIN_ortholog+present_in_all_genes,ZDB-GENE-080402-8,AA;CL,ZDB-PUB-030905-1,https://reactome.org/content/detail/R-HSA-109581;https://reactome.org/content/detail/R-HSA-109606;https://zfin.org/downloads/human_orthos.txt,True
dapk3,DAPK3,DAPK3,apoptosis,stress_pro_apoptotic,zebrafish_to_human,ZFIN human orthology download,reviewed_external_consensus,Reactome_Apoptosis_or_Intrinsic_Apoptosis,1,directionally_curated_pro_death+KEGG_or_Reactome_or_core+ZFIN_ortholog+present_in_all_genes,ZDB-GENE-030131-3026,AA;CL;NT,ZDB-PUB-050823-6;ZDB-PUB-071029-6;ZDB-PUB-140702-3,https://reactome.org/content/detail/R-HSA-109581;https://reactome.org/content/detail/R-HSA-109606;https://zfin.org/downloads/human_orthos.txt,True
ddit3,DDIT3,DDIT3,apoptosis,stress_pro_apoptotic,zebrafish_to_human,ZFIN human orthology download,reviewed_external_consensus,KEGG_hsa04210_Apoptosis,1,directionally_curated_pro_death+KEGG_or_Reactome_or_core+ZFIN_ortholog+present_in_all_genes,ZDB-GENE-070410-90,AA;CL;PT,ZDB-PUB-030905-1;ZDB-PUB-160925-2,https://www.kegg.jp/pathway/hsa04210;https://zfin.org/downloads/human_orthos.txt,True
eif2ak3,EIF2AK3,EIF2AK3,apoptosis,stress_pro_apoptotic,zebrafish_to_human,ZFIN human orthology download,reviewed_external_consensus,KEGG_hsa04210_Apoptosis,1,directionally_curated_pro_death+KEGG_or_Reactome_or_core+ZFIN_ortholog+present_in_all_genes,ZDB-GENE-050414-2,AA;CL,ZDB-PUB-030905-1,https://www.kegg.jp/pathway/hsa04210;https://zfin.org/downloads/human_orthos.txt,True
map3k5,MAP3K5,MAP3K5,apoptosis,stress_pro_apoptotic,zebrafish_to_human,ZFIN human orthology download,reviewed_external_consensus,KEGG_hsa04210_Apoptosis,1,directionally_curated_pro_death+KEGG_or_Reactome_or_core+ZFIN_ortholog+present_in_all_genes,ZDB-GENE-030827-3,AA;CL;PT,ZDB-PUB-030905-1;ZDB-PUB-140513-246;ZDB-PUB-160816-2,https://www.kegg.jp/pathway/hsa04210;https://zfin.org/downloads/human_orthos.txt,True
prkcda,PRKCD,PRKCD,apoptosis,stress_pro_apoptotic,zebrafish_to_human,ZFIN human orthology download,reviewed_external_consensus,Reactome_Apoptosis_or_Intrinsic_Apoptosis,1,directionally_curated_pro_death+KEGG_or_Reactome_or_core+ZFIN_ortholog+present_in_all_genes,ZDB-GENE-030131-6503,AA;CL;NT;PT,ZDB-PUB-030905-1;ZDB-PUB-181109-11,https://reactome.org/content/detail/R-HSA-109581;https://reactome.org/content/detail/R-HSA-109606;https://zfin.org/downloads/human_orthos.txt,True
prkcdb,PRKCD,PRKCD,apoptosis,stress_pro_apoptotic,zebrafish_to_human,ZFIN human orthology download,reviewed_external_consensus,Reactome_Apoptosis_or_Intrinsic_Apoptosis,1,directionally_curated_pro_death+KEGG_or_Reactome_or_core+ZFIN_ortholog+present_in_all_genes,ZDB-GENE-111129-1,AA;CL,ZDB-PUB-030905-1,https://reactome.org/content/detail/R-HSA-109581;https://reactome.org/content/detail/R-HSA-109606;https://zfin.org/downloads/human_orthos.txt,True
tp53,TP53,TP53,apoptosis,stress_pro_apoptotic,zebrafish_to_human,ZFIN human orthology download,reviewed_external_consensus,KEGG_hsa04210_Apoptosis;Reactome_Apoptosis_or_Intrinsic_Apoptosis;previous_reviewed_core_panel,2,directionally_curated_pro_death+KEGG_or_Reactome_or_core+ZFIN_ortholog+present_in_all_genes,ZDB-GENE-990415-270,AA;CL;OT,ZDB-PUB-001205-3;ZDB-PUB-050105-1;ZDB-PUB-050823-6;ZDB-PUB-051207-21;ZDB-PUB-060124-13;ZDB-PUB-140513-455;ZDB-PUB-140905-12;ZDB-PUB-150211-2,https://reactome.org/content/detail/R-HSA-109581;https://reactome.org/content/detail/R-HSA-109606;https://reactome.org/content/detail/R-HSA-69278;https://reactome.org/content/detail/R-HSA-69306;https://www.kegg.jp/pathway/hsa04110;https://www.kegg.jp/pathway/hsa04210;https://zfin.org/downloads/human_orthos.txt,True
tp53bp2a,TP53BP2,TP53BP2,apoptosis,stress_pro_apoptotic,zebrafish_to_human,ZFIN human orthology download,reviewed_external_consensus,Reactome_Apoptosis_or_Intrinsic_Apoptosis,1,directionally_curated_pro_death+KEGG_or_Reactome_or_core+ZFIN_ortholog+present_in_all_genes,ZDB-GENE-040516-8,AA,ZDB-PUB-050823-6;ZDB-PUB-140220-26,https://reactome.org/content/detail/R-HSA-109581;https://reactome.org/content/detail/R-HSA-109606;https://zfin.org/downloads/human_orthos.txt,True
tp53bp2b,TP53BP2,TP53BP2,apoptosis,stress_pro_apoptotic,zebrafish_to_human,ZFIN human orthology download,reviewed_external_consensus,Reactome_Apoptosis_or_Intrinsic_Apoptosis,1,directionally_curated_pro_death+KEGG_or_Reactome_or_core+ZFIN_ortholog+present_in_all_genes,ZDB-GENE-050208-453,AA,ZDB-PUB-140220-26;ZDB-PUB-140821-3,https://reactome.org/content/detail/R-HSA-109581;https://reactome.org/content/detail/R-HSA-109606;https://zfin.org/downloads/human_orthos.txt,True
unc5b,UNC5B,UNC5B,apoptosis,stress_pro_apoptotic,zebrafish_to_human,ZFIN human orthology download,reviewed_external_consensus,Reactome_Apoptosis_or_Intrinsic_Apoptosis,1,directionally_curated_pro_death+KEGG_or_Reactome_or_core+ZFIN_ortholog+present_in_all_genes,ZDB-GENE-041213-1,AA;CL,ZDB-PUB-041029-10;ZDB-PUB-070827-10;ZDB-PUB-130710-94,https://reactome.org/content/detail/R-HSA-109581;https://reactome.org/content/detail/R-HSA-109606;https://zfin.org/downloads/human_orthos.txt,True
anln,ANLN,ANLN,proliferation,G2M_phase,zebrafish_to_human,ZFIN human orthology download,reviewed_external_consensus,Seurat_cc.genes.updated.2019/Tirosh2016,1,core_or_Seurat_phase_marker+ZFIN_ortholog+present_in_all_genes,ZDB-GENE-030131-4486,AA,ZDB-PUB-030905-1;ZDB-PUB-140513-261,https://doi.org/10.1126/science.aad0501;https://satijalab.org/seurat/reference/cc.genes.updated.2019.html;https://zfin.org/downloads/human_orthos.txt,True
anp32e,ANP32E,ANP32E,proliferation,G2M_phase,zebrafish_to_human,ZFIN human orthology download,reviewed_external_consensus,Seurat_cc.genes.updated.2019/Tirosh2016,1,core_or_Seurat_phase_marker+ZFIN_ortholog+present_in_all_genes,ZDB-GENE-040426-2448,AA;CL,ZDB-PUB-030905-1,https://doi.org/10.1126/science.aad0501;https://satijalab.org/seurat/reference/cc.genes.updated.2019.html;https://zfin.org/downloads/human_orthos.txt,True
aurka,AURKA,AURKA,proliferation,G2M_phase,zebrafish_to_human,ZFIN human orthology download,reviewed_external_consensus,Seurat_cc.genes.updated.2019/Tirosh2016;Reactome_Cell_Cycle_Mitotic_or_DNA_Replication;previous_reviewed_core_panel,2,core_or_Seurat_phase_marker+ZFIN_ortholog+present_in_all_genes,ZDB-GENE-040801-161,AA;CL,ZDB-PUB-030905-1;ZDB-PUB-100719-49;ZDB-PUB-130204-4,https://doi.org/10.1126/science.aad0501;https://reactome.org/content/detail/R-HSA-69278;https://reactome.org/content/detail/R-HSA-69306;https://satijalab.org/seurat/reference/cc.genes.updated.2019.html;https://zfin.org/downloads/human_orthos.txt,True
aurkb,AURKB,AURKB,proliferation,G2M_phase,zebrafish_to_human,ZFIN human orthology download,reviewed_external_consensus,Seurat_cc.genes.updated.2019/Tirosh2016;KEGG_hsa04110_Cell_cycle;Reactome_Cell_Cycle_Mitotic_or_DNA_Replication;previous_reviewed_core_panel,3,core_or_Seurat_phase_marker+ZFIN_ortholog+present_in_all_genes,ZDB-GENE-020419-40,AA;CL,ZDB-PUB-020723-5;ZDB-PUB-090629-17,https://doi.org/10.1126/science.aad0501;https://reactome.org/content/detail/R-HSA-69278;https://reactome.org/content/detail/R-HSA-69306;https://satijalab.org/seurat/reference/cc.genes.updated.2019.html;https://www.kegg.jp/pathway/hsa04110;https://zfin.org/downloads/human_orthos.txt,True
birc5a,BIRC5,BIRC5,proliferation,G2M_phase,zebrafish_to_human,ZFIN human orthology download,reviewed_external_consensus,Seurat_cc.genes.updated.2019/Tirosh2016;Reactome_Cell_Cycle_Mitotic_or_DNA_Replication;previous_reviewed_core_panel,2,core_or_Seurat_phase_marker+ZFIN_ortholog+present_in_all_genes,ZDB-GENE-030826-1,AA;CL,ZDB-PUB-040708-1;ZDB-PUB-050823-6;ZDB-PUB-090123-11;ZDB-PUB-090330-14;ZDB-PUB-090807-12;ZDB-PUB-130213-2;ZDB-PUB-130605-11,https://doi.org/10.1126/science.aad0501;https://reactome.org/content/detail/R-HSA-69278;https://reactome.org/content/detail/R-HSA-69306;https://satijalab.org/seurat/reference/cc.genes.updated.2019.html;https://www.kegg.jp/pathway/hsa04210;https://zfin.org/downloads/human_orthos.txt,True
bub1,BUB1,BUB1,proliferation,G2M_phase,zebrafish_to_human,ZFIN human orthology download,reviewed_external_consensus,Seurat_cc.genes.updated.2019/Tirosh2016;KEGG_hsa04110_Cell_cycle;Reactome_Cell_Cycle_Mitotic_or_DNA_Replication;previous_reviewed_core_panel,3,core_or_Seurat_phase_marker+ZFIN_ortholog+present_in_all_genes,ZDB-GENE-081104-75,AA,ZDB-PUB-030905-1;ZDB-PUB-140513-246,https://doi.org/10.1126/science.aad0501;https://reactome.org/content/detail/R-HSA-69278;https://reactome.org/content/detail/R-HSA-69306;https://satijalab.org/seurat/reference/cc.genes.updated.2019.html;https://www.kegg.jp/pathway/hsa04110;https://zfin.org/downloads/human_orthos.txt,True
bub3,BUB3,BUB3,proliferation,G2M_phase,zebrafish_to_human,ZFIN human orthology download,reviewed_external_consensus,KEGG_hsa04110_Cell_cycle;Reactome_Cell_Cycle_Mitotic_or_DNA_Replication;previous_reviewed_core_panel,2,core_or_Seurat_phase_marker+ZFIN_ortholog+present_in_all_genes,ZDB-GENE-041010-210,AA;CL,ZDB-PUB-030905-1,https://reactome.org/content/detail/R-HSA-69278;https://reactome.org/content/detail/R-HSA-69306;https://www.kegg.jp/pathway/hsa04110;https://zfin.org/downloads/human_orthos.txt,True
ccnb1,CCNB1,CCNB1,proliferation,G2M_phase,zebrafish_to_human,ZFIN human orthology download,reviewed_external_consensus,KEGG_hsa04110_Cell_cycle;Reactome_Cell_Cycle_Mitotic_or_DNA_Replication;previous_reviewed_core_panel,2,core_or_Seurat_phase_marker+ZFIN_ortholog+present_in_all_genes,ZDB-GENE-000406-10,AA;CL,ZDB-PUB-020723-5;ZDB-PUB-050823-6,https://reactome.org/content/detail/R-HSA-69278;https://reactome.org/content/detail/R-HSA-69306;https://www.kegg.jp/pathway/hsa04110;https://zfin.org/downloads/human_orthos.txt,True
ccnb2,CCNB2,CCNB2,proliferation,G2M_phase,zebrafish_to_human,ZFIN human orthology download,reviewed_external_consensus,Seurat_cc.genes.updated.2019/Tirosh2016;KEGG_hsa04110_Cell_cycle;Reactome_Cell_Cycle_Mitotic_or_DNA_Replication;previous_reviewed_core_panel,3,core_or_Seurat_phase_marker+ZFIN_ortholog+present_in_all_genes,ZDB-GENE-030429-12,AA;CL,ZDB-PUB-030905-1;ZDB-PUB-130117-4,https://doi.org/10.1126/science.aad0501;https://reactome.org/content/detail/R-HSA-69278;https://reactome.org/content/detail/R-HSA-69306;https://satijalab.org/seurat/reference/cc.genes.updated.2019.html;https://www.kegg.jp/pathway/hsa04110;https://zfin.org/downloads/human_orthos.txt,True
cdc20,CDC20,CDC20,proliferation,G2M_phase,zebrafish_to_human,ZFIN human orthology download,reviewed_external_consensus,Seurat_cc.genes.updated.2019/Tirosh2016;KEGG_hsa04110_Cell_cycle;Reactome_Cell_Cycle_Mitotic_or_DNA_Replication;previous_reviewed_core_panel,3,core_or_Seurat_phase_marker+ZFIN_ortholog+present_in_all_genes,ZDB-GENE-040426-2044,AA;CL,ZDB-PUB-030905-1,https://doi.org/10.1126/science.aad0501;https://reactome.org/content/detail/R-HSA-69278;https://reactome.org/content/detail/R-HSA-69306;https://satijalab.org/seurat/reference/cc.genes.updated.2019.html;https://www.kegg.jp/pathway/hsa04110;https://zfin.org/downloads/human_orthos.txt,True
cdk1,CDK1,CDK1,proliferation,G2M_phase,zebrafish_to_human,ZFIN human orthology download,reviewed_external_consensus,Seurat_cc.genes.updated.2019/Tirosh2016;KEGG_hsa04110_Cell_cycle;Reactome_Cell_Cycle_Mitotic_or_DNA_Replication;previous_reviewed_core_panel,3,core_or_Seurat_phase_marker+ZFIN_ortholog+present_in_all_genes,ZDB-GENE-010320-1,AA;CL,ZDB-PUB-050209-7,https://doi.org/10.1126/science.aad0501;https://reactome.org/content/detail/R-HSA-69278;https://reactome.org/content/detail/R-HSA-69306;https://satijalab.org/seurat/reference/cc.genes.updated.2019.html;https://www.kegg.jp/pathway/hsa04110;https://zfin.org/downloads/human_orthos.txt,True
cenpf,CENPF,CENPF,proliferation,G2M_phase,zebrafish_to_human,ZFIN human orthology download,reviewed_external_consensus,Seurat_cc.genes.updated.2019/Tirosh2016;Reactome_Cell_Cycle_Mitotic_or_DNA_Replication;previous_reviewed_core_panel,2,core_or_Seurat_phase_marker+ZFIN_ortholog+present_in_all_genes,ZDB-GENE-041111-205,AA;CL;FC,ZDB-PUB-030905-1;ZDB-PUB-170214-231,https://doi.org/10.1126/science.aad0501;https://reactome.org/content/detail/R-HSA-69278;https://reactome.org/content/detail/R-HSA-69306;https://satijalab.org/seurat/reference/cc.genes.updated.2019.html;https://zfin.org/downloads/human_orthos.txt,True
cenpk,CENPK,CENPK,proliferation,G2M_phase,zebrafish_to_human,ZFIN human orthology download,reviewed_external_consensus,Reactome_Cell_Cycle_Mitotic_or_DNA_Replication;previous_reviewed_core_panel,1,core_or_Seurat_phase_marker+ZFIN_ortholog+present_in_all_genes,ZDB-GENE-090313-204,AA,ZDB-PUB-030905-1,https://reactome.org/content/detail/R-HSA-69278;https://reactome.org/content/detail/R-HSA-69306;https://zfin.org/downloads/human_orthos.txt,True
ckap2l,CKAP2L,CKAP2L,proliferation,G2M_phase,zebrafish_to_human,ZFIN human orthology download,reviewed_external_consensus,Seurat_cc.genes.updated.2019/Tirosh2016,1,core_or_Seurat_phase_marker+ZFIN_ortholog+present_in_all_genes,ZDB-GENE-030131-6690,AA,ZDB-PUB-030905-1,https://doi.org/10.1126/science.aad0501;https://satijalab.org/seurat/reference/cc.genes.updated.2019.html;https://zfin.org/downloads/human_orthos.txt,True
ckap5,CKAP5,CKAP5,proliferation,G2M_phase,zebrafish_to_human,ZFIN human orthology download,reviewed_external_consensus,Seurat_cc.genes.updated.2019/Tirosh2016;Reactome_Cell_Cycle_Mitotic_or_DNA_Replication,2,core_or_Seurat_phase_marker+ZFIN_ortholog+present_in_all_genes,ZDB-GENE-051120-174,AA;CL,ZDB-PUB-050823-6;ZDB-PUB-150130-2,https://doi.org/10.1126/science.aad0501;https://reactome.org/content/detail/R-HSA-69278;https://reactome.org/content/detail/R-HSA-69306;https://satijalab.org/seurat/reference/cc.genes.updated.2019.html;https://zfin.org/downloads/human_orthos.txt,True
cks1b,CKS1B,CKS1B,proliferation,G2M_phase,zebrafish_to_human,ZFIN human orthology download,reviewed_external_consensus,Seurat_cc.genes.updated.2019/Tirosh2016;Reactome_Cell_Cycle_Mitotic_or_DNA_Replication,2,core_or_Seurat_phase_marker+ZFIN_ortholog+present_in_all_genes,ZDB-GENE-040801-112,AA;CL,ZDB-PUB-030905-1;ZDB-PUB-200426-10,https://doi.org/10.1126/science.aad0501;https://reactome.org/content/detail/R-HSA-69278;https://reactome.org/content/detail/R-HSA-69306;https://satijalab.org/seurat/reference/cc.genes.updated.2019.html;https://zfin.org/downloads/human_orthos.txt,True
cks2,CKS2,CKS2,proliferation,G2M_phase,zebrafish_to_human,ZFIN human orthology download,reviewed_external_consensus,Seurat_cc.genes.updated.2019/Tirosh2016,1,core_or_Seurat_phase_marker+ZFIN_ortholog+present_in_all_genes,ZDB-GENE-050208-508,AA;CL,ZDB-PUB-030905-1,https://doi.org/10.1126/science.aad0501;https://satijalab.org/seurat/reference/cc.genes.updated.2019.html;https://zfin.org/downloads/human_orthos.txt,True
ctcf,CTCF,CTCF,proliferation,G2M_phase,zebrafish_to_human,ZFIN human orthology download,reviewed_external_consensus,Seurat_cc.genes.updated.2019/Tirosh2016,1,core_or_Seurat_phase_marker+ZFIN_ortholog+present_in_all_genes,ZDB-GENE-040624-5,AA;CL;NT,ZDB-PUB-030905-1;ZDB-PUB-060508-3,https://doi.org/10.1126/science.aad0501;https://satijalab.org/seurat/reference/cc.genes.updated.2019.html;https://zfin.org/downloads/human_orthos.txt,True
dlgap5,DLGAP5,DLGAP5,proliferation,G2M_phase,zebrafish_to_human,ZFIN human orthology download,reviewed_external_consensus,Seurat_cc.genes.updated.2019/Tirosh2016,1,core_or_Seurat_phase_marker+ZFIN_ortholog+present_in_all_genes,ZDB-GENE-040912-160,AA,ZDB-PUB-050823-6,https://doi.org/10.1126/science.aad0501;https://satijalab.org/seurat/reference/cc.genes.updated.2019.html;https://zfin.org/downloads/human_orthos.txt,True
ect2,ECT2,ECT2,proliferation,G2M_phase,zebrafish_to_human,ZFIN human orthology download,reviewed_external_consensus,Seurat_cc.genes.updated.2019/Tirosh2016,1,core_or_Seurat_phase_marker+ZFIN_ortholog+present_in_all_genes,ZDB-GENE-040831-2,AA;CL,ZDB-PUB-030905-1;ZDB-PUB-040708-1,https://doi.org/10.1126/science.aad0501;https://satijalab.org/seurat/reference/cc.genes.updated.2019.html;https://zfin.org/downloads/human_orthos.txt,True
g2e3,G2E3,G2E3,proliferation,G2M_phase,zebrafish_to_human,ZFIN human orthology download,reviewed_external_consensus,Seurat_cc.genes.updated.2019/Tirosh2016,1,core_or_Seurat_phase_marker+ZFIN_ortholog+present_in_all_genes,ZDB-GENE-030616-400,AA;CL,ZDB-PUB-030905-1;ZDB-PUB-050823-6,https://doi.org/10.1126/science.aad0501;https://satijalab.org/seurat/reference/cc.genes.updated.2019.html;https://zfin.org/downloads/human_orthos.txt,True
gas2l3,GAS2L3,GAS2L3,proliferation,G2M_phase,zebrafish_to_human,ZFIN human orthology download,reviewed_external_consensus,Seurat_cc.genes.updated.2019/Tirosh2016,1,core_or_Seurat_phase_marker+ZFIN_ortholog+present_in_all_genes,ZDB-GENE-030131-2560,AA,ZDB-PUB-030905-1;ZDB-PUB-140819-3,https://doi.org/10.1126/science.aad0501;https://satijalab.org/seurat/reference/cc.genes.updated.2019.html;https://zfin.org/downloads/human_orthos.txt,True
gtse1,GTSE1,GTSE1,proliferation,G2M_phase,zebrafish_to_human,ZFIN human orthology download,reviewed_external_consensus,Seurat_cc.genes.updated.2019/Tirosh2016;Reactome_Cell_Cycle_Mitotic_or_DNA_Replication,2,core_or_Seurat_phase_marker+ZFIN_ortholog+present_in_all_genes,ZDB-GENE-050522-493,AA;CL,ZDB-PUB-030905-1,https://doi.org/10.1126/science.aad0501;https://reactome.org/content/detail/R-HSA-69278;https://reactome.org/content/detail/R-HSA-69306;https://satijalab.org/seurat/reference/cc.genes.updated.2019.html;https://zfin.org/downloads/human_orthos.txt,True
hmgb2a,HMGB2,HMGB2,proliferation,G2M_phase,zebrafish_to_human,ZFIN human orthology download,reviewed_external_consensus,Seurat_cc.genes.updated.2019/Tirosh2016,1,core_or_Seurat_phase_marker+ZFIN_ortholog+present_in_all_genes,ZDB-GENE-051120-126,AA;CL,ZDB-PUB-030905-1;ZDB-PUB-100910-11;ZDB-PUB-130709-49,https://doi.org/10.1126/science.aad0501;https://reactome.org/content/detail/R-HSA-109581;https://reactome.org/content/detail/R-HSA-109606;https://satijalab.org/seurat/reference/cc.genes.updated.2019.html;https://zfin.org/downloads/human_orthos.txt,True
hmgb2b,HMGB2,HMGB2,proliferation,G2M_phase,zebrafish_to_human,ZFIN human orthology download,reviewed_external_consensus,Seurat_cc.genes.updated.2019/Tirosh2016,1,core_or_Seurat_phase_marker+ZFIN_ortholog+present_in_all_genes,ZDB-GENE-040912-122,AA,ZDB-PUB-100910-11;ZDB-PUB-130709-49,https://doi.org/10.1126/science.aad0501;https://reactome.org/content/detail/R-HSA-109581;https://reactome.org/content/detail/R-HSA-109606;https://satijalab.org/seurat/reference/cc.genes.updated.2019.html;https://zfin.org/downloads/human_orthos.txt,True
hmmr,HMMR,HMMR,proliferation,G2M_phase,zebrafish_to_human,ZFIN human orthology download,reviewed_external_consensus,Seurat_cc.genes.updated.2019/Tirosh2016;Reactome_Cell_Cycle_Mitotic_or_DNA_Replication,2,core_or_Seurat_phase_marker+ZFIN_ortholog+present_in_all_genes,ZDB-GENE-030131-731,AA,ZDB-PUB-030905-1,https://doi.org/10.1126/science.aad0501;https://reactome.org/content/detail/R-HSA-69278;https://reactome.org/content/detail/R-HSA-69306;https://satijalab.org/seurat/reference/cc.genes.updated.2019.html;https://zfin.org/downloads/human_orthos.txt,True
kif11,KIF11,KIF11,proliferation,G2M_phase,zebrafish_to_human,ZFIN human orthology download,reviewed_external_consensus,Seurat_cc.genes.updated.2019/Tirosh2016;previous_reviewed_core_panel,1,core_or_Seurat_phase_marker+ZFIN_ortholog+present_in_all_genes,ZDB-GENE-020426-1,AA;CL;NT,ZDB-PUB-020521-9;ZDB-PUB-050209-7;ZDB-PUB-050823-6;ZDB-PUB-070523-31,https://doi.org/10.1126/science.aad0501;https://satijalab.org/seurat/reference/cc.genes.updated.2019.html;https://zfin.org/downloads/human_orthos.txt,True
kif20ba,KIF20B,KIF20B,proliferation,G2M_phase,zebrafish_to_human,ZFIN human orthology download,reviewed_external_consensus,Seurat_cc.genes.updated.2019/Tirosh2016,1,core_or_Seurat_phase_marker+ZFIN_ortholog+present_in_all_genes,ZDB-GENE-041111-213,AA;CL,ZDB-PUB-030905-1,https://doi.org/10.1126/science.aad0501;https://satijalab.org/seurat/reference/cc.genes.updated.2019.html;https://zfin.org/downloads/human_orthos.txt,True
kif20bb,KIF20B,KIF20B,proliferation,G2M_phase,zebrafish_to_human,ZFIN human orthology download,reviewed_external_consensus,Seurat_cc.genes.updated.2019/Tirosh2016,1,core_or_Seurat_phase_marker+ZFIN_ortholog+present_in_all_genes,ZDB-GENE-030131-9684,AA;CL,ZDB-PUB-030905-1,https://doi.org/10.1126/science.aad0501;https://satijalab.org/seurat/reference/cc.genes.updated.2019.html;https://zfin.org/downloads/human_orthos.txt,True
kif23,KIF23,KIF23,proliferation,G2M_phase,zebrafish_to_human,ZFIN human orthology download,reviewed_external_consensus,Seurat_cc.genes.updated.2019/Tirosh2016;Reactome_Cell_Cycle_Mitotic_or_DNA_Replication,2,core_or_Seurat_phase_marker+ZFIN_ortholog+present_in_all_genes,ZDB-GENE-991019-4,AA;CL,ZDB-PUB-001019-5;ZDB-PUB-020220-10;ZDB-PUB-050823-6,https://doi.org/10.1126/science.aad0501;https://reactome.org/content/detail/R-HSA-69278;https://reactome.org/content/detail/R-HSA-69306;https://satijalab.org/seurat/reference/cc.genes.updated.2019.html;https://zfin.org/downloads/human_orthos.txt,True
kif2c,KIF2C,KIF2C,proliferation,G2M_phase,zebrafish_to_human,ZFIN human orthology download,reviewed_external_consensus,Seurat_cc.genes.updated.2019/Tirosh2016;Reactome_Cell_Cycle_Mitotic_or_DNA_Replication,2,core_or_Seurat_phase_marker+ZFIN_ortholog+present_in_all_genes,ZDB-GENE-070912-298,AA;CL,ZDB-PUB-030905-1;ZDB-PUB-200502-3,https://doi.org/10.1126/science.aad0501;https://reactome.org/content/detail/R-HSA-69278;https://reactome.org/content/detail/R-HSA-69306;https://satijalab.org/seurat/reference/cc.genes.updated.2019.html;https://zfin.org/downloads/human_orthos.txt,True
lbr,LBR,LBR,proliferation,G2M_phase,zebrafish_to_human,ZFIN human orthology download,reviewed_external_consensus,Seurat_cc.genes.updated.2019/Tirosh2016;Reactome_Cell_Cycle_Mitotic_or_DNA_Replication,2,core_or_Seurat_phase_marker+ZFIN_ortholog+present_in_all_genes,ZDB-GENE-030804-11,AA;CL,ZDB-PUB-030905-1;ZDB-PUB-050823-6;ZDB-PUB-060616-40,https://doi.org/10.1126/science.aad0501;https://reactome.org/content/detail/R-HSA-69278;https://reactome.org/content/detail/R-HSA-69306;https://satijalab.org/seurat/reference/cc.genes.updated.2019.html;https://zfin.org/downloads/human_orthos.txt,True
mad2l1,MAD2L1,MAD2L1,proliferation,G2M_phase,zebrafish_to_human,ZFIN human orthology download,reviewed_external_consensus,KEGG_hsa04110_Cell_cycle;Reactome_Cell_Cycle_Mitotic_or_DNA_Replication;previous_reviewed_core_panel,2,core_or_Seurat_phase_marker+ZFIN_ortholog+present_in_all_genes,ZDB-GENE-030515-3,AA;CL,ZDB-PUB-030905-1,https://reactome.org/content/detail/R-HSA-69278;https://reactome.org/content/detail/R-HSA-69306;https://www.kegg.jp/pathway/hsa04110;https://zfin.org/downloads/human_orthos.txt,True
mki67,MKI67,MKI67,proliferation,G2M_phase,zebrafish_to_human,ZFIN human orthology download,reviewed_external_consensus,Seurat_cc.genes.updated.2019/Tirosh2016;previous_reviewed_core_panel,1,core_or_Seurat_phase_marker+ZFIN_ortholog+present_in_all_genes,ZDB-GENE-030131-9771,AA,ZDB-PUB-030905-1,https://doi.org/10.1126/science.aad0501;https://satijalab.org/seurat/reference/cc.genes.updated.2019.html;https://zfin.org/downloads/human_orthos.txt,True
ncapd2,NCAPD2,NCAPD2,proliferation,G2M_phase,zebrafish_to_human,ZFIN human orthology download,reviewed_external_consensus,Seurat_cc.genes.updated.2019/Tirosh2016;Reactome_Cell_Cycle_Mitotic_or_DNA_Replication,2,core_or_Seurat_phase_marker+ZFIN_ortholog+present_in_all_genes,ZDB-GENE-050506-59,AA,ZDB-PUB-030905-1,https://doi.org/10.1126/science.aad0501;https://reactome.org/content/detail/R-HSA-69278;https://reactome.org/content/detail/R-HSA-69306;https://satijalab.org/seurat/reference/cc.genes.updated.2019.html;https://zfin.org/downloads/human_orthos.txt,True
ndc80,NDC80,NDC80,proliferation,G2M_phase,zebrafish_to_human,ZFIN human orthology download,reviewed_external_consensus,Seurat_cc.genes.updated.2019/Tirosh2016;KEGG_hsa04110_Cell_cycle;Reactome_Cell_Cycle_Mitotic_or_DNA_Replication;previous_reviewed_core_panel,3,core_or_Seurat_phase_marker+ZFIN_ortholog+present_in_all_genes,ZDB-GENE-030131-904,AA;CL,ZDB-PUB-030905-1;ZDB-PUB-140513-246,https://doi.org/10.1126/science.aad0501;https://reactome.org/content/detail/R-HSA-69278;https://reactome.org/content/detail/R-HSA-69306;https://satijalab.org/seurat/reference/cc.genes.updated.2019.html;https://www.kegg.jp/pathway/hsa04110;https://zfin.org/downloads/human_orthos.txt,True
nek2,NEK2,NEK2,proliferation,G2M_phase,zebrafish_to_human,ZFIN human orthology download,reviewed_external_consensus,Seurat_cc.genes.updated.2019/Tirosh2016;Reactome_Cell_Cycle_Mitotic_or_DNA_Replication,2,core_or_Seurat_phase_marker+ZFIN_ortholog+present_in_all_genes,ZDB-GENE-040426-752,AA;CL,ZDB-PUB-050823-6,https://doi.org/10.1126/science.aad0501;https://reactome.org/content/detail/R-HSA-69278;https://reactome.org/content/detail/R-HSA-69306;https://satijalab.org/seurat/reference/cc.genes.updated.2019.html;https://zfin.org/downloads/human_orthos.txt,True
plk1,PLK1,PLK1,proliferation,G2M_phase,zebrafish_to_human,ZFIN human orthology download,reviewed_external_consensus,KEGG_hsa04110_Cell_cycle;Reactome_Cell_Cycle_Mitotic_or_DNA_Replication;previous_reviewed_core_panel,2,core_or_Seurat_phase_marker+ZFIN_ortholog+present_in_all_genes,ZDB-GENE-021115-7,AA;CL,ZDB-PUB-030905-1;ZDB-PUB-040708-1;ZDB-PUB-050823-6;ZDB-PUB-201121-12,https://reactome.org/content/detail/R-HSA-69278;https://reactome.org/content/detail/R-HSA-69306;https://www.kegg.jp/pathway/hsa04110;https://zfin.org/downloads/human_orthos.txt,True
rangap1a,RANGAP1,RANGAP1,proliferation,G2M_phase,zebrafish_to_human,ZFIN human orthology download,reviewed_external_consensus,Seurat_cc.genes.updated.2019/Tirosh2016;Reactome_Cell_Cycle_Mitotic_or_DNA_Replication,2,core_or_Seurat_phase_marker+ZFIN_ortholog+present_in_all_genes,ZDB-GENE-060929-492,AA;CL,ZDB-PUB-030905-1,https://doi.org/10.1126/science.aad0501;https://reactome.org/content/detail/R-HSA-69278;https://reactome.org/content/detail/R-HSA-69306;https://satijalab.org/seurat/reference/cc.genes.updated.2019.html;https://zfin.org/downloads/human_orthos.txt,True
rangap1b,RANGAP1,RANGAP1,proliferation,G2M_phase,zebrafish_to_human,ZFIN human orthology download,reviewed_external_consensus,Seurat_cc.genes.updated.2019/Tirosh2016;Reactome_Cell_Cycle_Mitotic_or_DNA_Replication,2,core_or_Seurat_phase_marker+ZFIN_ortholog+present_in_all_genes,ZDB-GENE-040426-1921,AA;CL,ZDB-PUB-030905-1,https://doi.org/10.1126/science.aad0501;https://reactome.org/content/detail/R-HSA-69278;https://reactome.org/content/detail/R-HSA-69306;https://satijalab.org/seurat/reference/cc.genes.updated.2019.html;https://zfin.org/downloads/human_orthos.txt,True
smc4,SMC4,SMC4,proliferation,G2M_phase,zebrafish_to_human,ZFIN human orthology download,reviewed_external_consensus,Seurat_cc.genes.updated.2019/Tirosh2016;Reactome_Cell_Cycle_Mitotic_or_DNA_Replication;previous_reviewed_core_panel,2,core_or_Seurat_phase_marker+ZFIN_ortholog+present_in_all_genes,ZDB-GENE-020419-21,AA;CL;NT,ZDB-PUB-020521-9;ZDB-PUB-050823-6;ZDB-PUB-090914-18,https://doi.org/10.1126/science.aad0501;https://reactome.org/content/detail/R-HSA-69278;https://reactome.org/content/detail/R-HSA-69306;https://satijalab.org/seurat/reference/cc.genes.updated.2019.html;https://zfin.org/downloads/human_orthos.txt,True
tacc3,TACC3,TACC3,proliferation,G2M_phase,zebrafish_to_human,ZFIN human orthology download,reviewed_external_consensus,Seurat_cc.genes.updated.2019/Tirosh2016,1,core_or_Seurat_phase_marker+ZFIN_ortholog+present_in_all_genes,ZDB-GENE-050522-327,AA;CL,ZDB-PUB-050823-6;ZDB-PUB-200710-20,https://doi.org/10.1126/science.aad0501;https://satijalab.org/seurat/reference/cc.genes.updated.2019.html;https://zfin.org/downloads/human_orthos.txt,True
tmpoa,TMPO,TMPO,proliferation,G2M_phase,zebrafish_to_human,ZFIN human orthology download,reviewed_external_consensus,Seurat_cc.genes.updated.2019/Tirosh2016;Reactome_Cell_Cycle_Mitotic_or_DNA_Replication,2,core_or_Seurat_phase_marker+ZFIN_ortholog+present_in_all_genes,ZDB-GENE-030131-6003,AA;CL,ZDB-PUB-020723-5;ZDB-PUB-050823-6;ZDB-PUB-150115-13;ZDB-PUB-190816-7,https://doi.org/10.1126/science.aad0501;https://reactome.org/content/detail/R-HSA-69278;https://reactome.org/content/detail/R-HSA-69306;https://satijalab.org/seurat/reference/cc.genes.updated.2019.html;https://zfin.org/downloads/human_orthos.txt,True
tmpob,TMPO,TMPO,proliferation,G2M_phase,zebrafish_to_human,ZFIN human orthology download,reviewed_external_consensus,Seurat_cc.genes.updated.2019/Tirosh2016;Reactome_Cell_Cycle_Mitotic_or_DNA_Replication,2,core_or_Seurat_phase_marker+ZFIN_ortholog+present_in_all_genes,ZDB-GENE-050522-8,AA;CL,ZDB-PUB-030905-1;ZDB-PUB-120706-19;ZDB-PUB-150115-13,https://doi.org/10.1126/science.aad0501;https://reactome.org/content/detail/R-HSA-69278;https://reactome.org/content/detail/R-HSA-69306;https://satijalab.org/seurat/reference/cc.genes.updated.2019.html;https://zfin.org/downloads/human_orthos.txt,True
top2a,TOP2A,TOP2A,proliferation,G2M_phase,zebrafish_to_human,ZFIN human orthology download,reviewed_external_consensus,Seurat_cc.genes.updated.2019/Tirosh2016;Reactome_Cell_Cycle_Mitotic_or_DNA_Replication;previous_reviewed_core_panel,2,core_or_Seurat_phase_marker+ZFIN_ortholog+present_in_all_genes,ZDB-GENE-030131-2453,AA;CL,ZDB-PUB-040708-1;ZDB-PUB-050823-6;ZDB-PUB-060207-14;ZDB-PUB-090116-21;ZDB-PUB-111129-29,https://doi.org/10.1126/science.aad0501;https://reactome.org/content/detail/R-HSA-69278;https://reactome.org/content/detail/R-HSA-69306;https://satijalab.org/seurat/reference/cc.genes.updated.2019.html;https://zfin.org/downloads/human_orthos.txt,True
tpx2,TPX2,TPX2,proliferation,G2M_phase,zebrafish_to_human,ZFIN human orthology download,reviewed_external_consensus,Seurat_cc.genes.updated.2019/Tirosh2016;Reactome_Cell_Cycle_Mitotic_or_DNA_Replication;previous_reviewed_core_panel,2,core_or_Seurat_phase_marker+ZFIN_ortholog+present_in_all_genes,ZDB-GENE-030131-9652,AA,ZDB-PUB-050823-6,https://doi.org/10.1126/science.aad0501;https://reactome.org/content/detail/R-HSA-69278;https://reactome.org/content/detail/R-HSA-69306;https://satijalab.org/seurat/reference/cc.genes.updated.2019.html;https://zfin.org/downloads/human_orthos.txt,True
ttk,TTK,TTK,proliferation,G2M_phase,zebrafish_to_human,ZFIN human orthology download,reviewed_external_consensus,Seurat_cc.genes.updated.2019/Tirosh2016;KEGG_hsa04110_Cell_cycle,2,core_or_Seurat_phase_marker+ZFIN_ortholog+present_in_all_genes,ZDB-GENE-030123-1,AA;CL,ZDB-PUB-030102-3;ZDB-PUB-030905-1;ZDB-PUB-070523-31,https://doi.org/10.1126/science.aad0501;https://satijalab.org/seurat/reference/cc.genes.updated.2019.html;https://www.kegg.jp/pathway/hsa04110;https://zfin.org/downloads/human_orthos.txt,True
ube2c,UBE2C,UBE2C,proliferation,G2M_phase,zebrafish_to_human,ZFIN human orthology download,reviewed_external_consensus,Seurat_cc.genes.updated.2019/Tirosh2016;Reactome_Cell_Cycle_Mitotic_or_DNA_Replication;previous_reviewed_core_panel,2,core_or_Seurat_phase_marker+ZFIN_ortholog+present_in_all_genes,ZDB-GENE-051030-48,AA;CL,ZDB-PUB-030905-1,https://doi.org/10.1126/science.aad0501;https://reactome.org/content/detail/R-HSA-69278;https://reactome.org/content/detail/R-HSA-69306;https://satijalab.org/seurat/reference/cc.genes.updated.2019.html;https://zfin.org/downloads/human_orthos.txt,True
atad2,ATAD2,ATAD2,proliferation,S_phase,zebrafish_to_human,ZFIN human orthology download,reviewed_external_consensus,Seurat_cc.genes.updated.2019/Tirosh2016,1,core_or_Seurat_phase_marker+ZFIN_ortholog+present_in_all_genes,ZDB-GENE-030131-7003,AA;CL,ZDB-PUB-030905-1;ZDB-PUB-050823-6,https://doi.org/10.1126/science.aad0501;https://satijalab.org/seurat/reference/cc.genes.updated.2019.html;https://zfin.org/downloads/human_orthos.txt,True
blm,BLM,BLM,proliferation,S_phase,zebrafish_to_human,ZFIN human orthology download,reviewed_external_consensus,Seurat_cc.genes.updated.2019/Tirosh2016,1,core_or_Seurat_phase_marker+ZFIN_ortholog+present_in_all_genes,ZDB-GENE-070702-5,AA;CL,ZDB-PUB-030905-1,https://doi.org/10.1126/science.aad0501;https://satijalab.org/seurat/reference/cc.genes.updated.2019.html;https://zfin.org/downloads/human_orthos.txt,True
casp8ap2,CASP8AP2,CASP8AP2,proliferation,S_phase,zebrafish_to_human,ZFIN human orthology download,reviewed_external_consensus,Seurat_cc.genes.updated.2019/Tirosh2016,1,core_or_Seurat_phase_marker+ZFIN_ortholog+present_in_all_genes,ZDB-GENE-030826-8,AA;CL,ZDB-PUB-030905-1,https://doi.org/10.1126/science.aad0501;https://satijalab.org/seurat/reference/cc.genes.updated.2019.html;https://zfin.org/downloads/human_orthos.txt,True
ccne1,CCNE1,CCNE1,proliferation,S_phase,zebrafish_to_human,ZFIN human orthology download,reviewed_external_consensus,KEGG_hsa04110_Cell_cycle;Reactome_Cell_Cycle_Mitotic_or_DNA_Replication;previous_reviewed_core_panel,2,core_or_Seurat_phase_marker+ZFIN_ortholog+present_in_all_genes,ZDB-GENE-980526-168,AA;CL;OT,ZDB-PUB-010112-1;ZDB-PUB-030905-1;ZDB-PUB-050823-6;ZDB-PUB-961014-1291;ZDB-PUB-990507-7,https://reactome.org/content/detail/R-HSA-69278;https://reactome.org/content/detail/R-HSA-69306;https://www.kegg.jp/pathway/hsa04110;https://zfin.org/downloads/human_orthos.txt,True
cdc45,CDC45,CDC45,proliferation,S_phase,zebrafish_to_human,ZFIN human orthology download,reviewed_external_consensus,Seurat_cc.genes.updated.2019/Tirosh2016;KEGG_hsa04110_Cell_cycle;Reactome_Cell_Cycle_Mitotic_or_DNA_Replication,3,core_or_Seurat_phase_marker+ZFIN_ortholog+present_in_all_genes,ZDB-GENE-040426-2710,AA;CL,ZDB-PUB-030905-1;ZDB-PUB-050823-6;ZDB-PUB-150703-3,https://doi.org/10.1126/science.aad0501;https://reactome.org/content/detail/R-HSA-69278;https://reactome.org/content/detail/R-HSA-69306;https://satijalab.org/seurat/reference/cc.genes.updated.2019.html;https://www.kegg.jp/pathway/hsa04110;https://zfin.org/downloads/human_orthos.txt,True
cdc6,CDC6,CDC6,proliferation,S_phase,zebrafish_to_human,ZFIN human orthology download,reviewed_external_consensus,Seurat_cc.genes.updated.2019/Tirosh2016;KEGG_hsa04110_Cell_cycle;Reactome_Cell_Cycle_Mitotic_or_DNA_Replication;previous_reviewed_core_panel,3,core_or_Seurat_phase_marker+ZFIN_ortholog+present_in_all_genes,ZDB-GENE-050506-131,AA;CL,ZDB-PUB-030905-1,https://doi.org/10.1126/science.aad0501;https://reactome.org/content/detail/R-HSA-69278;https://reactome.org/content/detail/R-HSA-69306;https://satijalab.org/seurat/reference/cc.genes.updated.2019.html;https://www.kegg.jp/pathway/hsa04110;https://zfin.org/downloads/human_orthos.txt,True
cdca7a,CDCA7,CDCA7,proliferation,S_phase,zebrafish_to_human,ZFIN human orthology download,reviewed_external_consensus,Seurat_cc.genes.updated.2019/Tirosh2016,1,core_or_Seurat_phase_marker+ZFIN_ortholog+present_in_all_genes,ZDB-GENE-050417-29,AA;CL,ZDB-PUB-030905-1,https://doi.org/10.1126/science.aad0501;https://satijalab.org/seurat/reference/cc.genes.updated.2019.html;https://zfin.org/downloads/human_orthos.txt,True
chaf1b,CHAF1B,CHAF1B,proliferation,S_phase,zebrafish_to_human,ZFIN human orthology download,reviewed_external_consensus,Seurat_cc.genes.updated.2019/Tirosh2016,1,core_or_Seurat_phase_marker+ZFIN_ortholog+present_in_all_genes,ZDB-GENE-040426-1947,AA;CL,ZDB-PUB-030905-1;ZDB-PUB-050823-6,https://doi.org/10.1126/science.aad0501;https://satijalab.org/seurat/reference/cc.genes.updated.2019.html;https://zfin.org/downloads/human_orthos.txt,True
dscc1,DSCC1,DSCC1,proliferation,S_phase,zebrafish_to_human,ZFIN human orthology download,reviewed_external_consensus,Seurat_cc.genes.updated.2019/Tirosh2016,1,core_or_Seurat_phase_marker+ZFIN_ortholog+present_in_all_genes,ZDB-GENE-040912-35,AA;CL,ZDB-PUB-030905-1,https://doi.org/10.1126/science.aad0501;https://satijalab.org/seurat/reference/cc.genes.updated.2019.html;https://zfin.org/downloads/human_orthos.txt,True
dtl,DTL,DTL,proliferation,S_phase,zebrafish_to_human,ZFIN human orthology download,reviewed_external_consensus,Seurat_cc.genes.updated.2019/Tirosh2016,1,core_or_Seurat_phase_marker+ZFIN_ortholog+present_in_all_genes,ZDB-GENE-020419-34,AA;CL,ZDB-PUB-050823-6,https://doi.org/10.1126/science.aad0501;https://satijalab.org/seurat/reference/cc.genes.updated.2019.html;https://zfin.org/downloads/human_orthos.txt,True
e2f8,E2F8,E2F8,proliferation,S_phase,zebrafish_to_human,ZFIN human orthology download,reviewed_external_consensus,Seurat_cc.genes.updated.2019/Tirosh2016,1,core_or_Seurat_phase_marker+ZFIN_ortholog+present_in_all_genes,ZDB-GENE-041111-260,AA;CL,ZDB-PUB-030905-1,https://doi.org/10.1126/science.aad0501;https://satijalab.org/seurat/reference/cc.genes.updated.2019.html;https://zfin.org/downloads/human_orthos.txt,True
exo1,EXO1,EXO1,proliferation,S_phase,zebrafish_to_human,ZFIN human orthology download,reviewed_external_consensus,Seurat_cc.genes.updated.2019/Tirosh2016,1,core_or_Seurat_phase_marker+ZFIN_ortholog+present_in_all_genes,ZDB-GENE-040426-2828,AA,ZDB-PUB-030905-1,https://doi.org/10.1126/science.aad0501;https://satijalab.org/seurat/reference/cc.genes.updated.2019.html;https://zfin.org/downloads/human_orthos.txt,True
fen1,FEN1,FEN1,proliferation,S_phase,zebrafish_to_human,ZFIN human orthology download,reviewed_external_consensus,Seurat_cc.genes.updated.2019/Tirosh2016;Reactome_Cell_Cycle_Mitotic_or_DNA_Replication,2,core_or_Seurat_phase_marker+ZFIN_ortholog+present_in_all_genes,ZDB-GENE-031112-11,AA,ZDB-PUB-030905-1;ZDB-PUB-040708-1,https://doi.org/10.1126/science.aad0501;https://reactome.org/content/detail/R-HSA-69278;https://reactome.org/content/detail/R-HSA-69306;https://satijalab.org/seurat/reference/cc.genes.updated.2019.html;https://zfin.org/downloads/human_orthos.txt,True
gins1,GINS1,GINS1,proliferation,S_phase,zebrafish_to_human,ZFIN human orthology download,reviewed_external_consensus,Reactome_Cell_Cycle_Mitotic_or_DNA_Replication;previous_reviewed_core_panel,1,core_or_Seurat_phase_marker+ZFIN_ortholog+present_in_all_genes,ZDB-GENE-041010-184,AA;CL;PT,ZDB-PUB-030905-1,https://reactome.org/content/detail/R-HSA-69278;https://reactome.org/content/detail/R-HSA-69306;https://zfin.org/downloads/human_orthos.txt,True
gins2,GINS2,GINS2,proliferation,S_phase,zebrafish_to_human,ZFIN human orthology download,reviewed_external_consensus,Seurat_cc.genes.updated.2019/Tirosh2016;Reactome_Cell_Cycle_Mitotic_or_DNA_Replication;previous_reviewed_core_panel,2,core_or_Seurat_phase_marker+ZFIN_ortholog+present_in_all_genes,ZDB-GENE-050419-19,AA;CL,ZDB-PUB-030905-1,https://doi.org/10.1126/science.aad0501;https://reactome.org/content/detail/R-HSA-69278;https://reactome.org/content/detail/R-HSA-69306;https://satijalab.org/seurat/reference/cc.genes.updated.2019.html;https://zfin.org/downloads/human_orthos.txt,True
gins3,GINS3,GINS3,proliferation,S_phase,zebrafish_to_human,ZFIN human orthology download,reviewed_external_consensus,Reactome_Cell_Cycle_Mitotic_or_DNA_Replication;previous_reviewed_core_panel,1,core_or_Seurat_phase_marker+ZFIN_ortholog+present_in_all_genes,ZDB-GENE-040721-1,AA,ZDB-PUB-040708-1;ZDB-PUB-090807-12,https://reactome.org/content/detail/R-HSA-69278;https://reactome.org/content/detail/R-HSA-69306;https://zfin.org/downloads/human_orthos.txt,True
gmnn,GMNN,GMNN,proliferation,S_phase,zebrafish_to_human,ZFIN human orthology download,reviewed_external_consensus,Seurat_cc.genes.updated.2019/Tirosh2016;Reactome_Cell_Cycle_Mitotic_or_DNA_Replication;previous_reviewed_core_panel,2,core_or_Seurat_phase_marker+ZFIN_ortholog+present_in_all_genes,ZDB-GENE-030429-30,AA;CL,ZDB-PUB-030905-1;ZDB-PUB-090330-4,https://doi.org/10.1126/science.aad0501;https://reactome.org/content/detail/R-HSA-69278;https://reactome.org/content/detail/R-HSA-69306;https://satijalab.org/seurat/reference/cc.genes.updated.2019.html;https://zfin.org/downloads/human_orthos.txt,True
hells,HELLS,HELLS,proliferation,S_phase,zebrafish_to_human,ZFIN human orthology download,reviewed_external_consensus,Seurat_cc.genes.updated.2019/Tirosh2016,1,core_or_Seurat_phase_marker+ZFIN_ortholog+present_in_all_genes,ZDB-GENE-030131-9923,AA;PT,ZDB-PUB-030905-1;ZDB-PUB-170214-92,https://doi.org/10.1126/science.aad0501;https://satijalab.org/seurat/reference/cc.genes.updated.2019.html;https://zfin.org/downloads/human_orthos.txt,True
mcm10,MCM10,MCM10,proliferation,S_phase,zebrafish_to_human,ZFIN human orthology download,reviewed_external_consensus,Reactome_Cell_Cycle_Mitotic_or_DNA_Replication;previous_reviewed_core_panel,1,core_or_Seurat_phase_marker+ZFIN_ortholog+present_in_all_genes,ZDB-GENE-041210-42,AA;CL,ZDB-PUB-030905-1,https://reactome.org/content/detail/R-HSA-69278;https://reactome.org/content/detail/R-HSA-69306;https://zfin.org/downloads/human_orthos.txt,True
mcm2,MCM2,MCM2,proliferation,S_phase,zebrafish_to_human,ZFIN human orthology download,reviewed_external_consensus,KEGG_hsa04110_Cell_cycle;Reactome_Cell_Cycle_Mitotic_or_DNA_Replication;previous_reviewed_core_panel,2,core_or_Seurat_phase_marker+ZFIN_ortholog+present_in_all_genes,ZDB-GENE-020419-24,NT,ZDB-PUB-020521-9,https://reactome.org/content/detail/R-HSA-69278;https://reactome.org/content/detail/R-HSA-69306;https://www.kegg.jp/pathway/hsa04110;https://zfin.org/downloads/human_orthos.txt,True
mcm3,MCM3,MCM3,proliferation,S_phase,zebrafish_to_human,ZFIN human orthology download,reviewed_external_consensus,KEGG_hsa04110_Cell_cycle;Reactome_Cell_Cycle_Mitotic_or_DNA_Replication;previous_reviewed_core_panel,2,core_or_Seurat_phase_marker+ZFIN_ortholog+present_in_all_genes,ZDB-GENE-020419-4,AA;CL;NT,ZDB-PUB-020521-9;ZDB-PUB-141209-4,https://reactome.org/content/detail/R-HSA-69278;https://reactome.org/content/detail/R-HSA-69306;https://www.kegg.jp/pathway/hsa04110;https://zfin.org/downloads/human_orthos.txt,True
mcm4,MCM4,MCM4,proliferation,S_phase,zebrafish_to_human,ZFIN human orthology download,reviewed_external_consensus,Seurat_cc.genes.updated.2019/Tirosh2016;KEGG_hsa04110_Cell_cycle;Reactome_Cell_Cycle_Mitotic_or_DNA_Replication;previous_reviewed_core_panel,3,core_or_Seurat_phase_marker+ZFIN_ortholog+present_in_all_genes,ZDB-GENE-030131-9544,AA;CL,ZDB-PUB-030905-1;ZDB-PUB-050823-6,https://doi.org/10.1126/science.aad0501;https://reactome.org/content/detail/R-HSA-69278;https://reactome.org/content/detail/R-HSA-69306;https://satijalab.org/seurat/reference/cc.genes.updated.2019.html;https://www.kegg.jp/pathway/hsa04110;https://zfin.org/downloads/human_orthos.txt,True
mcm5,MCM5,MCM5,proliferation,S_phase,zebrafish_to_human,ZFIN human orthology download,reviewed_external_consensus,Seurat_cc.genes.updated.2019/Tirosh2016;KEGG_hsa04110_Cell_cycle;Reactome_Cell_Cycle_Mitotic_or_DNA_Replication;previous_reviewed_core_panel,3,core_or_Seurat_phase_marker+ZFIN_ortholog+present_in_all_genes,ZDB-GENE-021209-1,AA;CL,ZDB-PUB-030905-1;ZDB-PUB-050823-6,https://doi.org/10.1126/science.aad0501;https://reactome.org/content/detail/R-HSA-69278;https://reactome.org/content/detail/R-HSA-69306;https://satijalab.org/seurat/reference/cc.genes.updated.2019.html;https://www.kegg.jp/pathway/hsa04110;https://zfin.org/downloads/human_orthos.txt,True
mcm6,MCM6,MCM6,proliferation,S_phase,zebrafish_to_human,ZFIN human orthology download,reviewed_external_consensus,Seurat_cc.genes.updated.2019/Tirosh2016;KEGG_hsa04110_Cell_cycle;Reactome_Cell_Cycle_Mitotic_or_DNA_Replication;previous_reviewed_core_panel,3,core_or_Seurat_phase_marker+ZFIN_ortholog+present_in_all_genes,ZDB-GENE-030909-6,AA;CL,ZDB-PUB-001221-8;ZDB-PUB-030905-1;ZDB-PUB-141209-4,https://doi.org/10.1126/science.aad0501;https://reactome.org/content/detail/R-HSA-69278;https://reactome.org/content/detail/R-HSA-69306;https://satijalab.org/seurat/reference/cc.genes.updated.2019.html;https://www.kegg.jp/pathway/hsa04110;https://zfin.org/downloads/human_orthos.txt,True
mrpl36,MRPL36,MRPL36,proliferation,S_phase,zebrafish_to_human,ZFIN human orthology download,reviewed_external_consensus,Seurat_cc.genes.updated.2019/Tirosh2016,1,core_or_Seurat_phase_marker+ZFIN_ortholog+present_in_all_genes,ZDB-GENE-060503-821,AA;CL,ZDB-PUB-030905-1,https://doi.org/10.1126/science.aad0501;https://satijalab.org/seurat/reference/cc.genes.updated.2019.html;https://zfin.org/downloads/human_orthos.txt,True
msh2,MSH2,MSH2,proliferation,S_phase,zebrafish_to_human,ZFIN human orthology download,reviewed_external_consensus,Seurat_cc.genes.updated.2019/Tirosh2016,1,core_or_Seurat_phase_marker+ZFIN_ortholog+present_in_all_genes,ZDB-GENE-040426-2932,AA;CL,ZDB-PUB-041021-3;ZDB-PUB-050823-6,https://doi.org/10.1126/science.aad0501;https://satijalab.org/seurat/reference/cc.genes.updated.2019.html;https://zfin.org/downloads/human_orthos.txt,True
nasp,NASP,NASP,proliferation,S_phase,zebrafish_to_human,ZFIN human orthology download,reviewed_external_consensus,Seurat_cc.genes.updated.2019/Tirosh2016,1,core_or_Seurat_phase_marker+ZFIN_ortholog+present_in_all_genes,ZDB-GENE-030131-5511,AA;CL,ZDB-PUB-030905-1;ZDB-PUB-050823-6,https://doi.org/10.1126/science.aad0501;https://satijalab.org/seurat/reference/cc.genes.updated.2019.html;https://zfin.org/downloads/human_orthos.txt,True
orc1,ORC1,ORC1,proliferation,S_phase,zebrafish_to_human,ZFIN human orthology download,reviewed_external_consensus,KEGG_hsa04110_Cell_cycle;Reactome_Cell_Cycle_Mitotic_or_DNA_Replication;previous_reviewed_core_panel,2,core_or_Seurat_phase_marker+ZFIN_ortholog+present_in_all_genes,ZDB-GENE-030131-6960,AA;CL,ZDB-PUB-050823-6;ZDB-PUB-110317-7,https://reactome.org/content/detail/R-HSA-69278;https://reactome.org/content/detail/R-HSA-69306;https://www.kegg.jp/pathway/hsa04110;https://zfin.org/downloads/human_orthos.txt,True
pcna,PCNA,PCNA,proliferation,S_phase,zebrafish_to_human,ZFIN human orthology download,reviewed_external_consensus,Seurat_cc.genes.updated.2019/Tirosh2016;KEGG_hsa04110_Cell_cycle;Reactome_Cell_Cycle_Mitotic_or_DNA_Replication;previous_reviewed_core_panel,3,core_or_Seurat_phase_marker+ZFIN_ortholog+present_in_all_genes,ZDB-GENE-000210-8,AA;OT,ZDB-PUB-030106-11;ZDB-PUB-050823-6;ZDB-PUB-101201-51;ZDB-PUB-180317-7,https://doi.org/10.1126/science.aad0501;https://reactome.org/content/detail/R-HSA-69278;https://reactome.org/content/detail/R-HSA-69306;https://satijalab.org/seurat/reference/cc.genes.updated.2019.html;https://www.kegg.jp/pathway/hsa04110;https://zfin.org/downloads/human_orthos.txt,True
pola1,POLA1,POLA1,proliferation,S_phase,zebrafish_to_human,ZFIN human orthology download,reviewed_external_consensus,Seurat_cc.genes.updated.2019/Tirosh2016;Reactome_Cell_Cycle_Mitotic_or_DNA_Replication,2,core_or_Seurat_phase_marker+ZFIN_ortholog+present_in_all_genes,ZDB-GENE-030114-9,AA;CL,ZDB-PUB-030905-1;ZDB-PUB-040708-1;ZDB-PUB-060315-2;ZDB-PUB-200403-145,https://doi.org/10.1126/science.aad0501;https://reactome.org/content/detail/R-HSA-69278;https://reactome.org/content/detail/R-HSA-69306;https://satijalab.org/seurat/reference/cc.genes.updated.2019.html;https://zfin.org/downloads/human_orthos.txt,True
pola2,POLA2,POLA2,proliferation,S_phase,zebrafish_to_human,ZFIN human orthology download,reviewed_external_consensus,Reactome_Cell_Cycle_Mitotic_or_DNA_Replication;previous_reviewed_core_panel,1,core_or_Seurat_phase_marker+ZFIN_ortholog+present_in_all_genes,ZDB-GENE-030131-778,AA,ZDB-PUB-050823-6,https://reactome.org/content/detail/R-HSA-69278;https://reactome.org/content/detail/R-HSA-69306;https://zfin.org/downloads/human_orthos.txt,True
pold3,POLD3,POLD3,proliferation,S_phase,zebrafish_to_human,ZFIN human orthology download,reviewed_external_consensus,Seurat_cc.genes.updated.2019/Tirosh2016;Reactome_Cell_Cycle_Mitotic_or_DNA_Replication,2,core_or_Seurat_phase_marker+ZFIN_ortholog+present_in_all_genes,ZDB-GENE-060512-59,AA;CL,ZDB-PUB-030905-1,https://doi.org/10.1126/science.aad0501;https://reactome.org/content/detail/R-HSA-69278;https://reactome.org/content/detail/R-HSA-69306;https://satijalab.org/seurat/reference/cc.genes.updated.2019.html;https://zfin.org/downloads/human_orthos.txt,True
polr1b,POLR1B,POLR1B,proliferation,S_phase,zebrafish_to_human,ZFIN human orthology download,reviewed_external_consensus,Seurat_cc.genes.updated.2019/Tirosh2016,1,core_or_Seurat_phase_marker+ZFIN_ortholog+present_in_all_genes,ZDB-GENE-040426-1598,AA;PT,ZDB-PUB-030905-1;ZDB-PUB-191029-1,https://doi.org/10.1126/science.aad0501;https://satijalab.org/seurat/reference/cc.genes.updated.2019.html;https://zfin.org/downloads/human_orthos.txt,True
prim1,PRIM1,PRIM1,proliferation,S_phase,zebrafish_to_human,ZFIN human orthology download,reviewed_external_consensus,Seurat_cc.genes.updated.2019/Tirosh2016;Reactome_Cell_Cycle_Mitotic_or_DNA_Replication,2,core_or_Seurat_phase_marker+ZFIN_ortholog+present_in_all_genes,ZDB-GENE-990603-6,AA;CL,ZDB-PUB-990507-7,https://doi.org/10.1126/science.aad0501;https://reactome.org/content/detail/R-HSA-69278;https://reactome.org/content/detail/R-HSA-69306;https://satijalab.org/seurat/reference/cc.genes.updated.2019.html;https://zfin.org/downloads/human_orthos.txt,True
rad51,RAD51,RAD51,proliferation,S_phase,zebrafish_to_human,ZFIN human orthology download,reviewed_external_consensus,Seurat_cc.genes.updated.2019/Tirosh2016,1,core_or_Seurat_phase_marker+ZFIN_ortholog+present_in_all_genes,ZDB-GENE-040426-2286,AA;CL,ZDB-PUB-050823-6,https://doi.org/10.1126/science.aad0501;https://satijalab.org/seurat/reference/cc.genes.updated.2019.html;https://zfin.org/downloads/human_orthos.txt,True
rad51ap1,RAD51AP1,RAD51AP1,proliferation,S_phase,zebrafish_to_human,ZFIN human orthology download,reviewed_external_consensus,Seurat_cc.genes.updated.2019/Tirosh2016,1,core_or_Seurat_phase_marker+ZFIN_ortholog+present_in_all_genes,ZDB-GENE-050419-96,AA;CL,ZDB-PUB-030905-1,https://doi.org/10.1126/science.aad0501;https://satijalab.org/seurat/reference/cc.genes.updated.2019.html;https://zfin.org/downloads/human_orthos.txt,True
rfc2,RFC2,RFC2,proliferation,S_phase,zebrafish_to_human,ZFIN human orthology download,reviewed_external_consensus,Seurat_cc.genes.updated.2019/Tirosh2016;Reactome_Cell_Cycle_Mitotic_or_DNA_Replication;previous_reviewed_core_panel,2,core_or_Seurat_phase_marker+ZFIN_ortholog+present_in_all_genes,ZDB-GENE-050306-29,AA,ZDB-PUB-030905-1,https://doi.org/10.1126/science.aad0501;https://reactome.org/content/detail/R-HSA-69278;https://reactome.org/content/detail/R-HSA-69306;https://satijalab.org/seurat/reference/cc.genes.updated.2019.html;https://zfin.org/downloads/human_orthos.txt,True
rfc3,RFC3,RFC3,proliferation,S_phase,zebrafish_to_human,ZFIN human orthology download,reviewed_external_consensus,Reactome_Cell_Cycle_Mitotic_or_DNA_Replication;previous_reviewed_core_panel,1,core_or_Seurat_phase_marker+ZFIN_ortholog+present_in_all_genes,ZDB-GENE-020809-3,AA;CL,ZDB-PUB-030905-1;ZDB-PUB-110713-12,https://reactome.org/content/detail/R-HSA-69278;https://reactome.org/content/detail/R-HSA-69306;https://zfin.org/downloads/human_orthos.txt,True
rrm1,RRM1,RRM1,proliferation,S_phase,zebrafish_to_human,ZFIN human orthology download,reviewed_external_consensus,Seurat_cc.genes.updated.2019/Tirosh2016,1,core_or_Seurat_phase_marker+ZFIN_ortholog+present_in_all_genes,ZDB-GENE-990415-247,AA;CL,ZDB-PUB-030905-1;ZDB-PUB-050823-6;ZDB-PUB-970324-10;ZDB-PUB-990507-7,https://doi.org/10.1126/science.aad0501;https://satijalab.org/seurat/reference/cc.genes.updated.2019.html;https://zfin.org/downloads/human_orthos.txt,True
rrm2,RRM2,RRM2,proliferation,S_phase,zebrafish_to_human,ZFIN human orthology download,reviewed_external_consensus,Seurat_cc.genes.updated.2019/Tirosh2016;Reactome_Cell_Cycle_Mitotic_or_DNA_Replication,2,core_or_Seurat_phase_marker+ZFIN_ortholog+present_in_all_genes,ZDB-GENE-990415-25,AA;NT;PT,ZDB-PUB-110907-27;ZDB-PUB-970324-10,https://doi.org/10.1126/science.aad0501;https://reactome.org/content/detail/R-HSA-69278;https://reactome.org/content/detail/R-HSA-69306;https://satijalab.org/seurat/reference/cc.genes.updated.2019.html;https://zfin.org/downloads/human_orthos.txt,True
tipin,TIPIN,TIPIN,proliferation,S_phase,zebrafish_to_human,ZFIN human orthology download,reviewed_external_consensus,Seurat_cc.genes.updated.2019/Tirosh2016,1,core_or_Seurat_phase_marker+ZFIN_ortholog+present_in_all_genes,ZDB-GENE-040801-189,AA;CL,ZDB-PUB-030905-1,https://doi.org/10.1126/science.aad0501;https://satijalab.org/seurat/reference/cc.genes.updated.2019.html;https://zfin.org/downloads/human_orthos.txt,True
tyms,TYMS,TYMS,proliferation,S_phase,zebrafish_to_human,ZFIN human orthology download,reviewed_external_consensus,Seurat_cc.genes.updated.2019/Tirosh2016;Reactome_Cell_Cycle_Mitotic_or_DNA_Replication;previous_reviewed_core_panel,2,core_or_Seurat_phase_marker+ZFIN_ortholog+present_in_all_genes,ZDB-GENE-040426-59,AA,ZDB-PUB-060616-27;ZDB-PUB-101201-51;ZDB-PUB-120410-1,https://doi.org/10.1126/science.aad0501;https://reactome.org/content/detail/R-HSA-69278;https://reactome.org/content/detail/R-HSA-69306;https://satijalab.org/seurat/reference/cc.genes.updated.2019.html;https://zfin.org/downloads/human_orthos.txt,True
ubr7,UBR7,UBR7,proliferation,S_phase,zebrafish_to_human,ZFIN human orthology download,reviewed_external_consensus,Seurat_cc.genes.updated.2019/Tirosh2016,1,core_or_Seurat_phase_marker+ZFIN_ortholog+present_in_all_genes,ZDB-GENE-030131-1535,AA;CL,ZDB-PUB-050823-6,https://doi.org/10.1126/science.aad0501;https://satijalab.org/seurat/reference/cc.genes.updated.2019.html;https://zfin.org/downloads/human_orthos.txt,True
uhrf1,UHRF1,UHRF1,proliferation,S_phase,zebrafish_to_human,ZFIN human orthology download,reviewed_external_consensus,Seurat_cc.genes.updated.2019/Tirosh2016,1,core_or_Seurat_phase_marker+ZFIN_ortholog+present_in_all_genes,ZDB-GENE-040426-2039,AA,ZDB-PUB-040708-1;ZDB-PUB-070210-27;ZDB-PUB-111117-46,https://doi.org/10.1126/science.aad0501;https://satijalab.org/seurat/reference/cc.genes.updated.2019.html;https://zfin.org/downloads/human_orthos.txt,True
unga,UNG,UNG,proliferation,S_phase,zebrafish_to_human,ZFIN human orthology download,reviewed_external_consensus,Seurat_cc.genes.updated.2019/Tirosh2016,1,core_or_Seurat_phase_marker+ZFIN_ortholog+present_in_all_genes,ZDB-GENE-040426-900,AA,ZDB-PUB-030905-1;ZDB-PUB-140513-134,https://doi.org/10.1126/science.aad0501;https://satijalab.org/seurat/reference/cc.genes.updated.2019.html;https://zfin.org/downloads/human_orthos.txt,True
usp1,USP1,USP1,proliferation,S_phase,zebrafish_to_human,ZFIN human orthology download,reviewed_external_consensus,Seurat_cc.genes.updated.2019/Tirosh2016,1,core_or_Seurat_phase_marker+ZFIN_ortholog+present_in_all_genes,ZDB-GENE-030131-726,AA;CL,ZDB-PUB-030905-1;ZDB-PUB-140513-176,https://doi.org/10.1126/science.aad0501;https://satijalab.org/seurat/reference/cc.genes.updated.2019.html;https://zfin.org/downloads/human_orthos.txt,True
wdr76,WDR76,WDR76,proliferation,S_phase,zebrafish_to_human,ZFIN human orthology download,reviewed_external_consensus,Seurat_cc.genes.updated.2019/Tirosh2016,1,core_or_Seurat_phase_marker+ZFIN_ortholog+present_in_all_genes,ZDB-GENE-030131-4513,AA;CL,ZDB-PUB-030905-1,https://doi.org/10.1126/science.aad0501;https://satijalab.org/seurat/reference/cc.genes.updated.2019.html;https://zfin.org/downloads/human_orthos.txt,True
