dataset,replicate,age,broad_type,n_cells,ACIN1,CASP2,CASP3,CASP7,DFFA,DFFB,ROCK1,CASP8,DAB2IP,FADD,FAS,FASLG,TNFRSF1A,TNFSF10,TRADD,AIFM1,APAF1,BAD,BAX,BBC3,BCL2L11,BID,BNIP3L,CASP9,DIABLO,ENDOG,OMA1,DAP3,DAPK1,DAPK2,DAPK3,DDIT3,EIF2AK3,MAP3K5,PRKCD,TP53,TP53BP2,UNC5B,ANLN,ANP32E,AURKA,AURKB,BIRC5,BUB1,BUB3,CCNB1,CCNB2,CDC20,CDK1,CENPF,CENPK,CKAP2L,CKAP5,CKS1B,CKS2,CTCF,DLGAP5,ECT2,G2E3,GAS2L3,GTSE1,HMGB2,HMMR,KIF11,KIF20B,KIF23,KIF2C,LBR,MAD2L1,MKI67,NCAPD2,NDC80,NEK2,PLK1,RANGAP1,SMC4,TACC3,TMPO,TOP2A,TPX2,TTK,UBE2C,ATAD2,BLM,CASP8AP2,CCNE1,CDC45,CDC6,CDCA7,CHAF1B,DSCC1,DTL,E2F8,EXO1,FEN1,GINS1,GINS2,GINS3,GMNN,HELLS,MCM10,MCM2,MCM3,MCM4,MCM5,MCM6,MRPL36,MSH2,NASP,ORC1,PCNA,POLA1,POLA2,POLD3,POLR1B,PRIM1,RAD51,RAD51AP1,RFC2,RFC3,RRM1,RRM2,TIPIN,TYMS,UBR7,UHRF1,UNG,USP1,WDR76,proliferation,S_phase,G2M_phase,apoptosis
GSE189161_fetal,GR72,22.0,erythroid,511,0.2939854562282562,0.332941472530365,0.3017510771751404,0.07158312946557999,0.19404244422912598,0.039770204573869705,0.4110236167907715,0.15207494795322418,0.01224550325423479,0.14293482899665833,0.0,0.0,0.08025603741407394,0.09874161332845688,0.0765254870057106,0.21994411945343018,0.07507117092609406,0.036559149622917175,0.13151776790618896,0.027101347222924232,0.041138265281915665,0.4862360656261444,0.5535461902618408,0.040411222726106644,0.06049554422497749,0.0766863152384758,0.13970448076725006,0.4572267234325409,0.26090583205223083,0.018147790804505348,0.020050160586833954,0.028870293870568275,0.025887692347168922,0.15060390532016754,0.02602544054389,0.5845287442207336,0.1672392338514328,0.002500181319192052,0.15432819724082947,0.6403620839118958,0.12744013965129852,0.29451897740364075,0.24093732237815857,0.1598450392484665,0.6852883696556091,0.248769149184227,0.2850744128227234,0.22055718302726746,0.3566724359989166,0.5437573790550232,0.3502136766910553,0.1536092758178711,0.3073487877845764,0.5378859043121338,0.1884409338235855,0.3662424087524414,0.21784113347530365,0.071543850004673,0.17117509245872498,0.013380799442529678,0.11996529996395111,1.7479090690612793,0.2327030450105667,0.22561293840408325,0.3481617271900177,0.11343064159154892,0.14457401633262634,0.688142716884613,0.438986599445343,0.3560218811035156,0.3786526918411255,0.5557982921600342,0.06923993676900864,0.1787787228822708,0.1027817577123642,0.6992167830467224,0.3129774034023285,1.0254924297332764,0.4831676781177521,0.23162366449832916,0.15442560613155365,0.3239873945713043,0.28145694732666016,0.1610574722290039,0.28658461570739746,0.07011507451534271,0.18046334385871887,0.19384506344795227,0.8241565823554993,0.11419201642274857,0.2521874010562897,0.31502291560173035,0.039602767676115036,0.1313382387161255,0.3236527144908905,0.22107172012329102,0.4499357342720032,0.10067771375179291,0.51078200340271,0.4211418032646179,0.2186926007270813,0.5984311699867249,0.7012823820114136,0.45954737067222595,0.3955601155757904,1.0972274541854858,0.16566330194473267,0.5164929628372192,0.9522644281387329,0.2043803334236145,1.3896901607513428,0.16184522211551666,0.17917181551456451,0.1298704445362091,0.21627865731716156,0.23791232705116272,0.18635983765125275,0.2140234112739563,0.1845540851354599,0.2541768550872803,0.7451603412628174,0.6401129364967346,0.2215660959482193,1.2632718086242676,0.1471153050661087,0.5231698155403137,0.3778860867023468,0.6849827766418457,0.18127092719078064,0.11652862280607224,0.1535780429840088,0.07695306837558746,-0.056774914264678955
GSE189161_fetal,GR72,22.0,lymphoid,385,0.23238281905651093,0.33086061477661133,0.1289624124765396,0.07425415515899658,0.14857620000839233,0.021855272352695465,0.5099585056304932,0.13183142244815826,0.02157389000058174,0.09445493668317795,0.0,0.0,0.1537981629371643,0.2167096883058548,0.07651695609092712,0.11999178677797318,0.08573252707719803,0.05158119648694992,0.08926445245742798,0.0,0.008019954897463322,0.3567716181278229,0.4594811797142029,0.028959209099411964,0.03847227618098259,0.0204000324010849,0.11607576161623001,0.33667710423469543,0.26910823583602905,0.03679579123854637,0.02520808018743992,0.037939880043268204,0.018205562606453896,0.07175193727016449,0.05089808255434036,0.3462986648082733,0.09642822295427322,0.0022698917891830206,0.18800970911979675,0.5681031942367554,0.29073119163513184,0.42812883853912354,0.3155443072319031,0.2137070894241333,0.8105931878089905,0.3994184136390686,0.5429558157920837,0.4268755316734314,0.4902395009994507,0.8615784645080566,0.30175894498825073,0.2506963610649109,0.40081819891929626,0.5805500149726868,0.22331686317920685,0.3121447265148163,0.4471248388290405,0.11627952009439468,0.20325404405593872,0.041885122656822205,0.3593919575214386,1.8460315465927124,0.47754359245300293,0.3175417482852936,0.3918515145778656,0.24914930760860443,0.2248426228761673,0.7271360158920288,0.4794834554195404,0.6960446238517761,0.545690655708313,0.5161466002464294,0.1365746706724167,0.3251554071903229,0.10750900954008102,0.7852580547332764,0.4875984191894531,1.069347858428955,1.034305214881897,0.3941938877105713,0.15958057343959808,0.6615944504737854,0.2547948360443115,0.09237030893564224,0.2228538990020752,0.03799163177609444,0.08855147659778595,0.08013460785150528,0.7925207614898682,0.08163543045520782,0.13782596588134766,0.12387502938508987,0.03342258930206299,0.07332666218280792,0.12310352921485901,0.1800321340560913,0.2514658272266388,0.08782390505075455,0.2656440734863281,0.3432771861553192,0.09944245219230652,0.34922072291374207,0.4118303060531616,0.29381999373435974,0.26224857568740845,0.6597896218299866,0.11320966482162476,0.3133254945278168,0.6370905637741089,0.10367797315120697,0.8540593981742859,0.1290445774793625,0.12311286479234695,0.08235491812229156,0.1451973021030426,0.22729289531707764,0.09968140721321106,0.1968582570552826,0.1258915662765503,0.14512701332569122,0.589223325252533,0.4986419975757599,0.10619211196899414,1.0571588277816772,0.1655092090368271,1.2099858522415161,0.10991563647985458,0.4982698857784271,0.12259937822818756,0.1164679005742073,-0.051021866500377655,0.29537734389305115,-0.1216987743973732
GSE189161_fetal,GR72,22.0,myeloid,633,0.20842929184436798,0.290326863527298,0.1379767507314682,0.06438964605331421,0.1624559909105301,0.02096587046980858,0.4194977581501007,0.11575457453727722,0.008053944446146488,0.11606574058532715,0.011484104208648205,0.002420570934191346,0.13368503749370575,0.13972051441669464,0.03206067532300949,0.09902501106262207,0.07600927352905273,0.042698659002780914,0.0673949122428894,0.006968838162720203,0.032639455050230026,0.3774104714393616,0.3709700405597687,0.02492339164018631,0.043738510459661484,0.036453843116760254,0.08556587994098663,0.31280624866485596,0.15904679894447327,0.031628258526325226,0.01409300696104765,0.03578232601284981,0.021379658952355385,0.07371111214160919,0.15740559995174408,0.39066919684410095,0.11273598670959473,0.0027518642600625753,0.07182086259126663,0.3227134346961975,0.06714080274105072,0.15183906257152557,0.14151275157928467,0.07848025858402252,0.45552825927734375,0.10248452425003052,0.19595623016357422,0.11549767106771469,0.16303400695323944,0.19544772803783417,0.23393218219280243,0.043631140142679214,0.17949068546295166,0.31351974606513977,0.08845614641904831,0.19683386385440826,0.09080348908901215,0.034978363662958145,0.10976852476596832,0.006833275314420462,0.09314610809087753,0.9326555728912354,0.11852545291185379,0.11986822634935379,0.1852501630783081,0.04943346604704857,0.04317683354020119,0.5433642268180847,0.2893849313259125,0.2150121033191681,0.24749529361724854,0.3813212811946869,0.03373486176133156,0.10881747305393219,0.052744727581739426,0.46195605397224426,0.28145724534988403,0.8036164045333862,0.28453120589256287,0.09794091433286667,0.07179706543684006,0.14669910073280334,0.22632698714733124,0.1096634492278099,0.16959182918071747,0.050192732363939285,0.10013433545827866,0.12533296644687653,0.7945038676261902,0.07215946167707443,0.09035959839820862,0.17229604721069336,0.01349322497844696,0.04452606290578842,0.16495604813098907,0.14439254999160767,0.2616065740585327,0.06954836845397949,0.26079261302948,0.3616645932197571,0.11701871454715729,0.41872304677963257,0.4887525737285614,0.348296582698822,0.3097422420978546,0.7481569647789001,0.11836892366409302,0.34345686435699463,0.682060182094574,0.12989525496959686,0.854090690612793,0.062195196747779846,0.11218423396348953,0.07869318872690201,0.1501273512840271,0.1262151300907135,0.10115203261375427,0.13706910610198975,0.1561552882194519,0.1502668261528015,0.5077282786369324,0.3646806478500366,0.17970220744609833,0.770596444606781,0.08725844323635101,0.6566196084022522,0.21878211200237274,0.4669173061847687,0.12297335267066956,-0.12062089890241623,-0.07407362014055252,-0.1703418493270874,-0.14040586352348328
GSE189161_fetal,GR72,22.0,stem_progenitor,905,0.22725021839141846,0.376038134098053,0.11063023656606674,0.10501962155103683,0.16935290396213531,0.04152403771877289,0.46607232093811035,0.14277684688568115,0.021754417568445206,0.10575180500745773,0.0028881097678095102,0.0,0.16032148897647858,0.3564438819885254,0.056310977786779404,0.11522896587848663,0.06374697387218475,0.04105345904827118,0.08753762394189835,0.008572864346206188,0.01125353667885065,0.36554744839668274,0.662136971950531,0.03912694379687309,0.04509514197707176,0.022088496014475822,0.12050430476665497,0.30742067098617554,0.3017885386943817,0.026460660621523857,0.018825914710760117,0.03533748537302017,0.0189758762717247,0.0739867314696312,0.06135956943035126,0.4545520544052124,0.09743031859397888,0.00936248991638422,0.048052944242954254,0.36806946992874146,0.0389222726225853,0.13611938059329987,0.1053638681769371,0.04879150912165642,0.4489469528198242,0.06479356437921524,0.10940677672624588,0.05108257755637169,0.15395566821098328,0.18151070177555084,0.23525317013263702,0.07684575766324997,0.145150288939476,0.3077639043331146,0.09455721825361252,0.24529795348644257,0.0487610325217247,0.033861950039863586,0.11043304949998856,0.0,0.061288341879844666,0.9261481165885925,0.051595550030469894,0.1021512895822525,0.17807765305042267,0.031917329877614975,0.06810149550437927,0.6129127740859985,0.25961077213287354,0.14898666739463806,0.2202243059873581,0.4258544147014618,0.030856696888804436,0.05978919938206673,0.05814583972096443,0.36431702971458435,0.2730185091495514,0.7853296995162964,0.22178241610527039,0.10131917148828506,0.05868290737271309,0.10499736666679382,0.2156251072883606,0.09899730235338211,0.2744324207305908,0.058075912296772,0.09113574028015137,0.1125413179397583,1.0112313032150269,0.09481219202280045,0.15659472346305847,0.21163310110569,0.02509617619216442,0.05322279781103134,0.15254458785057068,0.15742827951908112,0.3465185761451721,0.0608912855386734,0.3189437687397003,0.4298146367073059,0.13623669743537903,0.4896216094493866,0.547903299331665,0.3555885851383209,0.34086015820503235,0.9461483955383301,0.13325166702270508,0.3614834249019623,0.695603609085083,0.1288357675075531,1.0143191814422607,0.08271316438913345,0.0913999080657959,0.11845411360263824,0.15676458179950714,0.20835880935192108,0.15219582617282867,0.18085803091526031,0.15679696202278137,0.15785278379917145,0.5094189047813416,0.34263068437576294,0.22624272108078003,0.8524631857872009,0.15400467813014984,0.6078704595565796,0.29340219497680664,0.48820364475250244,0.13008715212345123,-0.1010897234082222,-0.008017070591449738,-0.2005082219839096,-0.09443209320306778
GSE189161_fetal,GR73,23.0,erythroid,275,0.25763610005378723,0.4117330014705658,0.35294309258461,0.05398925393819809,0.19681069254875183,0.07612507045269012,0.4882020056247711,0.14071212708950043,0.02450268529355526,0.2067372053861618,0.0023726632352918386,0.0,0.09466800838708878,0.09380701184272766,0.04801654815673828,0.19714157283306122,0.06191522255539894,0.05330171436071396,0.14718425273895264,0.010934789665043354,0.05218558758497238,0.42770206928253174,0.591041088104248,0.023587865754961967,0.04100311920046806,0.08339706063270569,0.12986834347248077,0.4828517735004425,0.24722722172737122,0.032683610916137695,0.025601444765925407,0.03347398340702057,0.04211309924721718,0.16168422996997833,0.03134243190288544,0.616471529006958,0.12676607072353363,0.007574019022285938,0.14193318784236908,0.6368198990821838,0.15931449830532074,0.2517005503177643,0.2971898317337036,0.09555833041667938,0.6520367860794067,0.22030140459537506,0.4096047282218933,0.20520815253257751,0.3681989908218384,0.6282621622085571,0.3229232430458069,0.17055442929267883,0.3402668833732605,0.6120526790618896,0.17825838923454285,0.33131733536720276,0.19827011227607727,0.08170364052057266,0.16294418275356293,0.009378720074892044,0.12771478295326233,1.7602845430374146,0.2806485891342163,0.24568961560726166,0.27841949462890625,0.10900882631540298,0.1849651336669922,0.7215384244918823,0.5030351281166077,0.3851904571056366,0.5229819416999817,0.5452927350997925,0.10614771395921707,0.2115219086408615,0.109383724629879,0.7434825897216797,0.31620901823043823,1.1612803936004639,0.5568633079528809,0.27883169054985046,0.14148955047130585,0.3165212869644165,0.28023359179496765,0.1621028631925583,0.28762081265449524,0.0802132785320282,0.15631991624832153,0.19100141525268555,0.9280283451080322,0.10889962315559387,0.22326388955116272,0.27542147040367126,0.041571758687496185,0.08222584426403046,0.3288783133029938,0.19957594573497772,0.44350704550743103,0.15413109958171844,0.354087233543396,0.41013166308403015,0.23880133032798767,0.6690725088119507,0.6824540495872498,0.49582281708717346,0.41402608156204224,0.9095230102539062,0.13073155283927917,0.48260632157325745,0.8285511136054993,0.14509700238704681,1.1716228723526,0.13855750858783722,0.18235623836517334,0.09884708374738693,0.19330865144729614,0.16274042427539825,0.20632502436637878,0.16557595133781433,0.18839460611343384,0.24862687289714813,0.6826023459434509,0.5990970134735107,0.2824615240097046,1.2194468975067139,0.18582701683044434,0.5079525113105774,0.38154736161231995,0.600617527961731,0.184336856007576,0.11396809667348862,0.11873089522123337,0.10888051986694336,-0.0424949936568737
GSE189161_fetal,GR73,23.0,lymphoid,352,0.2629447877407074,0.321124792098999,0.13290835916996002,0.1303674727678299,0.14571695029735565,0.02013223059475422,0.4834018051624298,0.11437834054231644,0.009291810914874077,0.13858972489833832,0.0,0.0,0.17383649945259094,0.09261978417634964,0.057123854756355286,0.12608236074447632,0.1361783891916275,0.05357597768306732,0.08618588000535965,0.008939176797866821,0.01936754770576954,0.3356979191303253,0.440276175737381,0.03808849677443504,0.03801431506872177,0.040587473660707474,0.0845126211643219,0.2990904152393341,0.1828262209892273,0.020904725417494774,0.03809138387441635,0.02772986888885498,0.03987499698996544,0.06383644044399261,0.06990132480859756,0.38832056522369385,0.10025718063116074,0.0,0.15727072954177856,0.609903872013092,0.25864875316619873,0.42558687925338745,0.4434884786605835,0.22155319154262543,0.6881726980209351,0.376549631357193,0.4801682233810425,0.30045759677886963,0.5771450400352478,0.7219368815422058,0.25171926617622375,0.24167975783348083,0.4109654128551483,0.6222744584083557,0.2179431915283203,0.2729724943637848,0.36342260241508484,0.0813693106174469,0.18735547363758087,0.035866931080818176,0.32323157787323,1.780839443206787,0.4976721704006195,0.28858843445777893,0.35830965638160706,0.26784154772758484,0.20983657240867615,0.6945765018463135,0.4206976592540741,0.6980193257331848,0.5616777539253235,0.4534341096878052,0.17893058061599731,0.3541945219039917,0.11154158413410187,0.7719036340713501,0.47088879346847534,1.0125457048416138,1.0479735136032104,0.4468984305858612,0.18684157729148865,0.5796652436256409,0.26330822706222534,0.12084618210792542,0.17465811967849731,0.039582230150699615,0.08150364458560944,0.08281946927309036,0.753333330154419,0.050418756902217865,0.14608773589134216,0.12443538010120392,0.055762458592653275,0.03932672366499901,0.13709014654159546,0.16695570945739746,0.18721221387386322,0.0869685634970665,0.23257142305374146,0.29299306869506836,0.15568913519382477,0.34289759397506714,0.34429192543029785,0.22930429875850677,0.2134917825460434,0.6752307415008545,0.07348299026489258,0.25255152583122253,0.5290207266807556,0.08391953259706497,0.7424526214599609,0.1026366651058197,0.09336674958467484,0.07901159673929214,0.09728341549634933,0.12552867829799652,0.11213812232017517,0.18216396868228912,0.11769494414329529,0.1672249436378479,0.5924614667892456,0.48130226135253906,0.15725480020046234,1.0452685356140137,0.14741744101047516,1.1931153535842896,0.14157535135746002,0.511732816696167,0.08178165555000305,0.08607640117406845,-0.08435391634702682,0.2681269645690918,-0.12486792355775833
GSE189161_fetal,GR73,23.0,myeloid,371,0.22441713511943817,0.3394731879234314,0.1366606056690216,0.07470915466547012,0.2120293825864792,0.03142987936735153,0.3233416974544525,0.1298147439956665,0.012904606759548187,0.10499080270528793,0.009667818434536457,0.0,0.1449485868215561,0.14033225178718567,0.04210814833641052,0.13579332828521729,0.10609371960163116,0.05373913049697876,0.09775983542203903,0.0012334896018728614,0.01595190539956093,0.3152996301651001,0.4024890959262848,0.020578693598508835,0.03259745612740517,0.033653467893600464,0.11650913208723068,0.2769962251186371,0.18831905722618103,0.03844311460852623,0.024791358038783073,0.032282717525959015,0.025266675278544426,0.08095400780439377,0.10944728553295135,0.45169416069984436,0.08646178990602493,0.014898581430315971,0.06270575523376465,0.3671781122684479,0.09069297462701797,0.17028845846652985,0.14765167236328125,0.03246458247303963,0.39378076791763306,0.126677468419075,0.18402592837810516,0.10973121970891953,0.2241073101758957,0.2585954964160919,0.18687570095062256,0.08122237771749496,0.1483018398284912,0.30874091386795044,0.07595517486333847,0.21057389676570892,0.11110769212245941,0.04522763565182686,0.1165751963853836,0.013937580399215221,0.1199982613325119,1.1637200117111206,0.14207303524017334,0.11523262411355972,0.18900033831596375,0.08042008429765701,0.0676528736948967,0.5682457685470581,0.2497025430202484,0.2194153219461441,0.2845654785633087,0.3823806941509247,0.056145813316106796,0.12492046505212784,0.07250667363405228,0.34338095784187317,0.22925302386283875,0.7484736442565918,0.3214484453201294,0.1439911276102066,0.05452471226453781,0.17987342178821564,0.1803933084011078,0.0752776488661766,0.2015235722064972,0.03859610855579376,0.09621253609657288,0.10891363769769669,0.7255805730819702,0.07572068274021149,0.14211663603782654,0.1323501169681549,0.024021264165639877,0.06237572431564331,0.18822570145130157,0.18065880239009857,0.2372187227010727,0.05651525780558586,0.2112114429473877,0.2873857617378235,0.12704554200172424,0.44836854934692383,0.4646010398864746,0.34563979506492615,0.2732182741165161,0.743613600730896,0.07738222181797028,0.23620030283927917,0.5635640025138855,0.10795477777719498,0.7697080969810486,0.10726677626371384,0.10614686459302902,0.0668969452381134,0.0898490846157074,0.14101222157478333,0.18014590442180634,0.08449648320674896,0.12306348979473114,0.143000990152359,0.5237500071525574,0.34995079040527344,0.14141282439231873,0.79523766040802,0.14705324172973633,0.6252011060714722,0.22464865446090698,0.41022396087646484,0.11868886649608612,-0.12485742568969727,-0.09657163918018341,-0.15507180988788605,-0.13057518005371094
GSE189161_fetal,GR73,23.0,stem_progenitor,849,0.22845090925693512,0.38612377643585205,0.10468184947967529,0.10460370033979416,0.20205765962600708,0.03353392705321312,0.46620437502861023,0.12678219377994537,0.013922464102506638,0.14146731793880463,0.002790618920698762,0.0,0.17515170574188232,0.32320737838745117,0.061707109212875366,0.08471552282571793,0.07276187092065811,0.05617296323180199,0.11155404150485992,0.0014419639483094215,0.020323792472481728,0.2879353165626526,0.7381025552749634,0.0272112637758255,0.05026674270629883,0.027852149680256844,0.11841505765914917,0.3583335280418396,0.336759090423584,0.03413688391447067,0.01853593811392784,0.04885973781347275,0.02173103764653206,0.06810849159955978,0.06523887068033218,0.501407265663147,0.08013177663087845,0.016245152801275253,0.07536809146404266,0.34731656312942505,0.027406437322497368,0.1059412956237793,0.10185910016298294,0.04290144518017769,0.3774011433124542,0.03621996194124222,0.10324816405773163,0.031657133251428604,0.1324712038040161,0.14007164537906647,0.22661007940769196,0.052282363176345825,0.15324555337429047,0.2621067464351654,0.0763683170080185,0.2697907090187073,0.03881454095244408,0.04878108203411102,0.11393743008375168,0.0034622156526893377,0.0493152029812336,0.9339696168899536,0.05231530964374542,0.08949080109596252,0.1627884954214096,0.03422419726848602,0.059099745005369186,0.5482631921768188,0.2745693027973175,0.15791955590248108,0.24230238795280457,0.3526861071586609,0.039005979895591736,0.03537582606077194,0.06684650480747223,0.3191286623477936,0.22180263698101044,0.7177679538726807,0.21855506300926208,0.08110051602125168,0.0643501728773117,0.08816666901111603,0.2274082899093628,0.07673395425081253,0.2368244230747223,0.03333714231848717,0.07593623548746109,0.09807690232992172,0.9543595314025879,0.05907157063484192,0.12599164247512817,0.1856406182050705,0.020169895142316818,0.04540418088436127,0.19744443893432617,0.12463371455669403,0.28338730335235596,0.08380775898694992,0.22030863165855408,0.3389022946357727,0.1497446894645691,0.553423285484314,0.5412092208862305,0.33354324102401733,0.3240976929664612,0.6922397017478943,0.07819797098636627,0.30165183544158936,0.5388185977935791,0.10447411239147186,0.7463470697402954,0.08796843886375427,0.1010272204875946,0.09175924211740494,0.1072593405842781,0.16273996233940125,0.11943153291940689,0.16205355525016785,0.1321347951889038,0.11288944631814957,0.4591582119464874,0.2707922160625458,0.2199212610721588,0.7888628840446472,0.14017191529273987,0.5426896810531616,0.2934681475162506,0.4611802101135254,0.1355838179588318,-0.14534538984298706,-0.07257262617349625,-0.22307993471622467,-0.08578361570835114
GSE189161_fetal,GR74,23.0,erythroid,403,0.3129167854785919,0.30158305168151855,0.32938000559806824,0.07744331657886505,0.19997616112232208,0.057578444480895996,0.4809536337852478,0.1367098093032837,0.011002996005117893,0.1219315379858017,0.0,0.0037643713876605034,0.07632610201835632,0.08342447876930237,0.07993405312299728,0.18027541041374207,0.046424977481365204,0.05191126465797424,0.09791868180036545,0.028799450024962425,0.04930445924401283,0.46338894963264465,0.46220365166664124,0.027723148465156555,0.03874270245432854,0.04271441325545311,0.14123843610286713,0.4339004158973694,0.26087522506713867,0.036537934094667435,0.025767892599105835,0.04655558615922928,0.018236298114061356,0.09594018757343292,0.024612607434391975,0.5688586831092834,0.21233141422271729,0.004885303787887096,0.1234990656375885,0.5042263269424438,0.08015061169862747,0.131534144282341,0.20964939892292023,0.09543829411268234,0.49676403403282166,0.1493902951478958,0.2299681007862091,0.1259334534406662,0.23076015710830688,0.39957860112190247,0.2522512674331665,0.09530752152204514,0.24208810925483704,0.47000446915626526,0.10217023640871048,0.24281436204910278,0.1130160540342331,0.030611442402005196,0.1437327265739441,0.005334674380719662,0.08713726699352264,1.5383743047714233,0.1230521872639656,0.14941132068634033,0.302469938993454,0.048354800790548325,0.11570557951927185,0.6226649880409241,0.3874800205230713,0.253023624420166,0.343923419713974,0.5733367204666138,0.052988387644290924,0.13118524849414825,0.11523030698299408,0.5597810745239258,0.2198847234249115,1.070909023284912,0.2940933108329773,0.1576424539089203,0.10780680179595947,0.12751039862632751,0.2140418142080307,0.104592464864254,0.2766028940677643,0.08788908272981644,0.11523426324129105,0.17103871703147888,0.7873317003250122,0.0624048076570034,0.18446215987205505,0.30679649114608765,0.01696493662893772,0.08121403306722641,0.3064500093460083,0.15188029408454895,0.33465006947517395,0.07607191056013107,0.33567723631858826,0.3476334512233734,0.17095640301704407,0.5922638773918152,0.7401663661003113,0.4206997752189636,0.3968401849269867,0.9259987473487854,0.12584009766578674,0.4719490706920624,0.8096242547035217,0.14240945875644684,0.9997454285621643,0.1425483524799347,0.22087448835372925,0.10421986132860184,0.19512587785720825,0.17007292807102203,0.1851903796195984,0.13796082139015198,0.1346663534641266,0.17981360852718353,0.5198037028312683,0.3802633285522461,0.16137805581092834,0.9779648184776306,0.11987766623497009,0.5245072245597839,0.40978682041168213,0.5766218900680542,0.1813313066959381,-0.011278092861175537,0.03908118978142738,-0.0650709792971611,-0.0708794966340065
GSE189161_fetal,GR74,23.0,lymphoid,418,0.19989216327667236,0.30006369948387146,0.07460721582174301,0.0560465045273304,0.15432801842689514,0.02082737162709236,0.4762222170829773,0.13123853504657745,0.00922079011797905,0.09379623085260391,0.002173872897401452,0.0,0.1627182960510254,0.20677390694618225,0.04987800121307373,0.11926459521055222,0.06449906527996063,0.03590286895632744,0.06216403469443321,0.004201920703053474,0.011893521063029766,0.25191742181777954,0.59852135181427,0.012228189967572689,0.02274295501410961,0.025488296523690224,0.11667362600564957,0.30801960825920105,0.21815282106399536,0.039888497442007065,0.015528449788689613,0.06572180241346359,0.02088875137269497,0.06106419488787651,0.06541086733341217,0.353942334651947,0.11113617569208145,0.006747616920620203,0.07519779354333878,0.40727007389068604,0.09224376827478409,0.25696536898612976,0.23206749558448792,0.15622444450855255,0.4073107838630676,0.1625814139842987,0.3697819411754608,0.1828751266002655,0.23948369920253754,0.5179694890975952,0.1788761168718338,0.15434955060482025,0.3187383711338043,0.415975958108902,0.10202359408140182,0.2709779739379883,0.18723921477794647,0.06460926681756973,0.14528816938400269,0.006738773547112942,0.16185836493968964,1.202607274055481,0.2764933705329895,0.17020337283611298,0.23774656653404236,0.10740870237350464,0.12355019897222519,0.543433666229248,0.32051634788513184,0.3998640179634094,0.38363051414489746,0.3676382303237915,0.09108365327119827,0.2137250006198883,0.06282263249158859,0.5133040547370911,0.3815361261367798,0.8432497382164001,0.5128185749053955,0.2300100028514862,0.09280938655138016,0.35528042912483215,0.11853154003620148,0.05286060646176338,0.15839408338069916,0.00954487081617117,0.05800272151827812,0.025582363829016685,0.6956534385681152,0.048979274928569794,0.09667874872684479,0.07461521029472351,0.026280608028173447,0.046360164880752563,0.11898248642683029,0.11463364213705063,0.21493767201900482,0.04510468244552612,0.20808838307857513,0.2750338613986969,0.06639429181814194,0.36783719062805176,0.3124663531780243,0.20659597218036652,0.21807652711868286,0.45193544030189514,0.06959134340286255,0.2723355293273926,0.4477604627609253,0.07336636632680893,0.556793749332428,0.07809115201234818,0.08874198794364929,0.07648058980703354,0.07793751358985901,0.10786698013544083,0.09526188671588898,0.13173848390579224,0.1129956915974617,0.0752207413315773,0.3544916808605194,0.21481767296791077,0.16733649373054504,0.5965425968170166,0.09624102711677551,0.6423243284225464,0.08316585421562195,0.4112265408039093,0.1189613863825798,-0.1082305908203125,-0.1899164915084839,-0.02097521349787712,-0.14202217757701874
GSE189161_fetal,GR74,23.0,myeloid,574,0.24450013041496277,0.2755632996559143,0.10805653780698776,0.06254777312278748,0.18209652602672577,0.0259507205337286,0.4384630620479584,0.13132910430431366,0.02377767488360405,0.07165078073740005,0.0,0.004575181286782026,0.08516483753919601,0.16810964047908783,0.053051937371492386,0.09483682364225388,0.06844716519117355,0.030397940427064896,0.09829553961753845,0.0072163986042141914,0.02488611824810505,0.36503666639328003,0.49368518590927124,0.03397706151008606,0.04107967019081116,0.026892423629760742,0.08652724325656891,0.3294297158718109,0.19452756643295288,0.03529307246208191,0.0118597112596035,0.07913143932819366,0.018184183165431023,0.06729478389024734,0.14057347178459167,0.366628497838974,0.09071885794401169,0.002792986109852791,0.017825469374656677,0.23228837549686432,0.035811033099889755,0.061928633600473404,0.07221797108650208,0.03930918499827385,0.33443155884742737,0.035198651254177094,0.09493757039308548,0.027426481246948242,0.10998163372278214,0.14133387804031372,0.1688532531261444,0.0557388998568058,0.15307296812534332,0.2435702234506607,0.03371680527925491,0.17220211029052734,0.06492375582456589,0.03364698216319084,0.0893438458442688,0.002302135806530714,0.053082045167684555,0.7996331453323364,0.056402917951345444,0.06375385820865631,0.1793215572834015,0.04062875732779503,0.04448338970541954,0.412304550409317,0.19845259189605713,0.197341650724411,0.1492619514465332,0.39681538939476013,0.019885385408997536,0.0738920122385025,0.05388832092285156,0.3685711622238159,0.21582786738872528,0.7003421783447266,0.17650990188121796,0.07506810128688812,0.09005715698003769,0.0812125951051712,0.12801378965377808,0.08168043941259384,0.18952351808547974,0.04608241841197014,0.03521575778722763,0.06027122586965561,0.5916686654090881,0.03183027356863022,0.06450624763965607,0.13233548402786255,0.008386773057281971,0.028284059837460518,0.15667882561683655,0.07620032131671906,0.2838418781757355,0.05787372961640358,0.16727879643440247,0.2482985407114029,0.08613298088312149,0.36499282717704773,0.41883954405784607,0.2912406921386719,0.21797986328601837,0.6211044788360596,0.09344565123319626,0.27909567952156067,0.5151693820953369,0.08077065646648407,0.6212140917778015,0.08454243093729019,0.1101154312491417,0.08990649878978729,0.07281702756881714,0.09933042526245117,0.08805495500564575,0.12721480429172516,0.08209027349948883,0.08400718122720718,0.2869510352611542,0.18573801219463348,0.14751428365707397,0.5042372941970825,0.10641221702098846,0.48318737745285034,0.18023459613323212,0.39824238419532776,0.08959599584341049,-0.21763597428798676,-0.17949658632278442,-0.2583758234977722,-0.1365775763988495
GSE189161_fetal,GR74,23.0,stem_progenitor,1299,0.21501950919628143,0.30417680740356445,0.07809285074472427,0.10269532352685928,0.18676133453845978,0.02932923659682274,0.48753821849823,0.12447649240493774,0.021395087242126465,0.09243997931480408,0.004299067426472902,0.001423038076609373,0.14465627074241638,0.2806091010570526,0.03938053548336029,0.1383162885904312,0.07045383751392365,0.05141647532582283,0.09947485476732254,0.006617793347686529,0.01445004716515541,0.34557634592056274,0.691076397895813,0.030807336792349815,0.023799149319529533,0.012452878057956696,0.0992111787199974,0.3034612536430359,0.29445675015449524,0.03317711129784584,0.01590774953365326,0.059186387807130814,0.018388429656624794,0.08305693417787552,0.0514758825302124,0.42016398906707764,0.12535491585731506,0.014352214522659779,0.03214636445045471,0.2681194543838501,0.01427587028592825,0.042357154190540314,0.04439312219619751,0.024136647582054138,0.32740119099617004,0.03339946269989014,0.045714620500802994,0.017946694046258926,0.054365891963243484,0.12189237773418427,0.17072442173957825,0.04993158578872681,0.11847969144582748,0.2012082189321518,0.04480656981468201,0.18683376908302307,0.018129561096429825,0.033251743763685226,0.11114424467086792,0.0008934983052313328,0.030163666233420372,0.7483819127082825,0.03849552199244499,0.04685498774051666,0.1454836130142212,0.02664414793252945,0.03207425773143768,0.4692986011505127,0.18792684376239777,0.09379323571920395,0.15781252086162567,0.386493444442749,0.028452608734369278,0.043051827698946,0.05653639882802963,0.29328852891921997,0.19489818811416626,0.7578380703926086,0.10797858238220215,0.04839868098497391,0.04120796173810959,0.041788943111896515,0.13161566853523254,0.08076930791139603,0.21648533642292023,0.05283093824982643,0.0557771697640419,0.07744856178760529,0.8836815357208252,0.07418525964021683,0.090606190264225,0.1275375783443451,0.008427876979112625,0.031612444669008255,0.13678352534770966,0.1163245141506195,0.2797476053237915,0.07578553259372711,0.21222107112407684,0.3362947702407837,0.09475753456354141,0.44885051250457764,0.47595274448394775,0.32451754808425903,0.3289865255355835,0.7350314855575562,0.09326012432575226,0.31359750032424927,0.5530282258987427,0.06932064145803452,0.746201753616333,0.07931703329086304,0.10615694522857666,0.11414464563131332,0.09650944173336029,0.15062536299228668,0.09015277028083801,0.1003270223736763,0.10343700647354126,0.0878119170665741,0.3519509732723236,0.15383897721767426,0.17502886056900024,0.580264151096344,0.11595968902111053,0.43042415380477905,0.23324282467365265,0.4197641909122467,0.11371305584907532,-0.20483727753162384,-0.1263677179813385,-0.288657009601593,-0.10970143973827362
GSE189161_fetal,GR97,11.0,erythroid,154,0.3330816924571991,0.6395883560180664,0.3309361934661865,0.08645327389240265,0.30496591329574585,0.09256797283887863,0.45690134167671204,0.123084157705307,0.02679857425391674,0.27592504024505615,0.006564065348356962,0.0026681015733629465,0.22080132365226746,0.13751275837421417,0.08208063989877701,0.2664875090122223,0.09603700786828995,0.04274699464440346,0.19489839673042297,0.04290292039513588,0.0469001904129982,0.6717931032180786,0.6552622318267822,0.06196719780564308,0.057557836174964905,0.10349278897047043,0.22762709856033325,0.5508014559745789,0.35948851704597473,0.08064676076173782,0.032040078192949295,0.13450510799884796,0.03703940659761429,0.2390170842409134,0.09799423813819885,0.5350567102432251,0.23350827395915985,0.009666193276643753,0.16590353846549988,0.777878999710083,0.20399613678455353,0.3853537440299988,0.373341828584671,0.21779382228851318,0.8480442762374878,0.31627997756004333,0.3616945445537567,0.2366679310798645,0.36552566289901733,0.5988756418228149,0.291683554649353,0.15745331346988678,0.3597879707813263,0.6304560303688049,0.17822889983654022,0.46002480387687683,0.21255160868167877,0.08036646991968155,0.269275426864624,0.02864726260304451,0.1174735426902771,1.8485511541366577,0.2380281239748001,0.30799564719200134,0.3446204960346222,0.10867384076118469,0.22787992656230927,0.6951785087585449,0.528984546661377,0.5865057706832886,0.3900408446788788,1.0388872623443604,0.046383313834667206,0.3049032986164093,0.2585833668708801,0.7688300609588623,0.5314778685569763,1.3036093711853027,0.5516811013221741,0.2951262891292572,0.2259080857038498,0.4967361092567444,0.38581961393356323,0.26024875044822693,0.45028963685035706,0.12507382035255432,0.21459047496318817,0.30453911423683167,1.019478440284729,0.14293719828128815,0.43915873765945435,0.48954877257347107,0.04885786399245262,0.16678549349308014,0.4457891285419464,0.24329058825969696,0.6018326878547668,0.12037282437086105,0.6451267600059509,0.557748019695282,0.3305763006210327,0.6864280700683594,0.7952770590782166,0.6301913857460022,0.5771510004997253,1.1357758045196533,0.25642791390419006,0.6678845882415771,1.059241771697998,0.2527110278606415,1.4312001466751099,0.22150252759456635,0.2557288706302643,0.13356748223304749,0.3235047161579132,0.3987169563770294,0.2172178328037262,0.23133370280265808,0.31757408380508423,0.2611965239048004,0.7539612650871277,0.7506510019302368,0.20212411880493164,1.368092656135559,0.26907122135162354,0.5915080904960632,0.4064721465110779,0.7744906544685364,0.21540799736976624,0.27269092202186584,0.3257978856563568,0.21596291661262512,0.07380363345146179
GSE189161_fetal,GR97,11.0,lymphoid,342,0.2613128423690796,0.5425245761871338,0.1982302963733673,0.11510705202817917,0.19460399448871613,0.04139779508113861,0.5293514132499695,0.11076382547616959,0.022226236760616302,0.1540137380361557,0.013729033060371876,0.0,0.2511419951915741,0.13837042450904846,0.03992435336112976,0.19273707270622253,0.10853468626737595,0.07414824515581131,0.13093332946300507,0.008428639732301235,0.04552871733903885,0.5309594869613647,0.5008357167243958,0.0296925138682127,0.0584263950586319,0.06614238023757935,0.1488732397556305,0.4347529709339142,0.19642813503742218,0.051404919475317,0.03207611292600632,0.13011084496974945,0.07710828632116318,0.08416927605867386,0.11506040394306183,0.5043561458587646,0.17821004986763,0.002038660692051053,0.2642914950847626,0.5443889498710632,0.3006879985332489,0.7063032984733582,0.4917684495449066,0.3008772134780884,0.9146301746368408,0.5071688890457153,0.660062849521637,0.37290966510772705,0.5354821085929871,0.8621167540550232,0.2568167746067047,0.343749463558197,0.3896687924861908,0.6336381435394287,0.19173045456409454,0.47639572620391846,0.4232107102870941,0.15976108610630035,0.3103075921535492,0.060866523534059525,0.22651435434818268,1.9450424909591675,0.3762383759021759,0.3712761104106903,0.41989433765411377,0.2511354982852936,0.34201765060424805,0.8328807353973389,0.5499041676521301,0.8859461545944214,0.5381211042404175,0.9025184512138367,0.06749562174081802,0.5037506222724915,0.21060138940811157,0.9613330960273743,0.661559522151947,1.294135570526123,1.0174610614776611,0.43462756276130676,0.24583430588245392,0.7331145405769348,0.3795950710773468,0.2338504046201706,0.3057888448238373,0.04670150205492973,0.15256208181381226,0.19298139214515686,0.9149340987205505,0.11019612103700638,0.2671516239643097,0.23242399096488953,0.056366223841905594,0.10867559164762497,0.2963695526123047,0.2001865655183792,0.4379831850528717,0.08973836898803711,0.44707271456718445,0.3993777334690094,0.25432971119880676,0.5429701209068298,0.5950613617897034,0.43101680278778076,0.4600003659725189,0.7620206475257874,0.14101073145866394,0.47143393754959106,0.884215772151947,0.20775441825389862,1.1019775867462158,0.14022625982761383,0.21283704042434692,0.1285775899887085,0.2461308240890503,0.29474639892578125,0.1983625590801239,0.27874577045440674,0.22078914940357208,0.20725277066230774,0.7529828548431396,0.7705264687538147,0.14950142800807953,1.2378051280975342,0.21880152821540833,1.1432361602783203,0.20328497886657715,0.631858766078949,0.2191459685564041,0.2800520658493042,0.1497155725955963,0.419275164604187,-0.027150379493832588
GSE189161_fetal,GR97,11.0,myeloid,643,0.26180779933929443,0.4899669885635376,0.14024978876113892,0.08697424083948135,0.22519029676914215,0.043567415326833725,0.468406081199646,0.12762022018432617,0.03481011092662811,0.1702418476343155,0.01366526447236538,0.0013271403731778264,0.2697858214378357,0.117214635014534,0.04714882746338844,0.19684191048145294,0.1375807374715805,0.03798280283808708,0.15487319231033325,0.01976303569972515,0.025912728160619736,0.5277659893035889,0.3809605538845062,0.03376181796193123,0.026821736246347427,0.07569120824337006,0.12142081558704376,0.4133549928665161,0.1904038041830063,0.05021020770072937,0.03562067821621895,0.12303363531827927,0.03274930641055107,0.0703180730342865,0.23355339467525482,0.4021749794483185,0.11709656566381454,0.0047736819833517075,0.13897712528705597,0.4144744575023651,0.14937865734100342,0.26316943764686584,0.24511447548866272,0.13922859728336334,0.5737837553024292,0.19537566602230072,0.28514161705970764,0.14511990547180176,0.22088190913200378,0.33531978726387024,0.18327969312667847,0.08423291146755219,0.2282845824956894,0.4175654351711273,0.11251963675022125,0.3313439190387726,0.13039983808994293,0.06732077896595001,0.17279359698295593,0.019532551988959312,0.0986962765455246,1.2844725847244263,0.12606056034564972,0.19155196845531464,0.264927476644516,0.10512807220220566,0.14888489246368408,0.669830858707428,0.3486844301223755,0.4588121473789215,0.32743406295776367,1.017051339149475,0.039506033062934875,0.25546935200691223,0.16410352289676666,0.588442325592041,0.3798448443412781,0.8986734747886658,0.3818562924861908,0.1852143108844757,0.15483930706977844,0.28685101866722107,0.3513101041316986,0.2155906707048416,0.2590475380420685,0.09356334060430527,0.15958014130592346,0.20673616230487823,0.8020780682563782,0.1040397360920906,0.2256908267736435,0.33037737011909485,0.0384637713432312,0.11269401013851166,0.28385666012763977,0.23320196568965912,0.43830394744873047,0.09740135073661804,0.3770795166492462,0.36255380511283875,0.24958084523677826,0.5219879150390625,0.6341240406036377,0.4791702926158905,0.485285222530365,0.898768424987793,0.15481624007225037,0.3882562220096588,0.8643646836280823,0.20527693629264832,1.056756615638733,0.1156281977891922,0.18084529042243958,0.12197834253311157,0.20258352160453796,0.2388235181570053,0.18721650540828705,0.1761203557252884,0.20157195627689362,0.1781865656375885,0.5930966734886169,0.507359504699707,0.15623962879180908,1.0340783596038818,0.206448495388031,0.6876650452613831,0.3478788435459137,0.5868797898292542,0.18166233599185944,0.05422358959913254,0.10273536294698715,0.0024041736032813787,-0.04638497158885002
GSE189161_fetal,GR97,11.0,stem_progenitor,656,0.35138702392578125,0.6156570911407471,0.20751166343688965,0.13266819715499878,0.32918891310691833,0.0447220616042614,0.6001481413841248,0.1879286766052246,0.046603165566921234,0.19767965376377106,0.011962058022618294,0.0,0.3671005964279175,0.3606394827365875,0.07007602602243423,0.18759052455425262,0.0956772044301033,0.05818231403827667,0.16596031188964844,0.03421025723218918,0.03878967463970184,0.5734887719154358,0.7352041006088257,0.04654819518327713,0.0533020943403244,0.06499359011650085,0.19996187090873718,0.49552983045578003,0.35973697900772095,0.07156985253095627,0.03996160626411438,0.11309903115034103,0.03698897361755371,0.10833679884672165,0.15062636137008667,0.5364192128181458,0.13643209636211395,0.015272241085767746,0.12426913529634476,0.45884495973587036,0.09133809804916382,0.2101806104183197,0.1975192129611969,0.09813427180051804,0.6680165529251099,0.14248938858509064,0.20408733189105988,0.08215531706809998,0.22955568134784698,0.2682790458202362,0.21752801537513733,0.130308136343956,0.2229699343442917,0.45276185870170593,0.11899512261152267,0.3736468553543091,0.0889289528131485,0.08382011950016022,0.20255371928215027,0.006949350703507662,0.06587795168161392,1.2728018760681152,0.07008009403944016,0.19788701832294464,0.2518571615219116,0.07509581744670868,0.14741234481334686,0.7300849556922913,0.38607320189476013,0.4483925998210907,0.3002992570400238,0.956117570400238,0.03525887802243233,0.19897577166557312,0.15285426378250122,0.5487064719200134,0.4241560995578766,1.0127378702163696,0.31814730167388916,0.17377571761608124,0.18377788364887238,0.21568289399147034,0.3512115478515625,0.22295111417770386,0.3423243463039398,0.10363153368234634,0.22188140451908112,0.2515885829925537,1.132926344871521,0.13503840565681458,0.2558860778808594,0.38892072439193726,0.040502194315195084,0.10414351522922516,0.31160128116607666,0.20216244459152222,0.5185708999633789,0.1242220550775528,0.4903973340988159,0.4800277352333069,0.2504107654094696,0.65959233045578,0.7088407278060913,0.6145796179771423,0.6170445680618286,1.037178874015808,0.17194698750972748,0.5046990513801575,0.9772920608520508,0.23908042907714844,1.240722417831421,0.12494632601737976,0.2067917436361313,0.16532035171985626,0.2699013650417328,0.3351189196109772,0.2250617891550064,0.25086185336112976,0.26994234323501587,0.21058645844459534,0.6778872609138489,0.45159217715263367,0.20714373886585236,1.1000232696533203,0.21908043324947357,0.6624532341957092,0.42956262826919556,0.6498931050300598,0.1836923211812973,0.10134218633174896,0.21219253540039062,-0.017066143453121185,0.05629190430045128
GSE189161_fetal,Samp21,10.0,erythroid,390,0.39409616589546204,0.30707859992980957,0.26226189732551575,0.09082236886024475,0.25329968333244324,0.13143937289714813,0.4107509255409241,0.19599813222885132,0.10934600979089737,0.16392028331756592,0.07534895837306976,0.02921021729707718,0.2430480420589447,0.10767043381929398,0.084816113114357,0.21461698412895203,0.23594911396503448,0.08946869522333145,0.20665955543518066,0.07134729623794556,0.12058304250240326,0.4317600429058075,0.49852919578552246,0.1895856261253357,0.12609267234802246,0.1281522661447525,0.1410316675901413,0.44344642758369446,0.246732696890831,0.15937823057174683,0.10370288044214249,0.058246079832315445,0.1873735934495926,0.17029595375061035,0.1436353474855423,0.5302307605743408,0.22750021517276764,0.1537068635225296,0.5083670020103455,0.7124664187431335,0.18798765540122986,0.43563494086265564,0.3156440556049347,0.25449806451797485,0.5962665677070618,0.39019548892974854,0.3944855034351349,0.3265209496021271,0.3257116377353668,0.5663574934005737,0.35523664951324463,0.2551780045032501,0.47209984064102173,0.6292293071746826,0.18346136808395386,0.35371577739715576,0.1818881630897522,0.15527501702308655,0.4891035854816437,0.20735739171504974,0.2924978733062744,1.651831865310669,0.21907393634319305,0.26737454533576965,0.39436450600624084,0.24175892770290375,0.21901163458824158,0.5986891984939575,0.3451225459575653,0.46248480677604675,0.4340479075908661,0.431972473859787,0.12108565121889114,0.3579593002796173,0.2797227203845978,0.6487617492675781,0.38453245162963867,1.082715630531311,0.47284671664237976,0.2508755922317505,0.17183361947536469,0.4604085385799408,0.25450044870376587,0.16550199687480927,0.19602543115615845,0.0993603840470314,0.19273321330547333,0.22157658636569977,0.5363066792488098,0.1084185391664505,0.1876187026500702,0.2445804625749588,0.08564380556344986,0.16667339205741882,0.3625141680240631,0.24250538647174835,0.2602030336856842,0.12957896292209625,0.23952366411685944,0.30180543661117554,0.17978093028068542,0.5501672625541687,0.6400214433670044,0.4530951976776123,0.3838094174861908,0.6650437712669373,0.10721318423748016,0.3492683470249176,0.8149336576461792,0.1590639352798462,0.7902049422264099,0.1564495712518692,0.18104013800621033,0.14044488966464996,0.2358327955007553,0.3416937291622162,0.1643543541431427,0.15353816747665405,0.13447754085063934,0.16852836310863495,0.5622395873069763,0.5942557454109192,0.2539115250110626,1.0461208820343018,0.16990254819393158,0.3683508038520813,0.3538249135017395,0.3330208361148834,0.21307514607906342,0.13361410796642303,0.051276788115501404,0.22156532108783722,0.10877212136983871
GSE189161_fetal,Samp21,10.0,lymphoid,287,0.3494603633880615,0.25618821382522583,0.1502438336610794,0.08116208016872406,0.1866530328989029,0.09781909734010696,0.36659449338912964,0.17805147171020508,0.13049200177192688,0.11479848623275757,0.06813154369592667,0.02383221499621868,0.2533455193042755,0.13329076766967773,0.04787128046154976,0.1752634197473526,0.23734883964061737,0.10184259712696075,0.1720600724220276,0.04938696697354317,0.14523100852966309,0.295455664396286,0.41879886388778687,0.11609803885221481,0.11402038484811783,0.0660281851887703,0.14520978927612305,0.3323546350002289,0.2158297300338745,0.1382833570241928,0.10136846452951431,0.0659075602889061,0.15672144293785095,0.08659745752811432,0.11974774301052094,0.4616575241088867,0.20278140902519226,0.1924603432416916,0.3998945951461792,0.5521736741065979,0.2988203465938568,0.6587024927139282,0.4619787633419037,0.27681612968444824,0.6557674407958984,0.45637547969818115,0.5836759805679321,0.4803704023361206,0.4453279376029968,0.7029805779457092,0.2887859642505646,0.3248917758464813,0.4098268449306488,0.5393296480178833,0.20478536188602448,0.2956777811050415,0.4079626798629761,0.15116675198078156,0.3866359293460846,0.1992345005273819,0.4220798909664154,1.8868364095687866,0.3358164429664612,0.3658892512321472,0.36818498373031616,0.35993579030036926,0.31587427854537964,0.6914640665054321,0.377585768699646,0.6771087646484375,0.483010858297348,0.3801804482936859,0.18580326437950134,0.46880975365638733,0.26935747265815735,0.8250869512557983,0.4529198706150055,1.142224907875061,0.822876513004303,0.3609968423843384,0.2471245378255844,0.7386682629585266,0.25188687443733215,0.1533847451210022,0.18023695051670074,0.06842270493507385,0.10239692032337189,0.19023172557353973,0.402126282453537,0.07902967184782028,0.12143223732709885,0.17094586789608002,0.09574732929468155,0.13301688432693481,0.21400828659534454,0.18959558010101318,0.18587139248847961,0.12508060038089752,0.219503253698349,0.3047764003276825,0.14322197437286377,0.3705233335494995,0.40474385023117065,0.2817328870296478,0.26426634192466736,0.44159135222435,0.07933149486780167,0.243159219622612,0.664325475692749,0.15321749448776245,0.6677737236022949,0.17097251117229462,0.15779495239257812,0.08710435032844543,0.22260329127311707,0.26414936780929565,0.09944897145032883,0.205406054854393,0.08900054544210434,0.12034162878990173,0.49392402172088623,0.6026018857955933,0.16944126784801483,1.0115395784378052,0.16899681091308594,0.9483436346054077,0.21313372254371643,0.352923184633255,0.1810470074415207,0.15230733156204224,-0.04245542734861374,0.36034929752349854,0.030281566083431244
GSE189161_fetal,Samp21,10.0,myeloid,1097,0.3745622932910919,0.24156129360198975,0.11486446112394333,0.08022606372833252,0.22353015840053558,0.09468452632427216,0.33478572964668274,0.18851138651371002,0.11489386111497879,0.11646725237369537,0.09122642874717712,0.03435947000980377,0.41462716460227966,0.18099430203437805,0.09707630425691605,0.16969451308250427,0.3017277717590332,0.06025559455156326,0.19989505410194397,0.05923473834991455,0.12061618268489838,0.43338143825531006,0.3906707465648651,0.1536722034215927,0.09712192416191101,0.0587945356965065,0.1444297581911087,0.3331274390220642,0.1888325959444046,0.1841915249824524,0.10910771787166595,0.06005154922604561,0.1703983098268509,0.13547879457473755,0.3184225261211395,0.4396778643131256,0.17724303901195526,0.17298537492752075,0.287026584148407,0.36534619331359863,0.09838912636041641,0.2025473713874817,0.16690273582935333,0.17496195435523987,0.3472024202346802,0.18452362716197968,0.19385462999343872,0.12957020103931427,0.12920567393302917,0.24658091366291046,0.21263234317302704,0.14790378510951996,0.3075355589389801,0.311796635389328,0.056045811623334885,0.21856096386909485,0.0982976034283638,0.10726535320281982,0.3518970310688019,0.19450567662715912,0.22929158806800842,0.8635518550872803,0.11739902198314667,0.16243691742420197,0.23629552125930786,0.17801234126091003,0.10720007866621017,0.4693239629268646,0.18790379166603088,0.26628780364990234,0.2889503240585327,0.22503912448883057,0.07548326253890991,0.19975939393043518,0.17703686654567719,0.3914995789527893,0.2960795760154724,0.6909311413764954,0.2988932728767395,0.10557293891906738,0.11715913563966751,0.14513427019119263,0.204475536942482,0.12867668271064758,0.1835326999425888,0.09691980481147766,0.1061294823884964,0.15131160616874695,0.30393898487091064,0.07233276963233948,0.10134244710206985,0.15482200682163239,0.07616554945707321,0.10478751361370087,0.17111507058143616,0.15819098055362701,0.16485251486301422,0.10045301169157028,0.15829071402549744,0.25879696011543274,0.12020458281040192,0.3077712655067444,0.363932728767395,0.29949668049812317,0.27054548263549805,0.4018993675708771,0.07936930656433105,0.2258768379688263,0.47076305747032166,0.1450054794549942,0.43223467469215393,0.1229422315955162,0.16237390041351318,0.15123672783374786,0.1971542090177536,0.20732006430625916,0.11312941461801529,0.10171907395124435,0.08522050082683563,0.10613124817609787,0.34457236528396606,0.302388995885849,0.1827225685119629,0.5132165551185608,0.12716825306415558,0.33486613631248474,0.19585564732551575,0.25645095109939575,0.14833323657512665,-0.10987802594900131,-0.13493712246418,-0.08311036229133606,0.07361242920160294
GSE189161_fetal,Samp21,10.0,stem_progenitor,764,0.30207696557044983,0.30856984853744507,0.13339202105998993,0.10474557429552078,0.22730913758277893,0.09777423739433289,0.3929448127746582,0.20284666121006012,0.13535448908805847,0.12798114120960236,0.06622849404811859,0.026679690927267075,0.3713151514530182,0.17661508917808533,0.06469155102968216,0.14240027964115143,0.21611593663692474,0.08291152119636536,0.17344772815704346,0.04143833369016647,0.12046562135219574,0.36002177000045776,0.43905895948410034,0.10248095542192459,0.0761176273226738,0.04685933142900467,0.14182984828948975,0.31417131423950195,0.20897246897220612,0.13669201731681824,0.10741762071847916,0.07063065469264984,0.1430102437734604,0.09898021072149277,0.1880757212638855,0.5141829252243042,0.16537301242351532,0.19067002832889557,0.33048099279403687,0.4110771417617798,0.0783839225769043,0.1603323221206665,0.12536461651325226,0.15202045440673828,0.37091439962387085,0.1873183399438858,0.1394924521446228,0.06673372536897659,0.136174738407135,0.22582557797431946,0.21638616919517517,0.17749468982219696,0.2828335464000702,0.30799180269241333,0.0701536238193512,0.23409278690814972,0.075407475233078,0.10385369509458542,0.3615913689136505,0.17593929171562195,0.2002093344926834,0.7535414695739746,0.07065039128065109,0.14637678861618042,0.24961401522159576,0.20753113925457,0.10086353868246078,0.4555230736732483,0.23811036348342896,0.24382898211479187,0.27703866362571716,0.2527908682823181,0.07023274898529053,0.16346333920955658,0.16431298851966858,0.3779636323451996,0.257461279630661,0.760084331035614,0.2794468402862549,0.08324617147445679,0.09462658315896988,0.12858356535434723,0.21566420793533325,0.13793256878852844,0.1781734824180603,0.08882959932088852,0.08063764870166779,0.15463854372501373,0.565732479095459,0.08501211553812027,0.12796054780483246,0.18482358753681183,0.07744049280881882,0.09422249346971512,0.19490331411361694,0.13572362065315247,0.24325017631053925,0.12029354274272919,0.21912717819213867,0.27286168932914734,0.1383836418390274,0.43824630975723267,0.4962122142314911,0.31556737422943115,0.2952854037284851,0.55157470703125,0.09499437361955643,0.28501108288764954,0.6166982054710388,0.12391871213912964,0.6159043908119202,0.13997824490070343,0.13948649168014526,0.14386630058288574,0.20619332790374756,0.2551190257072449,0.13175255060195923,0.12242256104946136,0.0856969952583313,0.10358376801013947,0.40367668867111206,0.3016699254512787,0.19411152601242065,0.6253892183303833,0.12662003934383392,0.3970198631286621,0.25329145789146423,0.28594449162483215,0.18727512657642365,-0.08892101049423218,-0.07783572375774384,-0.10076212137937546,0.04107702895998955
GSE189161_fetal,Samp22,13.0,erythroid,221,0.3798544406890869,0.30387553572654724,0.2491188496351242,0.09417940676212311,0.273734986782074,0.13176190853118896,0.3999125063419342,0.21091610193252563,0.13549190759658813,0.1397855430841446,0.11653497815132141,0.04082617908716202,0.25854021310806274,0.15124301612377167,0.06853305548429489,0.1633012741804123,0.17870530486106873,0.09066588431596756,0.2656055688858032,0.07593400031328201,0.1784597933292389,0.3678438663482666,0.47931110858917236,0.17148761451244354,0.14352662861347198,0.07405685633420944,0.17067959904670715,0.36396804451942444,0.26060807704925537,0.22941364347934723,0.09351959824562073,0.06562342494726181,0.22981271147727966,0.11934307962656021,0.08824896812438965,0.5905781984329224,0.17588357627391815,0.20156829059123993,0.47709763050079346,0.6077252626419067,0.1310286819934845,0.4362027645111084,0.28779080510139465,0.21509738266468048,0.49609506130218506,0.33372271060943604,0.33185189962387085,0.25701794028282166,0.27350863814353943,0.5072352290153503,0.31176653504371643,0.2768338620662689,0.4396612346172333,0.5341122150421143,0.1314985305070877,0.27803412079811096,0.19162137806415558,0.15624117851257324,0.4396648108959198,0.19561821222305298,0.36850202083587646,1.562631607055664,0.20153284072875977,0.23226265609264374,0.402350515127182,0.2488696426153183,0.17628903687000275,0.5455450415611267,0.34803852438926697,0.38329192996025085,0.3500400185585022,0.262549489736557,0.1476663500070572,0.29574427008628845,0.21111266314983368,0.6538600325584412,0.40005284547805786,0.950400173664093,0.42519763112068176,0.21683785319328308,0.1277519166469574,0.35436785221099854,0.22057446837425232,0.14470785856246948,0.23966439068317413,0.145268052816391,0.2034953087568283,0.20540004968643188,0.5535830855369568,0.09253310412168503,0.25538888573646545,0.24377545714378357,0.0729631781578064,0.17962083220481873,0.35891011357307434,0.23515838384628296,0.3181992471218109,0.11160057038068771,0.2948962152004242,0.3598617613315582,0.24581588804721832,0.44704923033714294,0.6336677074432373,0.4529210031032562,0.39400896430015564,0.6741549968719482,0.13239245116710663,0.359752893447876,0.7736231088638306,0.18492887914180756,0.8611666560173035,0.2183259278535843,0.20093543827533722,0.1459951251745224,0.28166475892066956,0.33308112621307373,0.17314714193344116,0.18342703580856323,0.1242578774690628,0.1261899322271347,0.5270538330078125,0.6287080645561218,0.26189419627189636,0.9490208625793457,0.11874595284461975,0.3802724778652191,0.33819741010665894,0.28749388456344604,0.20495615899562836,0.1037951186299324,0.06477649509906769,0.14547406136989594,0.11180377751588821
GSE189161_fetal,Samp22,13.0,lymphoid,440,0.3366050124168396,0.3212132453918457,0.12399669736623764,0.14066344499588013,0.1486516147851944,0.10076317936182022,0.40840527415275574,0.16138513386249542,0.12108451128005981,0.11215817183256149,0.05756181851029396,0.03805948421359062,0.23746344447135925,0.1145089790225029,0.04294291511178017,0.15244972705841064,0.19962328672409058,0.09686121344566345,0.18850365281105042,0.05107911676168442,0.09651180356740952,0.2424028366804123,0.2697325646877289,0.12497925013303757,0.09062464535236359,0.05361033231019974,0.10107775777578354,0.31845924258232117,0.15971852838993073,0.177754208445549,0.07055871933698654,0.04558263346552849,0.12415855377912521,0.07804563641548157,0.1606605499982834,0.49158379435539246,0.1885775774717331,0.20166811347007751,0.34402528405189514,0.5357556343078613,0.21355660259723663,0.5407745242118835,0.410100519657135,0.282930463552475,0.606540858745575,0.40216585993766785,0.4181082844734192,0.37477555871009827,0.3662050664424896,0.6123703122138977,0.20547911524772644,0.2743334472179413,0.5228026509284973,0.5880012512207031,0.17249612510204315,0.3016462028026581,0.33690282702445984,0.1289612054824829,0.3473679721355438,0.2660450041294098,0.37619173526763916,1.8714957237243652,0.27463603019714355,0.29590222239494324,0.43068820238113403,0.30268236994743347,0.23797227442264557,0.5433506965637207,0.3434402346611023,0.6215766668319702,0.4326651096343994,0.36208972334861755,0.16260868310928345,0.3933034837245941,0.2143430858850479,0.7934548258781433,0.4226457178592682,1.0732272863388062,0.8371282815933228,0.3004896640777588,0.17131993174552917,0.5519251227378845,0.2702382504940033,0.13336974382400513,0.21243083477020264,0.08246910572052002,0.1376670002937317,0.1363976150751114,0.4559538960456848,0.09484238177537918,0.1003425195813179,0.16270022094249725,0.10408740490674973,0.10140011459589005,0.26680082082748413,0.17004334926605225,0.24724040925502777,0.09974746406078339,0.22100308537483215,0.3368494212627411,0.1426919847726822,0.4080944061279297,0.48774823546409607,0.34881848096847534,0.30600565671920776,0.5761678814888,0.08566942811012268,0.3373247981071472,0.6980883479118347,0.0893160030245781,0.8054342269897461,0.17955879867076874,0.154684379696846,0.11759162694215775,0.21058043837547302,0.1978437304496765,0.1444176584482193,0.22225944697856903,0.13108083605766296,0.12358146905899048,0.5914201140403748,0.7905171513557434,0.22357404232025146,1.028830647468567,0.1374150663614273,1.3390628099441528,0.20268496870994568,0.37826603651046753,0.18829113245010376,0.12705858051776886,-0.0010244109435006976,0.26387444138526917,0.0042515709064900875
GSE189161_fetal,Samp22,13.0,myeloid,584,0.41922345757484436,0.26370149850845337,0.1513916701078415,0.10005462169647217,0.25571420788764954,0.10128948837518692,0.38131067156791687,0.1629919558763504,0.11484165489673615,0.10767581313848495,0.07839915156364441,0.05809806287288666,0.31665676832199097,0.1584111750125885,0.08210360258817673,0.1610928177833557,0.2826891541481018,0.07156449556350708,0.1866886168718338,0.05830911174416542,0.12606380879878998,0.28829699754714966,0.2796328365802765,0.14707502722740173,0.08148550987243652,0.054213810712099075,0.12431412190198898,0.30201733112335205,0.24716348946094513,0.21499574184417725,0.09914105385541916,0.05491316691040993,0.15078656375408173,0.11755581200122833,0.21156400442123413,0.44819384813308716,0.18058538436889648,0.19020052254199982,0.3200511336326599,0.40083757042884827,0.09412005543708801,0.225989431142807,0.13932648301124573,0.2118198722600937,0.3563370704650879,0.1667892038822174,0.17128001153469086,0.14139044284820557,0.2115602344274521,0.24330462515354156,0.17254199087619781,0.1592947095632553,0.2905103266239166,0.3704052269458771,0.054281193763017654,0.20440253615379333,0.10050377994775772,0.1273244321346283,0.33194488286972046,0.2374696135520935,0.25470614433288574,0.8614137768745422,0.14877694845199585,0.1809505820274353,0.29062825441360474,0.19073981046676636,0.1332765519618988,0.42697322368621826,0.24782097339630127,0.3005167841911316,0.27089759707450867,0.15946368873119354,0.07700107246637344,0.2236981838941574,0.13957999646663666,0.40344706177711487,0.27426522970199585,0.693856954574585,0.3136456608772278,0.08977114409208298,0.12625594437122345,0.14583581686019897,0.2373325079679489,0.15316258370876312,0.2022513449192047,0.1381961852312088,0.10313788056373596,0.15154992043972015,0.3924448788166046,0.0965675637125969,0.08756375312805176,0.17211726307868958,0.10915036499500275,0.11354586482048035,0.1706983745098114,0.14874908328056335,0.18505950272083282,0.10828813910484314,0.18250131607055664,0.2658454179763794,0.1438712775707245,0.3186700940132141,0.41564038395881653,0.3295868933200836,0.2884676158428192,0.4445607364177704,0.07632917910814285,0.23263099789619446,0.52618408203125,0.14410656690597534,0.46735695004463196,0.17463065683841705,0.19403354823589325,0.17056423425674438,0.22112992405891418,0.2139434814453125,0.13969452679157257,0.11761845648288727,0.10750383883714676,0.09545870125293732,0.380548357963562,0.4370228350162506,0.19635196030139923,0.547039806842804,0.1489603966474533,0.4509386122226715,0.21918706595897675,0.3039676249027252,0.17888669669628143,-0.07824206352233887,-0.08763117343187332,-0.06821279227733612,0.04995013028383255
GSE189161_fetal,Samp22,13.0,stem_progenitor,655,0.36956822872161865,0.30604928731918335,0.1445181518793106,0.15543781220912933,0.26324495673179626,0.10092134773731232,0.38110634684562683,0.16423384845256805,0.14384616911411285,0.09615153074264526,0.07435478270053864,0.038473960012197495,0.4145113527774811,0.18585176765918732,0.07972915470600128,0.12148550152778625,0.1848093718290329,0.07965297996997833,0.20928806066513062,0.04976975545287132,0.12080943584442139,0.2444649487733841,0.4565545320510864,0.14548197388648987,0.12924762070178986,0.029509181156754494,0.13653145730495453,0.31578052043914795,0.24010880291461945,0.2024656981229782,0.0874405950307846,0.06136256828904152,0.14477157592773438,0.08343945443630219,0.11735803633928299,0.4805046617984772,0.1551980823278427,0.16172118484973907,0.35075217485427856,0.4203973412513733,0.07147551327943802,0.16193675994873047,0.12524569034576416,0.15096627175807953,0.3612266480922699,0.20318260788917542,0.1220625564455986,0.07143319398164749,0.1590910702943802,0.19334928691387177,0.21630072593688965,0.21553201973438263,0.2746177017688751,0.27389419078826904,0.05143478140234947,0.23777493834495544,0.07573264092206955,0.10511162132024765,0.33759817481040955,0.18823419511318207,0.2385546714067459,0.7607138752937317,0.09724331647157669,0.17718347907066345,0.3008515536785126,0.2115143984556198,0.10597005486488342,0.4621266722679138,0.20874831080436707,0.2534990906715393,0.2623961865901947,0.15077990293502808,0.0739947035908699,0.18789461255073547,0.15640906989574432,0.36256521940231323,0.2597784698009491,0.7477977871894836,0.25060608983039856,0.08059055358171463,0.09323348104953766,0.11049386858940125,0.2136143296957016,0.13023921847343445,0.2220906764268875,0.09330538660287857,0.12511342763900757,0.16213762760162354,0.5288982391357422,0.09281714260578156,0.0952242761850357,0.19855733215808868,0.07662805169820786,0.10808951407670975,0.1860659271478653,0.14500556886196136,0.23537331819534302,0.13268311321735382,0.1641339659690857,0.37389492988586426,0.14417243003845215,0.4060635268688202,0.457699179649353,0.34873807430267334,0.350555419921875,0.494403600692749,0.08346318453550339,0.2671736478805542,0.614545464515686,0.15178193151950836,0.585993230342865,0.14308027923107147,0.14110608398914337,0.16804377734661102,0.2139340490102768,0.24733881652355194,0.14184077084064484,0.13950885832309723,0.10211969912052155,0.10795383900403976,0.43763497471809387,0.37699058651924133,0.2269403338432312,0.6627781391143799,0.12973441183567047,0.43980005383491516,0.27542468905448914,0.28594571352005005,0.19454079866409302,-0.07956990599632263,-0.06073654443025589,-0.0996873676776886,0.047965195029973984
GSE189161_fetal,Samp23,14.0,erythroid,229,0.27659299969673157,0.3798723518848419,0.2215786874294281,0.14134466648101807,0.21399790048599243,0.050545528531074524,0.38257721066474915,0.18824878334999084,0.06668674945831299,0.12736152112483978,0.04663330689072609,0.03421275317668915,0.27595311403274536,0.22801275551319122,0.10040736198425293,0.187163308262825,0.13669469952583313,0.08155189454555511,0.16912682354450226,0.04776094853878021,0.04981044679880142,0.4744301736354828,0.39728856086730957,0.06655466556549072,0.07165532559156418,0.08988061547279358,0.14025555551052094,0.40021419525146484,0.2881890535354614,0.15539701282978058,0.08804070949554443,0.0949316993355751,0.13596048951148987,0.09663116186857224,0.07246184349060059,0.545872688293457,0.24530263245105743,0.13726404309272766,0.3865525424480438,0.6494200825691223,0.07997066527605057,0.252079039812088,0.22736038267612457,0.20560431480407715,0.44651132822036743,0.224197119474411,0.26045048236846924,0.14318248629570007,0.20696979761123657,0.3059566915035248,0.2682262361049652,0.16901464760303497,0.35748985409736633,0.5210270881652832,0.21666480600833893,0.23045778274536133,0.13054171204566956,0.12251505255699158,0.4674484133720398,0.09867940843105316,0.28209686279296875,1.1963932514190674,0.11771142482757568,0.16905196011066437,0.3767988085746765,0.22002004086971283,0.12170853465795517,0.540335476398468,0.36382564902305603,0.29610493779182434,0.21430379152297974,0.23813313245773315,0.05396565422415733,0.16907519102096558,0.15564590692520142,0.5385420918464661,0.24337975680828094,0.9498721361160278,0.33332565426826477,0.19329294562339783,0.0799473449587822,0.2680491507053375,0.2864038646221161,0.15871772170066833,0.23866428434848785,0.11151699721813202,0.19287489354610443,0.2760317623615265,0.7598021626472473,0.06505635380744934,0.25354212522506714,0.3121497929096222,0.08886677771806717,0.15321491658687592,0.40317341685295105,0.23442891240119934,0.3263019323348999,0.1674383580684662,0.3468681871891022,0.3722037374973297,0.20218487083911896,0.45892333984375,0.8572824597358704,0.4978680908679962,0.4323970377445221,0.9705213308334351,0.08772820979356766,0.360410213470459,0.7212426066398621,0.11009407788515091,1.0233302116394043,0.13369442522525787,0.11681482940912247,0.15333770215511322,0.2501128315925598,0.2663094997406006,0.21173195540905,0.20248690247535706,0.09687423706054688,0.14441919326782227,0.619324266910553,0.5000500679016113,0.23102538287639618,1.2350581884384155,0.1777602583169937,0.6336274743080139,0.4788893759250641,0.3765224814414978,0.2071785032749176,0.0604681558907032,0.1049145832657814,0.012991286814212799,0.03600113466382027
GSE189161_fetal,Samp23,14.0,lymphoid,415,0.29853495955467224,0.35267335176467896,0.1680605113506317,0.09867024421691895,0.22386546432971954,0.061034660786390305,0.40213990211486816,0.1874910295009613,0.056092411279678345,0.1280682533979416,0.023782923817634583,0.01764264889061451,0.24501830339431763,0.17089416086673737,0.044739484786987305,0.16423681378364563,0.12453794479370117,0.10562701523303986,0.17392376065254211,0.021207407116889954,0.07602105289697647,0.3771277070045471,0.339801549911499,0.06498545408248901,0.10257885605096817,0.07099761813879013,0.12599900364875793,0.3044118583202362,0.19140666723251343,0.10460315644741058,0.06545057892799377,0.08887071907520294,0.11344469338655472,0.06831827759742737,0.07904548943042755,0.4834863245487213,0.18522074818611145,0.16177228093147278,0.42627403140068054,0.7004696130752563,0.22609183192253113,0.7929193377494812,0.41447997093200684,0.30571216344833374,0.7492974996566772,0.5732318162918091,0.6594281792640686,0.4023366868495941,0.5376254320144653,0.7320997714996338,0.24557402729988098,0.2849052846431732,0.42105719447135925,0.6869984865188599,0.3082084059715271,0.35921552777290344,0.42590078711509705,0.128736212849617,0.45522555708885193,0.12461966276168823,0.3945850431919098,1.9311569929122925,0.3525332510471344,0.3154127299785614,0.3628428280353546,0.27628618478775024,0.25369179248809814,0.6747111678123474,0.42382708191871643,0.7155383825302124,0.3836996853351593,0.3510585427284241,0.17091327905654907,0.49099910259246826,0.19360564649105072,0.8564060926437378,0.3955276906490326,1.2068337202072144,0.9346641302108765,0.3343062400817871,0.14930865168571472,0.7120915651321411,0.21921446919441223,0.1298980861902237,0.16167014837265015,0.09422076493501663,0.13170340657234192,0.12524572014808655,0.6005616784095764,0.04084527865052223,0.1255810409784317,0.14408181607723236,0.05552343651652336,0.1419089287519455,0.24540260434150696,0.20119185745716095,0.31676650047302246,0.13317908346652985,0.2822570204734802,0.26149848103523254,0.16274245083332062,0.3794792592525482,0.5903478860855103,0.3673240542411804,0.28992143273353577,0.6703975200653076,0.09018861502408981,0.30603691935539246,0.7328312993049622,0.08197738230228424,0.8057970404624939,0.1304396539926529,0.14426860213279724,0.1491069197654724,0.18642880022525787,0.2418624311685562,0.1404344141483307,0.2467150241136551,0.07221569120883942,0.09285399317741394,0.5701154470443726,0.6120063662528992,0.175441175699234,1.2332438230514526,0.1609780341386795,0.9541710019111633,0.2038358896970749,0.44588330388069153,0.17716290056705475,0.16913428902626038,-0.011318360455334187,0.3618904650211334,-0.020784936845302582
GSE189161_fetal,Samp23,14.0,myeloid,456,0.323457807302475,0.24711363017559052,0.13955296576023102,0.13777346909046173,0.20069079101085663,0.06309786438941956,0.3304749131202698,0.13553141057491302,0.055960360914468765,0.14351066946983337,0.053948428481817245,0.01724662259221077,0.30453234910964966,0.1485598236322403,0.07316954433917999,0.15938019752502441,0.15742133557796478,0.03987155109643936,0.16942261159420013,0.02833608351647854,0.0563039667904377,0.3839455544948578,0.24353812634944916,0.08281037211418152,0.07967820018529892,0.08250559121370316,0.08869417756795883,0.35543501377105713,0.1582660675048828,0.079008087515831,0.06835119426250458,0.07688124477863312,0.10195999592542648,0.08082964271306992,0.18124550580978394,0.4035668671131134,0.21322540938854218,0.1439363956451416,0.3533727526664734,0.399203896522522,0.05912043899297714,0.2309771031141281,0.1718708872795105,0.16674229502677917,0.48693782091140747,0.23626147210597992,0.20591601729393005,0.11498516798019409,0.2055860459804535,0.20454871654510498,0.19842107594013214,0.1163816973567009,0.21363797783851624,0.42298808693885803,0.09763377904891968,0.24684499204158783,0.12166149914264679,0.09026433527469635,0.4172079563140869,0.1487615555524826,0.2956728935241699,1.0154746770858765,0.08190341293811798,0.14407235383987427,0.28838929533958435,0.151672825217247,0.1042204424738884,0.5023697018623352,0.2518666386604309,0.223074272274971,0.18135100603103638,0.1747116893529892,0.07790858298540115,0.14220263063907623,0.17577555775642395,0.5034477114677429,0.22805528342723846,0.8467690944671631,0.2829156517982483,0.11637203395366669,0.09019454568624496,0.1883859485387802,0.27004507184028625,0.13744093477725983,0.1873711496591568,0.10498256236314774,0.12920436263084412,0.22112908959388733,0.5530519485473633,0.05906954035162926,0.11329343914985657,0.2208436280488968,0.057155072689056396,0.09793058782815933,0.33078908920288086,0.15230895578861237,0.291303813457489,0.10306056588888168,0.29241713881492615,0.3752340078353882,0.21608881652355194,0.45837777853012085,0.6754099726676941,0.419282466173172,0.41240063309669495,0.8021581768989563,0.09187765419483185,0.328652024269104,0.6523039937019348,0.11255645006895065,0.8151195049285889,0.1258145421743393,0.14620685577392578,0.11988496780395508,0.22552533447742462,0.1860184520483017,0.1527460813522339,0.13916856050491333,0.08639369904994965,0.11940138041973114,0.48297426104545593,0.4155397117137909,0.1768733263015747,1.013818383216858,0.16415351629257202,0.7661412954330444,0.41208696365356445,0.357153058052063,0.15447230637073517,-0.03496721386909485,0.0007295493269339204,-0.07309785485267639,-0.031364668160676956
GSE189161_fetal,Samp23,14.0,stem_progenitor,1182,0.3186037242412567,0.34601014852523804,0.11046300828456879,0.12016814202070236,0.22658860683441162,0.044104840606451035,0.36580851674079895,0.19832468032836914,0.07200770080089569,0.1362064927816391,0.040610071271657944,0.03825485706329346,0.32746621966362,0.2823314070701599,0.07058274000883102,0.18201561272144318,0.16056664288043976,0.07993105053901672,0.15363922715187073,0.03917212411761284,0.07424856722354889,0.41933420300483704,0.38267314434051514,0.09626179933547974,0.08303651958703995,0.05380667746067047,0.1314222663640976,0.3204001784324646,0.24968531727790833,0.10182900726795197,0.07280024886131287,0.08286686986684799,0.07337002456188202,0.07910118997097015,0.11479371786117554,0.4832189381122589,0.15839171409606934,0.12484797835350037,0.34702205657958984,0.4323931038379669,0.05059444531798363,0.17171187698841095,0.12865965068340302,0.11014863103628159,0.45673424005508423,0.17120781540870667,0.1485648900270462,0.06842804700136185,0.16587448120117188,0.18281316757202148,0.22200247645378113,0.12675906717777252,0.24297736585140228,0.4133652448654175,0.13821177184581757,0.2880776822566986,0.07327041029930115,0.08557099103927612,0.4026866853237152,0.11858946084976196,0.2577953636646271,0.849719762802124,0.060952555388212204,0.14394083619117737,0.24235393106937408,0.17083998024463654,0.10896097123622894,0.4669211208820343,0.25600069761276245,0.21306006610393524,0.17280344665050507,0.19875837862491608,0.05340445041656494,0.091876320540905,0.15039463341236115,0.3914185166358948,0.27292314171791077,0.960598886013031,0.24704205989837646,0.12166467308998108,0.07596267759799957,0.13879679143428802,0.22150634229183197,0.135906383395195,0.1952250748872757,0.105319082736969,0.13562455773353577,0.22779881954193115,0.7832644581794739,0.05939342826604843,0.1387609839439392,0.2695881426334381,0.05282024294137955,0.11059626936912537,0.30419787764549255,0.1661815047264099,0.3481214642524719,0.12474671751260757,0.33349475264549255,0.3506562113761902,0.18294177949428558,0.5812514424324036,0.7615935206413269,0.4257560074329376,0.43178847432136536,0.8929178714752197,0.11340907961130142,0.36227014660835266,0.7670989632606506,0.12584230303764343,0.8876197934150696,0.14161808788776398,0.1440281718969345,0.12024194002151489,0.25295180082321167,0.20102475583553314,0.12738755345344543,0.16035638749599457,0.11059251427650452,0.12725183367729187,0.5353652834892273,0.34492266178131104,0.2032686322927475,1.0564684867858887,0.13927698135375977,0.6861301064491272,0.4205454885959625,0.3975900411605835,0.1686241179704666,-0.029503948986530304,0.03776964917778969,-0.1013643816113472,0.0009105500066652894
GSE189161_fetal,Samp41,15.0,erythroid,277,0.39103952050209045,0.30834314227104187,0.24275937676429749,0.09892749041318893,0.26427537202835083,0.1148076057434082,0.508990466594696,0.207201287150383,0.07036849856376648,0.12232805788516998,0.04752546176314354,0.04757679998874664,0.2071717232465744,0.13347269594669342,0.09920129179954529,0.2583519518375397,0.2279278039932251,0.04429744556546211,0.20562578737735748,0.08126626163721085,0.12598228454589844,0.43205955624580383,0.35433900356292725,0.14100541174411774,0.14152613282203674,0.07549377530813217,0.20357196033000946,0.39603543281555176,0.25481921434402466,0.15846891701221466,0.08746317774057388,0.07869482040405273,0.1741666942834854,0.14075037837028503,0.07344549149274826,0.6218304634094238,0.2744764983654022,0.17509207129478455,0.5080165266990662,0.7002886533737183,0.12716224789619446,0.45406296849250793,0.3724221885204315,0.21712075173854828,0.6104820370674133,0.45165392756462097,0.34991100430488586,0.262106716632843,0.3228047490119934,0.6555009484291077,0.3151375651359558,0.21068455278873444,0.38316527009010315,0.5640092492103577,0.18681655824184418,0.32295477390289307,0.23829910159111023,0.13877639174461365,0.5235195755958557,0.23354800045490265,0.30516812205314636,1.681287169456482,0.24847795069217682,0.23432399332523346,0.44381922483444214,0.35632622241973877,0.17205476760864258,0.5764468908309937,0.4917687475681305,0.44868433475494385,0.4195214807987213,0.3610294461250305,0.08367511630058289,0.2661333978176117,0.2565611004829407,0.8061844110488892,0.4262057840824127,1.1384836435317993,0.4783511459827423,0.1878236085176468,0.13869090378284454,0.4201192557811737,0.3443329334259033,0.267034113407135,0.30433520674705505,0.10024214535951614,0.18636730313301086,0.2956148386001587,0.6016231775283813,0.1158735379576683,0.21174399554729462,0.32663074135780334,0.07268307358026505,0.17290645837783813,0.3906782269477844,0.201350137591362,0.38773244619369507,0.13787496089935303,0.41481178998947144,0.4476355314254761,0.2123802751302719,0.6038159728050232,0.6305721402168274,0.5242595076560974,0.47259092330932617,0.8881903290748596,0.1389371007680893,0.4488433301448822,0.9120436310768127,0.16611993312835693,1.0998272895812988,0.2822698950767517,0.23892691731452942,0.17726489901542664,0.2798824906349182,0.30368170142173767,0.1805901974439621,0.2539771497249603,0.18470695614814758,0.23026752471923828,0.6489589214324951,0.665351152420044,0.3452076315879822,1.0732483863830566,0.14751257002353668,0.6335952877998352,0.3905166685581207,0.4779449999332428,0.2244189977645874,0.19042813777923584,0.1687658429145813,0.21356743574142456,0.09391938894987106
GSE189161_fetal,Samp41,15.0,lymphoid,514,0.36512067914009094,0.30027952790260315,0.13809649646282196,0.1352556049823761,0.21481762826442719,0.08505816012620926,0.45296013355255127,0.20021799206733704,0.07819539308547974,0.12058898061513901,0.07902753353118896,0.046575877815485,0.2825653851032257,0.14543253183364868,0.0814490094780922,0.1971440464258194,0.22791753709316254,0.08165410161018372,0.16393601894378662,0.03517741709947586,0.1344083845615387,0.3391946852207184,0.22236217558383942,0.11554111540317535,0.10045406967401505,0.035911593586206436,0.1639702022075653,0.34540992975234985,0.2079225480556488,0.2135835587978363,0.08190125972032547,0.04835478216409683,0.1535894274711609,0.08859984576702118,0.12761622667312622,0.5616000890731812,0.2194565385580063,0.19121557474136353,0.44747650623321533,0.6897057890892029,0.25813403725624084,0.6827789545059204,0.47512537240982056,0.3382403552532196,0.7589235901832581,0.5608387589454651,0.5718430280685425,0.5136038661003113,0.512566089630127,0.8098487854003906,0.2935725450515747,0.37638598680496216,0.51090008020401,0.6383591294288635,0.26531657576560974,0.37291717529296875,0.431378036737442,0.19501803815364838,0.48285722732543945,0.2365238070487976,0.41355976462364197,2.134108066558838,0.35489824414253235,0.36472439765930176,0.5077937245368958,0.3756847381591797,0.2510361075401306,0.6471421122550964,0.4706902503967285,0.7356224060058594,0.5207535624504089,0.38288614153862,0.14130698144435883,0.37953981757164,0.24577510356903076,1.0219405889511108,0.5295525789260864,1.3045350313186646,0.9640621542930603,0.32683831453323364,0.19344422221183777,0.752954363822937,0.3235076665878296,0.23647047579288483,0.2734684348106384,0.07603495568037033,0.15124627947807312,0.21190562844276428,0.5324848890304565,0.06114521995186806,0.19696345925331116,0.2227134257555008,0.12763549387454987,0.1569376438856125,0.31743356585502625,0.25767287611961365,0.31182003021240234,0.13776308298110962,0.3179400861263275,0.4037748873233795,0.23381201922893524,0.42274942994117737,0.520463764667511,0.45512551069259644,0.30708497762680054,0.6239593625068665,0.09721110016107559,0.33692750334739685,0.7313481569290161,0.13812416791915894,0.9640644192695618,0.19044415652751923,0.1364898830652237,0.1826707124710083,0.2054997682571411,0.18411731719970703,0.19455499947071075,0.19661878049373627,0.17524048686027527,0.23229962587356567,0.5595954656600952,0.7777287364006042,0.24228793382644653,1.1018166542053223,0.15584522485733032,1.1817725896835327,0.17355681955814362,0.4804230332374573,0.21367692947387695,0.24849581718444824,0.07741328328847885,0.4312429428100586,0.03932584822177887
GSE189161_fetal,Samp41,15.0,myeloid,570,0.3795297145843506,0.2939136028289795,0.17425212264060974,0.13315150141716003,0.22877636551856995,0.12345033884048462,0.486222505569458,0.18684037029743195,0.08206304162740707,0.12942057847976685,0.07749047875404358,0.03920945152640343,0.28808218240737915,0.18615663051605225,0.09215717762708664,0.22660329937934875,0.23194706439971924,0.05110061913728714,0.17171137034893036,0.03798842057585716,0.12811638414859772,0.4291490614414215,0.25076210498809814,0.1375270038843155,0.12325083464384079,0.07805732637643814,0.13810670375823975,0.36415067315101624,0.1958567500114441,0.18287892639636993,0.08583131432533264,0.08331213891506195,0.18537169694900513,0.10628907382488251,0.18829037249088287,0.47312718629837036,0.23517128825187683,0.16988694667816162,0.5061453580856323,0.633849561214447,0.14543737471103668,0.33823156356811523,0.3128032982349396,0.2132445126771927,0.5547298789024353,0.3588400185108185,0.25846052169799805,0.20328857004642487,0.27701660990715027,0.37980541586875916,0.2570892870426178,0.19809843599796295,0.36712583899497986,0.5300202965736389,0.15159408748149872,0.28126397728919983,0.1410723477602005,0.14499026536941528,0.4769081473350525,0.23102575540542603,0.28903546929359436,1.3633509874343872,0.19885747134685516,0.2443273663520813,0.38111981749534607,0.29438191652297974,0.15574394166469574,0.5704003572463989,0.3710666596889496,0.4255424439907074,0.31332990527153015,0.25343284010887146,0.07877498120069504,0.2432624101638794,0.262995183467865,0.7070884704589844,0.3678957223892212,0.9875301718711853,0.4545050263404846,0.172937273979187,0.13494756817817688,0.3248627483844757,0.2951675057411194,0.18987086415290833,0.2853671610355377,0.14522145688533783,0.18355341255664825,0.3179125487804413,0.6196267008781433,0.07231254875659943,0.19117401540279388,0.2793329656124115,0.06847845762968063,0.1497119516134262,0.3736972212791443,0.2295924872159958,0.3379441201686859,0.1422692835330963,0.3694290816783905,0.3724558353424072,0.2664702534675598,0.504291832447052,0.6748160123825073,0.598465621471405,0.3634839653968811,0.9035426378250122,0.13930118083953857,0.36287766695022583,0.7487227320671082,0.14429862797260284,0.921557605266571,0.19277341663837433,0.2071664035320282,0.16649137437343597,0.298777312040329,0.21657168865203857,0.15715715289115906,0.2136988490819931,0.16268950700759888,0.1850295513868332,0.5728621482849121,0.6792809367179871,0.24942104518413544,0.9908726811408997,0.15850067138671875,0.7317655682563782,0.31020984053611755,0.5176905393600464,0.2418571561574936,0.1152416542172432,0.11298366636037827,0.11765357851982117,0.06947758793830872
GSE189161_fetal,Samp41,15.0,stem_progenitor,1025,0.3970797061920166,0.34455376863479614,0.12531179189682007,0.16092509031295776,0.23754705488681793,0.09648218750953674,0.5135113000869751,0.24395695328712463,0.10639054328203201,0.15478456020355225,0.07246922701597214,0.03400683030486107,0.279430627822876,0.2811775803565979,0.07364360988140106,0.1940421611070633,0.2249111384153366,0.07398983836174011,0.17778952419757843,0.044481825083494186,0.10792233049869537,0.3942869007587433,0.34067124128341675,0.13244378566741943,0.12122145295143127,0.06498348712921143,0.16485901176929474,0.37958967685699463,0.29864370822906494,0.17624840140342712,0.09033380448818207,0.07751072943210602,0.15570023655891418,0.09453704208135605,0.13039806485176086,0.5667734742164612,0.24343864619731903,0.1892884224653244,0.5183830261230469,0.5853422284126282,0.0957309752702713,0.2443200647830963,0.20938748121261597,0.231276735663414,0.5214896202087402,0.3020172417163849,0.19123241305351257,0.16471067070960999,0.27155888080596924,0.32179003953933716,0.3109603524208069,0.21106436848640442,0.33430758118629456,0.48019489645957947,0.1408568173646927,0.31058022379875183,0.13950850069522858,0.14433185756206512,0.4696499705314636,0.21467392146587372,0.22975745797157288,1.1694633960723877,0.13415822386741638,0.19198954105377197,0.3535991609096527,0.28307580947875977,0.13041862845420837,0.5121574997901917,0.3634853959083557,0.34351447224617004,0.30279770493507385,0.27055105566978455,0.07324207574129105,0.1666029691696167,0.18745116889476776,0.6561495661735535,0.3516406714916229,1.0808980464935303,0.3843774199485779,0.1346568614244461,0.12592244148254395,0.23568762838840485,0.34165430068969727,0.210687518119812,0.3207278251647949,0.11426562815904617,0.20466621220111847,0.26822134852409363,0.7233454585075378,0.11600495874881744,0.19929087162017822,0.332607626914978,0.08002136647701263,0.16361327469348907,0.4052537977695465,0.22331486642360687,0.4355458915233612,0.1327141374349594,0.3407210409641266,0.5022909641265869,0.2668517827987671,0.5500388145446777,0.7199405431747437,0.5867682695388794,0.44177407026290894,0.9471610188484192,0.1189645379781723,0.4053637981414795,0.8426903486251831,0.17127543687820435,1.1186152696609497,0.2183387726545334,0.2370855212211609,0.20991341769695282,0.32456639409065247,0.2534938454627991,0.2051074355840683,0.21423910558223724,0.17779922485351562,0.20895403623580933,0.6312225461006165,0.5627142786979675,0.32046130299568176,1.0121923685073853,0.1767617166042328,0.812984824180603,0.3876522481441498,0.4516884684562683,0.2414497435092926,0.11608337610960007,0.16958248615264893,0.05893658846616745,0.08721740543842316
GSE189161_fetal,Samp42,20.0,erythroid,240,0.4031362533569336,0.3359438478946686,0.27672678232192993,0.1348724365234375,0.23404255509376526,0.11860087513923645,0.5640178322792053,0.27285289764404297,0.15157264471054077,0.09822218120098114,0.1140737384557724,0.04029342159628868,0.21170854568481445,0.1765645444393158,0.09520333260297775,0.17810824513435364,0.2681919038295746,0.060053154826164246,0.1917160302400589,0.05501427501440048,0.19842466711997986,0.30331864953041077,0.45618411898612976,0.15418106317520142,0.14109554886817932,0.042006611824035645,0.19886770844459534,0.41509905457496643,0.32794326543807983,0.2413378357887268,0.11543889343738556,0.1320207566022873,0.16367270052433014,0.1725417524576187,0.08375423401594162,0.5293124914169312,0.2682247757911682,0.22613996267318726,0.4424881637096405,0.719478189945221,0.13567408919334412,0.3424223065376282,0.2578253149986267,0.24014849960803986,0.542087197303772,0.49896442890167236,0.3018505871295929,0.19245319068431854,0.31781208515167236,0.5350016951560974,0.3332209289073944,0.25838932394981384,0.4544067978858948,0.4275338351726532,0.2462257295846939,0.34999528527259827,0.1929345726966858,0.12400482594966888,0.4559827744960785,0.20510075986385345,0.25007715821266174,1.4144623279571533,0.2499840259552002,0.20601747930049896,0.3691515326499939,0.29995086789131165,0.1667676568031311,0.5659783482551575,0.3755400478839874,0.42171984910964966,0.37554195523262024,0.30990520119667053,0.1457950919866562,0.26133784651756287,0.21473832428455353,0.6684898734092712,0.3463597595691681,1.0549553632736206,0.45514175295829773,0.1707356721162796,0.17922896146774292,0.3211217224597931,0.30072489380836487,0.20026619732379913,0.3163713216781616,0.18296779692173004,0.18456551432609558,0.20039322972297668,0.6593073606491089,0.07441233098506927,0.20527681708335876,0.2521432340145111,0.11159320175647736,0.1955849677324295,0.2516074478626251,0.22542129456996918,0.2616952955722809,0.13520163297653198,0.32913699746131897,0.4352612793445587,0.24728746712207794,0.52611243724823,0.5498142838478088,0.4869900941848755,0.3181779980659485,0.6022248864173889,0.13030873239040375,0.3997207283973694,0.795437753200531,0.18766562640666962,0.7033734917640686,0.25899913907051086,0.14447186887264252,0.18482154607772827,0.3243393003940582,0.20371432602405548,0.1657613068819046,0.1578417718410492,0.12761612236499786,0.1682293862104416,0.4832586646080017,0.4344620108604431,0.33072224259376526,0.8606905341148376,0.12535908818244934,0.4449297785758972,0.31617987155914307,0.42146408557891846,0.21355877816677094,0.11176469177007675,0.07086734473705292,0.1554504781961441,0.13764311373233795
GSE189161_fetal,Samp42,20.0,lymphoid,366,0.34764906764030457,0.34213006496429443,0.14330382645130157,0.15132136642932892,0.2185601443052292,0.05390360951423645,0.5114823579788208,0.2509253919124603,0.12170689553022385,0.09017863124608994,0.07576687633991241,0.07774033397436142,0.2717677354812622,0.14471235871315002,0.06471815705299377,0.14587794244289398,0.27945131063461304,0.061525531113147736,0.10768479853868484,0.04390978068113327,0.13990803062915802,0.22624406218528748,0.34319064021110535,0.10395564883947372,0.07677769660949707,0.02627786435186863,0.16467736661434174,0.27737781405448914,0.2584000527858734,0.17280104756355286,0.04103841260075569,0.07233279943466187,0.17234709858894348,0.10051233321428299,0.10092808306217194,0.4572138488292694,0.2318442463874817,0.17714980244636536,0.43820106983184814,0.5742679834365845,0.22839461266994476,0.5635457634925842,0.3924058973789215,0.33159953355789185,0.6904522180557251,0.5759406685829163,0.49681559205055237,0.36816054582595825,0.532051146030426,0.7487459182739258,0.2753879725933075,0.3282226324081421,0.5972896218299866,0.590718150138855,0.2741730809211731,0.3413514196872711,0.41586896777153015,0.18816065788269043,0.4995192289352417,0.21601630747318268,0.34069931507110596,1.9586344957351685,0.42713406682014465,0.303503155708313,0.42907994985580444,0.4044969081878662,0.2762199938297272,0.5809280276298523,0.39626601338386536,0.7252469658851624,0.4951276481151581,0.36765140295028687,0.17833317816257477,0.44893068075180054,0.20337572693824768,0.9056897759437561,0.3690524995326996,1.1485989093780518,0.9832099676132202,0.3497316539287567,0.2079099863767624,0.7232042551040649,0.2698954939842224,0.17475949227809906,0.26336798071861267,0.12854883074760437,0.1477973759174347,0.11233601719141006,0.42747339606285095,0.06376848369836807,0.1046406552195549,0.20611660182476044,0.11392679065465927,0.1548711061477661,0.1597047597169876,0.13476553559303284,0.18350790441036224,0.12009694427251816,0.24883107841014862,0.3128511905670166,0.18745413422584534,0.28476399183273315,0.3167879581451416,0.36774539947509766,0.2466093748807907,0.34067052602767944,0.040892116725444794,0.27105459570884705,0.6245303153991699,0.11819500476121902,0.5097114443778992,0.17516431212425232,0.11507685482501984,0.15194985270500183,0.26430973410606384,0.18016019463539124,0.1289101541042328,0.18372374773025513,0.09510427713394165,0.11704057455062866,0.4274347722530365,0.4184322655200958,0.18170590698719025,0.7826136350631714,0.10761062055826187,0.7643371820449829,0.11484809964895248,0.3770174980163574,0.15141141414642334,0.14537149667739868,-0.07147355377674103,0.3770013749599457,0.029781803488731384
GSE189161_fetal,Samp42,20.0,myeloid,399,0.41065117716789246,0.3230586349964142,0.13599629700183868,0.15278083086013794,0.23270152509212494,0.08958303183317184,0.4655086398124695,0.2262762188911438,0.11544199287891388,0.08822884410619736,0.08004960417747498,0.04717162996530533,0.2769509255886078,0.15376016497612,0.10627672076225281,0.12205721437931061,0.2931016683578491,0.08934883028268814,0.14407755434513092,0.04041767492890358,0.16788683831691742,0.2915545403957367,0.3545101583003998,0.13542214035987854,0.11269059032201767,0.03376651555299759,0.1678386926651001,0.3049764335155487,0.27109387516975403,0.1916818618774414,0.09068839251995087,0.06624237447977066,0.18897202610969543,0.11186441779136658,0.16646894812583923,0.5319697856903076,0.2652145028114319,0.220163956284523,0.3992480933666229,0.5530340075492859,0.11198796331882477,0.2026255577802658,0.19559381902217865,0.22830422222614288,0.448989599943161,0.34828442335128784,0.25542277097702026,0.12775400280952454,0.22541242837905884,0.3032533526420593,0.24617107212543488,0.20044457912445068,0.3415917456150055,0.303453654050827,0.13331730663776398,0.23213474452495575,0.13615527749061584,0.1345936357975006,0.4175042510032654,0.21139216423034668,0.2122095227241516,1.0138407945632935,0.1647219955921173,0.1766517609357834,0.33983564376831055,0.2624923288822174,0.14524111151695251,0.4443441331386566,0.3383035659790039,0.3610006272792816,0.3143666386604309,0.21639569103717804,0.08326533436775208,0.20396235585212708,0.1426570862531662,0.5776111483573914,0.3499988317489624,0.9617949724197388,0.35683003067970276,0.15922729671001434,0.1063079833984375,0.22855612635612488,0.3024788498878479,0.18622763454914093,0.28375622630119324,0.09514449536800385,0.13647179305553436,0.17962424457073212,0.5020829439163208,0.10558100789785385,0.14904052019119263,0.26597219705581665,0.09331346303224564,0.1501002460718155,0.24402812123298645,0.18251721560955048,0.2530089020729065,0.11746711283922195,0.20066353678703308,0.37112197279930115,0.22736608982086182,0.32735675573349,0.37326139211654663,0.5188860297203064,0.282055139541626,0.5145026445388794,0.11490499973297119,0.28662869334220886,0.5743131041526794,0.1335410624742508,0.5737903714179993,0.20214687287807465,0.13718217611312866,0.18005749583244324,0.31807008385658264,0.22288991510868073,0.11686042696237564,0.18353433907032013,0.11753493547439575,0.16368499398231506,0.3897278606891632,0.3741227090358734,0.19723020493984222,0.6801366209983826,0.13790759444236755,0.6125792860984802,0.16850145161151886,0.34644410014152527,0.17893558740615845,-0.0028734863735735416,-0.021112782880663872,0.01660938374698162,0.07406684011220932
GSE189161_fetal,Samp42,20.0,stem_progenitor,991,0.3575476408004761,0.3769519329071045,0.12727656960487366,0.16592703759670258,0.2674763798713684,0.0946444571018219,0.5133239030838013,0.2737756371498108,0.10976090282201767,0.08028480410575867,0.0709194615483284,0.04114566743373871,0.35770174860954285,0.2614632248878479,0.0739741325378418,0.13225242495536804,0.332302063703537,0.07851536571979523,0.12790299952030182,0.041419100016355515,0.14763467013835907,0.3257332146167755,0.5741785764694214,0.12607860565185547,0.11879491060972214,0.024554722011089325,0.19440418481826782,0.3026577830314636,0.335470974445343,0.19767385721206665,0.10318007320165634,0.11874908208847046,0.1452532410621643,0.11091312021017075,0.09069235622882843,0.5475835204124451,0.22570958733558655,0.22555144131183624,0.370190292596817,0.48522016406059265,0.070860855281353,0.15372110903263092,0.1246102824807167,0.19763247668743134,0.3968478739261627,0.34573444724082947,0.1526564657688141,0.06273949146270752,0.16660337150096893,0.27973365783691406,0.27135169506073,0.23097637295722961,0.29266393184661865,0.2633294463157654,0.14858655631542206,0.2273433953523636,0.11770077049732208,0.13909420371055603,0.46109288930892944,0.21480172872543335,0.21589942276477814,0.8467657566070557,0.1339903026819229,0.1998656839132309,0.27639952301979065,0.2515609860420227,0.10161448270082474,0.45318707823753357,0.28478893637657166,0.30061468482017517,0.308822363615036,0.21640972793102264,0.08317054808139801,0.20018161833286285,0.15142686665058136,0.46140363812446594,0.26540401577949524,0.8638115525245667,0.25304079055786133,0.09136306494474411,0.11532722413539886,0.10745488852262497,0.29003873467445374,0.18567368388175964,0.30486252903938293,0.15010878443717957,0.12950663268566132,0.15295791625976562,0.7405564785003662,0.1006566733121872,0.10791999846696854,0.21730981767177582,0.07508691400289536,0.15954239666461945,0.1621520221233368,0.1921217143535614,0.24493224918842316,0.12688733637332916,0.20141226053237915,0.3900083005428314,0.15523801743984222,0.42089664936065674,0.4049423336982727,0.44067075848579407,0.25196853280067444,0.45799630880355835,0.08100005984306335,0.3470316231250763,0.6672795414924622,0.13647380471229553,0.5387463569641113,0.20339499413967133,0.1423456072807312,0.18008007109165192,0.27884191274642944,0.23589587211608887,0.14200478792190552,0.14239588379859924,0.11095433682203293,0.1602790653705597,0.3986131250858307,0.3240644931793213,0.24822919070720673,0.5876596570014954,0.14119268953800201,0.47750672698020935,0.24092429876327515,0.36073675751686096,0.19136227667331696,-0.031179556623101234,-0.02328079380095005,-0.03961687535047531,0.10003230720758438
